t,T_true,T_meas,T_out,setpoint,heater,error,T_pred,lower,upper
0.0,19.0,19.30546103778492,8.0,21.0,1,1.6945389622150806,19.30546103778492,20.5,21.5
1.0,19.0028,19.067968759270954,8.001163552572116,21.0,1,1.9320312407290459,19.067968759270954,20.5,21.5
2.0,19.005599672710517,19.102819463989213,8.00232710356895,21.0,1,1.8971805360107865,19.102819463989213,20.5,21.5
3.0,19.008399018196688,19.07448155649462,8.003490651415223,21.0,1,1.9255184435053785,19.07448155649462,20.5,21.5
4.0,19.011198036523332,19.058254807997464,8.00465419453566,21.0,1,1.9417451920025357,19.058254807997464,20.5,21.5
5.0,19.013996727754936,19.036559685478817,8.005817731354993,21.0,1,1.9634403145211827,19.036559685478817,20.5,21.5
6.0,19.016795091955657,19.12922128118806,8.006981260297962,21.0,1,1.8707787188119411,19.12922128118806,20.5,21.5
7.0,19.019593129189325,19.156589966168106,8.008144779789315,21.0,1,1.8434100338318942,19.156589966168106,20.5,21.5
8.0,19.022390839519446,19.177758521416585,8.009308288253816,21.0,1,1.8222414785834147,19.177758521416585,20.5,21.5
9.0,19.02518822300919,19.207054865805855,8.010471784116246,21.0,1,1.7929451341941451,19.207054865805855,20.5,21.5
10.0,19.027985279721413,19.150180654858897,8.011635265801397,21.0,1,1.8498193451411034,19.150180654858897,20.5,21.5
11.0,19.030782009718628,19.125573458554083,8.012798731734085,21.0,1,1.8744265414459171,19.125573458554083,20.5,21.5
12.0,19.03357841306303,19.097850294444715,8.013962180339146,21.0,1,1.902149705555285,19.097850294444715,20.5,21.5
13.0,19.036374489816485,19.124060575578017,8.015125610041437,21.0,1,1.8759394244219827,19.124060575578017,20.5,21.5
14.0,19.03917024004053,19.105920087210524,8.016289019265846,21.0,1,1.8940799127894756,19.105920087210524,20.5,21.5
15.0,19.041965663796375,19.123280628337948,8.017452406437284,21.0,1,1.8767193716620518,19.123280628337948,20.5,21.5
16.0,19.044760761144904,19.10578258121356,8.018615769980693,21.0,1,1.8942174187864396,19.10578258121356,20.5,21.5
17.0,19.04755553214667,19.12483523292218,8.019779108321048,21.0,1,1.8751647670778198,19.12483523292218,20.5,21.5
18.0,19.050349976861906,19.150848566716654,8.020942419883356,21.0,1,1.849151433283346,19.150848566716654,20.5,21.5
19.0,19.05314409535051,19.14413114378801,8.022105703092665,21.0,1,1.8558688562119912,19.14413114378801,20.5,21.5
20.0,19.05593788767206,19.201372712377236,8.023268956374057,21.0,1,1.7986272876227645,19.201372712377236,20.5,21.5
21.0,19.0587313538858,19.2530194409154,8.024432178152653,21.0,1,1.7469805590846015,19.2530194409154,20.5,21.5
22.0,19.061524494050655,19.22114830949578,8.025595366853622,21.0,1,1.7788516905042187,19.22114830949578,20.5,21.5
23.0,19.064317308225217,19.133687300732003,8.026758520902176,21.0,1,1.866312699267997,19.133687300732003,20.5,21.5
24.0,19.06710979646775,19.20000743308285,8.02792163872357,21.0,1,1.799992566917151,19.20000743308285,20.5,21.5
25.0,19.0699019588362,19.23971906046007,8.029084718743112,21.0,1,1.7602809395399284,19.23971906046007,20.5,21.5
26.0,19.072693795388183,19.289319198617342,8.03024775938616,21.0,1,1.710680801382658,19.289319198617342,20.5,21.5
27.0,19.075485306180983,19.370898612222,8.031410759078128,21.0,1,1.6291013877780003,19.370898612222,20.5,21.5
28.0,19.078276491271563,19.45595123038433,8.032573716244482,21.0,1,1.5440487696156708,19.45595123038433,20.5,21.5
29.0,19.08106735071656,19.394934469250938,8.033736629310743,21.0,1,1.6050655307490622,19.394934469250938,20.5,21.5
30.0,19.08385788457228,19.3369766534294,8.0348994967025,21.0,1,1.6630233465706006,19.3369766534294,20.5,21.5
31.0,19.086648092894706,19.390590962934006,8.036062316845399,21.0,1,1.6094090370659941,19.390590962934006,20.5,21.5
32.0,19.089437975739497,19.328358246121557,8.037225088165146,21.0,1,1.6716417538784434,19.328358246121557,20.5,21.5
33.0,19.09222753316198,19.318244989431925,8.03838780908752,21.0,1,1.6817550105680752,19.318244989431925,20.5,21.5
34.0,19.095016765217167,19.33403866553113,8.039550478038365,21.0,1,1.6659613344688715,19.33403866553113,20.5,21.5
35.0,19.09780567195973,19.366898815897724,8.040713093443596,21.0,1,1.6331011841022764,19.366898815897724,20.5,21.5
36.0,19.100594253444026,19.301380061719307,8.0418756537292,21.0,1,1.698619938280693,19.301380061719307,20.5,21.5
37.0,19.10338250972408,19.301826415671986,8.043038157321238,21.0,1,1.6981735843280141,19.301826415671986,20.5,21.5
38.0,19.1061704408536,19.302759348685704,8.04420060264585,21.0,1,1.6972406513142957,19.302759348685704,20.5,21.5
39.0,19.10895804688596,19.38589880756819,8.045362988129254,21.0,1,1.6141011924318107,19.38589880756819,20.5,21.5
40.0,19.111745327874207,19.314188927581817,8.046525312197746,21.0,1,1.6858110724181827,19.314188927581817,20.5,21.5
41.0,19.11453228387107,19.24235262325025,8.047687573277711,21.0,1,1.7576473767497482,19.24235262325025,20.5,21.5
42.0,19.11731891492895,19.252917533461662,8.048849769795613,21.0,1,1.7470824665383375,19.252917533461662,20.5,21.5
43.0,19.120105221099923,19.241614616697948,8.050011900178008,21.0,1,1.758385383302052,19.241614616697948,20.5,21.5
44.0,19.12289120243574,19.24538694739711,8.05117396285154,21.0,1,1.7546130526028882,19.24538694739711,20.5,21.5
45.0,19.12567685898782,19.356474714446374,8.052335956242944,21.0,1,1.6435252855536255,19.356474714446374,20.5,21.5
46.0,19.12846219080727,19.323258350002572,8.05349787877905,21.0,1,1.6767416499974281,19.323258350002572,20.5,21.5
47.0,19.131247197944862,19.36663117537201,8.054659728886781,21.0,1,1.6333688246279898,19.36663117537201,20.5,21.5
48.0,19.13403188045105,19.347362575450692,8.055821504993164,21.0,1,1.652637424549308,19.347362575450692,20.5,21.5
49.0,19.13681623837596,19.2890493718174,8.05698320552532,21.0,1,1.7109506281826015,19.2890493718174,20.5,21.5
50.0,19.13960027176939,19.26486278211796,8.058144828910477,21.0,1,1.7351372178820412,19.26486278211796,20.5,21.5
51.0,19.14238398068082,19.403088872444435,8.059306373575962,21.0,1,1.5969111275555647,19.403088872444435,20.5,21.5
52.0,19.1451673651594,19.409457559136357,8.060467837949215,21.0,1,1.5905424408636435,19.409457559136357,20.5,21.5
53.0,19.147950425253956,19.396933641409532,8.06162922045778,21.0,1,1.6030663585904676,19.396933641409532,20.5,21.5
54.0,19.150733161012997,19.4917820871597,8.062790519529313,21.0,1,1.5082179128403013,19.4917820871597,20.5,21.5
55.0,19.1535155724847,19.45033728853306,8.063951733591585,21.0,1,1.5496627114669401,19.45033728853306,20.5,21.5
56.0,19.156297659716923,19.28366594534079,8.06511286107248,21.0,1,1.7163340546592103,19.28366594534079,20.5,21.5
57.0,19.159079422757195,19.275499042702233,8.0662739004,21.0,1,1.7245009572977672,19.275499042702233,20.5,21.5
58.0,19.161860861652723,19.30718451806586,8.067434850002265,21.0,1,1.69281548193414,19.30718451806586,20.5,21.5
59.0,19.164641976450394,19.194475330446892,8.068595708307518,21.0,1,1.8055246695531082,19.194475330446892,20.5,21.5
60.0,19.167422767196765,19.264684724399793,8.069756473744125,21.0,1,1.7353152756002075,19.264684724399793,20.5,21.5
61.0,19.170203233938075,19.45481345632076,8.070917144740578,21.0,1,1.5451865436792396,19.45481345632076,20.5,21.5
62.0,19.172983376720236,19.44625833135521,8.072077719725497,21.0,1,1.5537416686447898,19.44625833135521,20.5,21.5
63.0,19.175763195588836,19.47203761120119,8.073238197127631,21.0,1,1.5279623887988087,19.47203761120119,20.5,21.5
64.0,19.178542690589143,19.606429480733983,8.074398575375863,21.0,1,1.3935705192660173,19.606429480733983,20.5,21.5
65.0,19.1813218617661,19.587139279471113,8.075558852899208,21.0,1,1.4128607205288866,19.587139279471113,20.5,21.5
66.0,19.184100709164326,19.468147205468263,8.076719028126819,21.0,1,1.531852794531737,19.468147205468263,20.5,21.5
67.0,19.18687923282812,19.454681618966458,8.077879099487985,21.0,1,1.5453183810335425,19.454681618966458,20.5,21.5
68.0,19.18965743280145,19.429979843734657,8.079039065412141,21.0,1,1.5700201562653433,19.429979843734657,20.5,21.5
69.0,19.192435309127973,19.383273867772495,8.080198924328858,21.0,1,1.6167261322275053,19.383273867772495,20.5,21.5
70.0,19.19521286185101,19.38611071667129,8.081358674667857,21.0,1,1.6138892833287102,19.38611071667129,20.5,21.5
71.0,19.197990091013576,19.43228342628707,8.082518314859005,21.0,1,1.5677165737129286,19.43228342628707,20.5,21.5
72.0,19.200766996658345,19.515455436568487,8.083677843332316,21.0,1,1.4845445634315126,19.515455436568487,20.5,21.5
73.0,19.20354357882768,19.548211734726117,8.084837258517956,21.0,1,1.4517882652738834,19.548211734726117,20.5,21.5
74.0,19.20631983756362,19.592369636602598,8.085996558846244,21.0,1,1.407630363397402,19.592369636602598,20.5,21.5
75.0,19.209095772907876,19.54617493913267,8.087155742747658,21.0,1,1.4538250608673309,19.54617493913267,20.5,21.5
76.0,19.211871384901844,19.52566562554224,8.08831480865283,21.0,1,1.4743343744577615,19.52566562554224,20.5,21.5
77.0,19.214646673586593,19.569256923688002,8.089473754992552,21.0,1,1.4307430763119982,19.569256923688002,20.5,21.5
78.0,19.217421639002875,19.664473247691685,8.09063258019778,21.0,1,1.335526752308315,19.664473247691685,20.5,21.5
79.0,19.220196281191114,19.523365796562437,8.091791282699631,21.0,1,1.4766342034375626,19.523365796562437,20.5,21.5
80.0,19.222970600191417,19.6110822020417,8.092949860929393,21.0,1,1.3889177979582996,19.6110822020417,20.5,21.5
81.0,19.225744596043565,19.613556120655876,8.094108313318515,21.0,1,1.3864438793441245,19.613556120655876,20.5,21.5
82.0,19.22851826878702,19.552991036050056,8.095266638298622,21.0,1,1.4470089639499442,19.552991036050056,20.5,21.5
83.0,19.231291618460922,19.49008966890458,8.09642483430151,21.0,1,1.5099103310954192,19.49008966890458,20.5,21.5
84.0,19.23406464510409,19.51050320216643,8.09758289975915,21.0,1,1.4894967978335707,19.51050320216643,20.5,21.5
85.0,19.23683734875502,19.526932751566825,8.098740833103689,21.0,1,1.4730672484331748,19.526932751566825,20.5,21.5
86.0,19.23960972945189,19.5165654317137,8.09989863276745,21.0,1,1.4834345682862988,19.5165654317137,20.5,21.5
87.0,19.242381787232553,19.369702971265514,8.101056297182947,21.0,1,1.6302970287344856,19.369702971265514,20.5,21.5
88.0,19.245153522134544,19.347163714308742,8.102213824782863,21.0,1,1.652836285691258,19.347163714308742,20.5,21.5
89.0,19.247924934195073,19.3679101643061,8.103371214000079,21.0,1,1.6320898356939004,19.3679101643061,20.5,21.5
90.0,19.250696023451034,19.31191090548531,8.104528463267654,21.0,1,1.688089094514691,19.31191090548531,20.5,21.5
91.0,19.253466789938997,19.25052594013755,8.10568557101884,21.0,1,1.7494740598624503,19.25052594013755,20.5,21.5
92.0,19.256237233695213,19.397279721296975,8.106842535687084,21.0,1,1.6027202787030248,19.397279721296975,20.5,21.5
93.0,19.25900735475561,19.415399808778155,8.107999355706022,21.0,1,1.5846001912218455,19.415399808778155,20.5,21.5
94.0,19.2617771531558,19.37864119672452,8.109156029509489,21.0,1,1.6213588032754807,19.37864119672452,20.5,21.5
95.0,19.264546628931072,19.375708961675247,8.110312555531511,21.0,1,1.6242910383247526,19.375708961675247,20.5,21.5
96.0,19.26731578211639,19.454463115341873,8.111468932206325,21.0,1,1.5455368846581266,19.454463115341873,20.5,21.5
97.0,19.27008461274641,19.39979131748734,8.112625157968363,21.0,1,1.6002086825126582,19.39979131748734,20.5,21.5
98.0,19.272853120855455,19.41929041162674,8.113781231252261,21.0,1,1.58070958837326,19.41929041162674,20.5,21.5
99.0,19.275621306477536,19.408179530278723,8.114937150492867,21.0,1,1.5918204697212772,19.408179530278723,20.5,21.5
100.0,19.27838916964634,19.41360284671786,8.11609291412523,21.0,1,1.5863971532821388,19.41360284671786,20.5,21.5
101.0,19.281156710395233,19.344817722174305,8.117248520584615,21.0,1,1.6551822778256948,19.344817722174305,20.5,21.5
102.0,19.28392392875727,19.383695049591946,8.1184039683065,21.0,1,1.616304950408054,19.383695049591946,20.5,21.5
103.0,19.28669082476518,19.34039371453288,8.119559255726575,21.0,1,1.6596062854671203,19.34039371453288,20.5,21.5
104.0,19.289457398451372,19.42098681226804,8.120714381280749,21.0,1,1.5790131877319595,19.42098681226804,20.5,21.5
105.0,19.292223649847937,19.461399640131507,8.121869343405148,21.0,1,1.538600359868493,19.461399640131507,20.5,21.5
106.0,19.294989578986648,19.53493907482737,8.12302414053612,21.0,1,1.4650609251726294,19.53493907482737,20.5,21.5
107.0,19.297755185898957,19.527673937475935,8.124178771110241,21.0,1,1.4723260625240648,19.527673937475935,20.5,21.5
108.0,19.300520470616,19.503584899371326,8.125333233564303,21.0,1,1.496415100628674,19.503584899371326,20.5,21.5
109.0,19.30328543316859,19.55310382755734,8.126487526335337,21.0,1,1.44689617244266,19.55310382755734,20.5,21.5
110.0,19.306050073587222,19.466800984795455,8.127641647860594,21.0,1,1.533199015204545,19.466800984795455,20.5,21.5
111.0,19.30881439190208,19.444568909444378,8.128795596577563,21.0,1,1.5554310905556221,19.444568909444378,20.5,21.5
112.0,19.311578388143015,19.40486768799448,8.129949370923963,21.0,1,1.5951323120055214,19.40486768799448,20.5,21.5
113.0,19.31434206233957,19.365248110057394,8.131102969337752,21.0,1,1.6347518899426063,19.365248110057394,20.5,21.5
114.0,19.31710541452097,19.25592963240841,8.132256390257123,21.0,1,1.7440703675915898,19.25592963240841,20.5,21.5
115.0,19.319868444716118,19.22333265898774,8.133409632120513,21.0,1,1.77666734101226,19.22333265898774,20.5,21.5
116.0,19.322631152953598,19.3437122425087,8.134562693366599,21.0,1,1.6562877574912989,19.3437122425087,20.5,21.5
117.0,19.32539353926168,19.312978624561843,8.135715572434304,21.0,1,1.6870213754381567,19.312978624561843,20.5,21.5
118.0,19.328155603668314,19.352412792388712,8.136868267762797,21.0,1,1.6475872076112879,19.352412792388712,20.5,21.5
119.0,19.330917346201133,19.3972852649897,8.138020777791494,21.0,1,1.6027147350102986,19.3972852649897,20.5,21.5
120.0,19.333678766887452,19.553472555488405,8.139173100960065,21.0,1,1.4465274445115952,19.553472555488405,20.5,21.5
121.0,19.336439865754265,19.47481823086448,8.140325235708431,21.0,1,1.5251817691355214,19.47481823086448,20.5,21.5
122.0,19.339200642828256,19.575845290794526,8.14147718047677,21.0,1,1.4241547092054745,19.575845290794526,20.5,21.5
123.0,19.341961098135787,19.66953445230004,8.142628933705511,21.0,1,1.3304655476999585,19.66953445230004,20.5,21.5
124.0,19.344721231702902,19.63459083920474,8.143780493835353,21.0,1,1.3654091607952594,19.63459083920474,20.5,21.5
125.0,19.34748104355533,19.539527777819785,8.144931859307247,21.0,1,1.4604722221802149,19.539527777819785,20.5,21.5
126.0,19.35024053371848,19.538392727427627,8.146083028562412,21.0,1,1.4616072725723726,19.538392727427627,20.5,21.5
127.0,19.35299970221745,19.49541192853489,8.147234000042332,21.0,1,1.5045880714651112,19.49541192853489,20.5,21.5
128.0,19.355758549077013,19.51301878705462,8.148384772188757,21.0,1,1.4869812129453805,19.51301878705462,20.5,21.5
129.0,19.358517074321636,19.558710416932335,8.14953534344371,21.0,1,1.4412895830676646,19.558710416932335,20.5,21.5
130.0,19.36127527797546,19.57970880112853,8.150685712249484,21.0,1,1.420291198871471,19.57970880112853,20.5,21.5
131.0,19.364033160062313,19.67133512463093,8.151835877048645,21.0,1,1.3286648753690713,19.67133512463093,20.5,21.5
132.0,19.36679072060571,19.62943888969077,8.152985836284039,21.0,1,1.3705611103092288,19.62943888969077,20.5,21.5
133.0,19.369547959628846,19.576372665369696,8.154135588398784,21.0,1,1.4236273346303037,19.576372665369696,20.5,21.5
134.0,19.3723048771546,19.644366584966598,8.155285131836287,21.0,1,1.3556334150334024,19.644366584966598,20.5,21.5
135.0,19.375061473205538,19.680546081915278,8.156434465040231,21.0,1,1.3194539180847222,19.680546081915278,20.5,21.5
136.0,19.377817747803906,19.481419093138857,8.157583586454585,21.0,1,1.5185809068611427,19.481419093138857,20.5,21.5
137.0,19.380573700971635,19.33771722623721,8.158732494523605,21.0,1,1.66228277376279,19.33771722623721,20.5,21.5
138.0,19.383329332730344,19.36849049746257,8.159881187691834,21.0,1,1.6315095025374298,19.36849049746257,20.5,21.5
139.0,19.386084643101338,19.30573214953254,8.161029664404113,21.0,1,1.6942678504674618,19.30573214953254,20.5,21.5
140.0,19.388839632105597,19.286858743588347,8.162177923105567,21.0,1,1.713141256411653,19.286858743588347,20.5,21.5
141.0,19.391594299763796,19.405992100709632,8.163325962241622,21.0,1,1.594007899290368,19.405992100709632,20.5,21.5
142.0,19.39434864609629,19.630654032185753,8.164473780258,21.0,1,1.3693459678142474,19.630654032185753,20.5,21.5
143.0,19.397102671123122,19.64560582479576,8.165621375600718,21.0,1,1.3543941752042414,19.64560582479576,20.5,21.5
144.0,19.39985637486402,19.634766079651783,8.166768746716102,21.0,1,1.3652339203482171,19.634766079651783,20.5,21.5
145.0,19.40260975733839,19.6093396777012,8.167915892050777,21.0,1,1.3906603222987997,19.6093396777012,20.5,21.5
146.0,19.405362818565333,19.624854688615642,8.169062810051674,21.0,1,1.3751453113843581,19.624854688615642,20.5,21.5
147.0,19.40811555856363,19.5902418235489,8.170209499166033,21.0,1,1.4097581764510991,19.5902418235489,20.5,21.5
148.0,19.41086797735175,19.61170313900919,8.171355957841401,21.0,1,1.3882968609908097,19.61170313900919,20.5,21.5
149.0,19.413620074947847,19.665568824743296,8.172502184525642,21.0,1,1.3344311752567037,19.665568824743296,20.5,21.5
150.0,19.416371851369764,19.67255550240986,8.17364817766693,21.0,1,1.3274444975901396,19.67255550240986,20.5,21.5
151.0,19.419123306635022,19.717590053614742,8.174793935713756,21.0,1,1.2824099463852576,19.717590053614742,20.5,21.5
152.0,19.42187444076084,19.687184189868155,8.17593945711493,21.0,1,1.3128158101318448,19.687184189868155,20.5,21.5
153.0,19.42462525376411,19.60844064078323,8.177084740319584,21.0,1,1.391559359216771,19.60844064078323,20.5,21.5
154.0,19.42737574566142,19.488972544561932,8.178229783777166,21.0,1,1.511027455438068,19.488972544561932,20.5,21.5
155.0,19.43012591646904,19.48550891899314,8.179374585937458,21.0,1,1.5144910810068595,19.48550891899314,20.5,21.5
156.0,19.432875766202937,19.41538240621187,8.18051914525056,21.0,1,1.5846175937881313,19.41538240621187,20.5,21.5
157.0,19.435625294878747,19.531397373390178,8.181663460166908,21.0,1,1.4686026266098224,19.531397373390178,20.5,21.5
158.0,19.438374502511806,19.511874821209254,8.18280752913726,21.0,1,1.488125178790746,19.511874821209254,20.5,21.5
159.0,19.44112338911713,19.59879486079783,8.18395135061272,21.0,1,1.401205139202169,19.59879486079783,20.5,21.5
160.0,19.44387195470943,19.65150146445078,8.185094923044714,21.0,1,1.3484985355492185,19.65150146445078,20.5,21.5
161.0,19.446620199303098,19.645319855919773,8.186238244885013,21.0,1,1.354680144080227,19.645319855919773,20.5,21.5
162.0,19.449368122912215,19.548845668471575,8.187381314585725,21.0,1,1.451154331528425,19.548845668471575,20.5,21.5
163.0,19.45211572555055,19.639005397859034,8.188524130599298,21.0,1,1.3609946021409662,19.639005397859034,20.5,21.5
164.0,19.45486300723156,19.668007654646235,8.189666691378525,21.0,1,1.3319923453537648,19.668007654646235,20.5,21.5
165.0,19.457609967968388,19.532876529845424,8.190808995376544,21.0,1,1.4671234701545757,19.532876529845424,20.5,21.5
166.0,19.46035660777387,19.45541637507916,8.191951041046844,21.0,1,1.5445836249208398,19.45541637507916,20.5,21.5
167.0,19.463102926660525,19.47550455652406,8.193092826843257,21.0,1,1.5244954434759386,19.47550455652406,20.5,21.5
168.0,19.46584892464056,19.438493827870595,8.194234351219972,21.0,1,1.5615061721294055,19.438493827870595,20.5,21.5
169.0,19.468594601725876,19.445387562715062,8.19537561263153,21.0,1,1.5546124372849377,19.445387562715062,20.5,21.5
170.0,19.471339957928055,19.502599365352815,8.19651660953283,21.0,1,1.4974006346471853,19.502599365352815,20.5,21.5
171.0,19.474084993258376,19.616742457295327,8.197657340379125,21.0,1,1.3832575427046727,19.616742457295327,20.5,21.5
172.0,19.476829707727802,19.66373431379629,8.198797803626034,21.0,1,1.33626568620371,19.66373431379629,20.5,21.5
173.0,19.47957410134698,19.640191937083824,8.199937997729533,21.0,1,1.3598080629161764,19.640191937083824,20.5,21.5
174.0,19.482318174126256,19.557888387943834,8.201077921145965,21.0,1,1.4421116120561663,19.557888387943834,20.5,21.5
175.0,19.48506192607566,19.54506783151474,8.202217572332039,21.0,1,1.4549321684852607,19.54506783151474,20.5,21.5
176.0,19.48780535720491,19.483022163682392,8.20335694974483,21.0,1,1.5169778363176079,19.483022163682392,20.5,21.5
177.0,19.490548467523418,19.442422543198273,8.20449605184179,21.0,1,1.5575774568017273,19.442422543198273,20.5,21.5
178.0,19.49329125704028,19.50427336581574,8.205634877080739,21.0,1,1.4957266341842583,19.50427336581574,20.5,21.5
179.0,19.49603372576429,19.61626842288522,8.20677342391987,21.0,1,1.38373157711478,19.61626842288522,20.5,21.5
180.0,19.49877587370392,19.68848333067017,8.20791169081776,21.0,1,1.31151666932983,19.68848333067017,20.5,21.5
181.0,19.501517700867343,19.702382479733778,8.209049676233356,21.0,1,1.297617520266222,19.702382479733778,20.5,21.5
182.0,19.504259207262415,19.682026640017163,8.210187378625994,21.0,1,1.3179733599828367,19.682026640017163,20.5,21.5
183.0,19.507000392896686,19.692561845898837,8.211324796455388,21.0,1,1.3074381541011633,19.692561845898837,20.5,21.5
184.0,19.509741257777396,19.667298438129876,8.212461928181641,21.0,1,1.332701561870124,19.667298438129876,20.5,21.5
185.0,19.512481801911477,19.65447358881157,8.21359877226524,21.0,1,1.3455264111884304,19.65447358881157,20.5,21.5
186.0,19.515222025305548,19.66692271254077,8.214735327167062,21.0,1,1.3330772874592292,19.66692271254077,20.5,21.5
187.0,19.51796192796592,19.61544812649803,8.21587159134838,21.0,1,1.3845518735019695,19.61544812649803,20.5,21.5
188.0,19.520701509898597,19.59659988277675,8.217007563270853,21.0,1,1.4034001172232493,19.59659988277675,20.5,21.5
189.0,19.52344077110927,19.62178516156613,8.218143241396543,21.0,1,1.3782148384338697,19.62178516156613,20.5,21.5
190.0,19.52617971160333,19.551569642939675,8.219278624187904,21.0,1,1.4484303570603245,19.551569642939675,20.5,21.5
191.0,19.528918331385846,19.59082676225632,8.220413710107792,21.0,1,1.4091732377436799,19.59082676225632,20.5,21.5
192.0,19.53165663046159,19.717696518721613,8.221548497619468,21.0,1,1.2823034812783867,19.717696518721613,20.5,21.5
193.0,19.534394608835022,19.72245213337567,8.22268298518659,21.0,1,1.2775478666243316,19.72245213337567,20.5,21.5
194.0,19.53713226651029,19.74193035681697,8.22381717127323,21.0,1,1.2580696431830312,19.74193035681697,20.5,21.5
195.0,19.539869603491244,19.835551957909793,8.224951054343865,21.0,1,1.164448042090207,19.835551957909793,20.5,21.5
196.0,19.542606619781413,19.884110078131886,8.226084632863378,21.0,1,1.1158899218681135,19.884110078131886,20.5,21.5
197.0,19.54534331538403,19.847059293813295,8.22721790529707,21.0,1,1.1529407061867047,19.847059293813295,20.5,21.5
198.0,19.548079690302014,19.89124338160545,8.228350870110656,21.0,1,1.1087566183945512,19.89124338160545,20.5,21.5
199.0,19.550815744537974,19.770239518093838,8.229483525770263,21.0,1,1.2297604819061618,19.770239518093838,20.5,21.5
200.0,19.55355147809422,19.73792451684493,8.23061587074244,21.0,1,1.2620754831550691,19.73792451684493,20.5,21.5
201.0,19.55628689097275,19.81801250208418,8.231747903494158,21.0,1,1.18198749791582,19.81801250208418,20.5,21.5
202.0,19.559021983175253,19.82565711530909,8.232879622492806,21.0,1,1.1743428846909083,19.82565711530909,20.5,21.5
203.0,19.561756754703115,19.65954174071394,8.234011026206202,21.0,1,1.3404582592860592,19.65954174071394,20.5,21.5
204.0,19.564491205557417,19.625378311672385,8.23514211310259,21.0,1,1.3746216883276148,19.625378311672385,20.5,21.5
205.0,19.567225335738925,19.632275955469364,8.236272881650642,21.0,1,1.367724044530636,19.632275955469364,20.5,21.5
206.0,19.569959145248106,19.427751034647546,8.23740333031946,21.0,1,1.572248965352454,19.427751034647546,20.5,21.5
207.0,19.57269263408512,19.385676426791086,8.238533457578582,21.0,1,1.6143235732089138,19.385676426791086,20.5,21.5
208.0,19.575425802249818,19.458764865698935,8.239663261897977,21.0,1,1.5412351343010648,19.458764865698935,20.5,21.5
209.0,19.57815864974175,19.57724145169153,8.240792741748056,21.0,1,1.4227585483084688,19.57724145169153,20.5,21.5
210.0,19.58089117656015,19.59927844481958,8.241921895599667,21.0,1,1.4007215551804215,19.59927844481958,20.5,21.5
211.0,19.58362338270396,19.706617147880362,8.2430507219241,21.0,1,1.2933828521196382,19.706617147880362,20.5,21.5
212.0,19.586355268171804,19.722743772588792,8.244179219193086,21.0,1,1.2772562274112076,19.722743772588792,20.5,21.5
213.0,19.589086832962007,19.78392871038734,8.245307385878803,21.0,1,1.2160712896126604,19.78392871038734,20.5,21.5
214.0,19.591818077072592,19.82719976645109,8.246435220453877,21.0,1,1.1728002335489087,19.82719976645109,20.5,21.5
215.0,19.594549000501267,19.760623489314003,8.247562721391386,21.0,1,1.2393765106859966,19.760623489314003,20.5,21.5
216.0,19.597279603245447,19.73888956883475,8.248689887164854,21.0,1,1.2611104311652497,19.73888956883475,20.5,21.5
217.0,19.60000988530223,19.71644777766127,8.249816716248265,21.0,1,1.2835522223387308,19.71644777766127,20.5,21.5
218.0,19.60273984666842,19.728691808032096,8.250943207116054,21.0,1,1.2713081919679041,19.728691808032096,20.5,21.5
219.0,19.60546948734051,19.659726904430947,8.252069358243114,21.0,1,1.340273095569053,19.659726904430947,20.5,21.5
220.0,19.60819880731469,19.70060670921988,8.253195168104801,21.0,1,1.2993932907801202,19.70060670921988,20.5,21.5
221.0,19.610927806586847,19.747686342609907,8.254320635176933,21.0,1,1.2523136573900935,19.747686342609907,20.5,21.5
222.0,19.613656485152564,19.754461292774966,8.25544575793579,21.0,1,1.245538707225034,19.754461292774966,20.5,21.5
223.0,19.616384843007122,19.67049388280214,8.256570534858119,21.0,1,1.3295061171978588,19.67049388280214,20.5,21.5
224.0,19.619112880145494,19.694280547921103,8.257694964421134,21.0,1,1.3057194520788968,19.694280547921103,20.5,21.5
225.0,19.62184059656235,19.785415140926382,8.25881904510252,21.0,1,1.214584859073618,19.785415140926382,20.5,21.5
226.0,19.624567992252057,19.812733866258434,8.259942775380438,21.0,1,1.1872661337415664,19.812733866258434,20.5,21.5
227.0,19.62729506720868,19.890256254013345,8.261066153733516,21.0,1,1.1097437459866555,19.890256254013345,20.5,21.5
228.0,19.630021821425988,19.878194035845297,8.262189178640865,21.0,1,1.121805964154703,19.878194035845297,20.5,21.5
229.0,19.632748254897432,19.943814850168536,8.26331184858207,21.0,1,1.0561851498314638,19.943814850168536,20.5,21.5
230.0,19.63547436761617,19.855430001776476,8.264434162037203,21.0,1,1.144569998223524,19.855430001776476,20.5,21.5
231.0,19.638200159575053,19.833711570421084,8.265556117486808,21.0,1,1.1662884295789162,19.833711570421084,20.5,21.5
232.0,19.640925630766635,19.913525819828997,8.266677713411926,21.0,1,1.0864741801710025,19.913525819828997,20.5,21.5
233.0,19.643650781183165,20.02446426944544,8.267798948294075,21.0,1,0.9755357305545616,20.02446426944544,20.5,21.5
234.0,19.646375610816587,19.868572417024467,8.268919820615265,21.0,1,1.1314275829755331,19.868572417024467,20.5,21.5
235.0,19.64910011965855,19.814629592604728,8.270040328858,21.0,1,1.185370407395272,19.814629592604728,20.5,21.5
236.0,19.651824307700387,19.752833747140592,8.271160471505274,21.0,1,1.247166252859408,19.752833747140592,20.5,21.5
237.0,19.654548174933147,19.644010909334995,8.272280247040575,21.0,1,1.3559890906650054,19.644010909334995,20.5,21.5
238.0,19.65727172134757,19.529053218099733,8.273399653947887,21.0,1,1.4709467819002668,19.529053218099733,20.5,21.5
239.0,19.65999494693409,19.673680584562838,8.274518690711702,21.0,1,1.3263194154371618,19.673680584562838,20.5,21.5
240.0,19.662717851682846,19.78497496217953,8.275637355816999,21.0,1,1.215025037820471,19.78497496217953,20.5,21.5
241.0,19.665440435583672,19.71320143707722,8.276755647749273,21.0,1,1.2867985629227796,19.71320143707722,20.5,21.5
242.0,19.668162698626105,19.736062246481147,8.277873564994515,21.0,1,1.263937753518853,19.736062246481147,20.5,21.5
243.0,19.67088464079938,19.799833244699077,8.278991106039228,21.0,1,1.2001667553009234,19.799833244699077,20.5,21.5
244.0,19.673606262092427,19.79293930117067,8.280108269370427,21.0,1,1.2070606988293306,19.79293930117067,20.5,21.5
245.0,19.67632756249388,19.838946467284995,8.28122505347563,21.0,1,1.1610535327150053,19.838946467284995,20.5,21.5
246.0,19.679048541992078,19.928402049619205,8.282341456842877,21.0,1,1.071597950380795,19.928402049619205,20.5,21.5
247.0,19.681769200575047,19.921942308361018,8.283457477960717,21.0,1,1.078057691638982,19.921942308361018,20.5,21.5
248.0,19.684489538230526,20.003835822727904,8.284573115318219,21.0,1,0.9961641772720959,20.003835822727904,20.5,21.5
249.0,19.687209554945944,19.873263979983125,8.285688367404973,21.0,1,1.1267360200168746,19.873263979983125,20.5,21.5
250.0,19.689929250708435,19.830453904180803,8.28680323271109,21.0,1,1.1695460958191966,19.830453904180803,20.5,21.5
251.0,19.692648625504834,19.853985578817436,8.287917709727203,21.0,1,1.1460144211825636,19.853985578817436,20.5,21.5
252.0,19.695367679321677,19.850392203466477,8.289031796944471,21.0,1,1.1496077965335232,19.850392203466477,20.5,21.5
253.0,19.6980864121452,19.770665320654405,8.290145492854583,21.0,1,1.2293346793455946,19.770665320654405,20.5,21.5
254.0,19.700804823961345,19.9298826346026,8.291258795949755,21.0,1,1.070117365397401,19.9298826346026,20.5,21.5
255.0,19.703522914755744,19.970392509027086,8.292371704722736,21.0,1,1.0296074909729143,19.970392509027086,20.5,21.5
256.0,19.706240684513737,20.02883858880624,8.29348421766681,21.0,1,0.9711614111937585,20.02883858880624,20.5,21.5
257.0,19.708958133220367,20.004681758446072,8.294596333275795,21.0,1,0.9953182415539281,20.004681758446072,20.5,21.5
258.0,19.71167526086038,20.017169435969212,8.295708050044047,21.0,1,0.9828305640307882,20.017169435969212,20.5,21.5
259.0,19.714392067418213,20.013857329717695,8.296819366466464,21.0,1,0.9861426702823053,20.013857329717695,20.5,21.5
260.0,19.717108552878024,20.022331600066998,8.297930281038482,21.0,1,0.9776683999330018,20.022331600066998,20.5,21.5
261.0,19.719824717223656,19.956384930382832,8.299040792256086,21.0,1,1.043615069617168,19.956384930382832,20.5,21.5
262.0,19.722540560438663,19.995361512600915,8.300150898615806,21.0,1,1.0046384873990846,19.995361512600915,20.5,21.5
263.0,19.7252560825063,19.904721998976374,8.301260598614716,21.0,1,1.095278001023626,19.904721998976374,20.5,21.5
264.0,19.72797128340952,19.832806087671365,8.302369890750445,21.0,1,1.167193912328635,19.832806087671365,20.5,21.5
265.0,19.730686163130986,19.791581059899034,8.30347877352117,21.0,1,1.208418940100966,19.791581059899034,20.5,21.5
266.0,19.733400721653066,19.827321397868683,8.304587245425628,21.0,1,1.1726786021313167,19.827321397868683,20.5,21.5
267.0,19.73611495895782,19.832758106835293,8.305695304963105,21.0,1,1.1672418931647073,19.832758106835293,20.5,21.5
268.0,19.73882887502702,19.93099202037581,8.306802950633452,21.0,1,1.069007979624189,19.93099202037581,20.5,21.5
269.0,19.74154246984214,20.00531737963437,8.307910180937077,21.0,1,0.99468262036563,20.00531737963437,20.5,21.5
270.0,19.74425574338436,20.075718271894427,8.309016994374947,21.0,1,0.9242817281055729,20.075718271894427,20.5,21.5
271.0,19.74696869563456,20.079547570240816,8.310123389448602,21.0,1,0.9204524297591838,20.079547570240816,20.5,21.5
272.0,19.749681326573324,20.104276222799104,8.31122936466014,21.0,1,0.8957237772008959,20.104276222799104,20.5,21.5
273.0,19.75239363618094,20.118959813973987,8.312334918512233,21.0,1,0.8810401860260129,20.118959813973987,20.5,21.5
274.0,19.755105624437405,19.92256287265523,8.31344004950812,21.0,1,1.0774371273447692,19.92256287265523,20.5,21.5
275.0,19.757817291322418,19.854424941162478,8.314544756151614,21.0,1,1.1455750588375224,19.854424941162478,20.5,21.5
276.0,19.760528636815383,19.838344090280366,8.315649036947102,21.0,1,1.1616559097196344,19.838344090280366,20.5,21.5
277.0,19.763239660895408,19.733284392209498,8.316752890399549,21.0,1,1.266715607790502,19.733284392209498,20.5,21.5
278.0,19.765950363541307,19.837303116072622,8.317856315014497,21.0,1,1.162696883927378,19.837303116072622,20.5,21.5
279.0,19.7686607447316,19.952039904809503,8.31895930929807,21.0,1,1.047960095190497,19.952039904809503,20.5,21.5
280.0,19.771370804444516,19.897504126665115,8.320061871756971,21.0,1,1.1024958733348846,19.897504126665115,20.5,21.5
281.0,19.774080542657977,19.85982516022314,8.321164000898493,21.0,1,1.1401748397768614,19.85982516022314,20.5,21.5
282.0,19.776789959349625,19.96663100845421,8.322265695230511,21.0,1,1.0333689915457889,19.96663100845421,20.5,21.5
283.0,19.7794990544968,19.930559928955816,8.323366953261491,21.0,1,1.069440071044184,19.930559928955816,20.5,21.5
284.0,19.78220782807655,20.076961074817362,8.32446777350049,21.0,1,0.9230389251826381,20.076961074817362,20.5,21.5
285.0,19.784916280065637,20.090401508306748,8.325568154457157,21.0,1,0.9095984916932522,20.090401508306748,20.5,21.5
286.0,19.787624410440515,20.134615192028768,8.326668094641734,21.0,1,0.8653848079712319,20.134615192028768,20.5,21.5
287.0,19.790332219177355,20.174853878099253,8.327767592565063,21.0,1,0.8251461219007474,20.174853878099253,20.5,21.5
288.0,19.79303970625203,20.0470729525489,8.328866646738582,21.0,1,0.9529270474511016,20.0470729525489,20.5,21.5
289.0,19.79574687164013,19.952588333497808,8.329965255674335,21.0,1,1.0474116665021924,19.952588333497808,20.5,21.5
290.0,19.79845371531694,20.01985798262855,8.331063417884959,21.0,1,0.980142017371449,20.01985798262855,20.5,21.5
291.0,19.801160237257452,20.15051071885727,8.332161131883703,21.0,1,0.8494892811427306,20.15051071885727,20.5,21.5
292.0,19.803866437436376,19.985566017454662,8.333258396184425,21.0,1,1.014433982545338,19.985566017454662,20.5,21.5
293.0,19.806572315828127,19.97253155698207,8.334355209301583,21.0,1,1.0274684430179306,19.97253155698207,20.5,21.5
294.0,19.80927787240682,19.9701865566388,8.335451569750255,21.0,1,1.0298134433611992,19.9701865566388,20.5,21.5
295.0,19.81198310714629,19.932871666699892,8.336547476046126,21.0,1,1.0671283333001078,19.932871666699892,20.5,21.5
296.0,19.81468802002007,19.809477522411136,8.337642926705499,21.0,1,1.190522477588864,19.809477522411136,20.5,21.5
297.0,19.81739261100141,19.97887266305387,8.338737920245292,21.0,1,1.0211273369461296,19.97887266305387,20.5,21.5
298.0,19.820096880063257,20.10822074156631,8.339832455183041,21.0,1,0.8917792584336901,20.10822074156631,20.5,21.5
299.0,19.82280082717828,20.081520254416606,8.340926530036906,21.0,1,0.9184797455833937,20.081520254416606,20.5,21.5
300.0,19.825504452318853,20.09706892473782,8.34202014332567,21.0,1,0.9029310752621811,20.09706892473782,20.5,21.5
301.0,19.828207755457054,20.05658631465289,8.343113293568734,21.0,1,0.9434136853471102,20.05658631465289,20.5,21.5
302.0,19.830910736564675,20.113532215418655,8.344205979286135,21.0,1,0.8864677845813453,20.113532215418655,20.5,21.5
303.0,19.83361339561322,20.07523243928684,8.345298198998535,21.0,1,0.9247675607131605,20.07523243928684,20.5,21.5
304.0,19.836315732573897,20.195287754400674,8.346389951227225,21.0,1,0.8047122455993261,20.195287754400674,20.5,21.5
305.0,19.83901774741763,20.190941826785412,8.347481234494131,21.0,1,0.8090581732145878,20.190941826785412,20.5,21.5
306.0,19.841719440115043,20.28026334744954,8.348572047321815,21.0,1,0.7197366525504592,20.28026334744954,20.5,21.5
307.0,19.844420810636485,20.19789671416572,8.349662388233474,21.0,1,0.8021032858342814,20.19789671416572,20.5,21.5
308.0,19.847121858952004,20.20998740876601,8.350752255752944,21.0,1,0.7900125912339888,20.20998740876601,20.5,21.5
309.0,19.849822585031365,20.143487061981734,8.351841648404703,21.0,1,0.8565129380182661,20.143487061981734,20.5,21.5
310.0,19.85252298884404,20.137996036988632,8.35293056471387,21.0,1,0.8620039630113681,20.137996036988632,20.5,21.5
311.0,19.855223070359212,20.062996607167285,8.35401900320621,21.0,1,0.9370033928327146,20.062996607167285,20.5,21.5
312.0,19.85792282954578,19.98539663875111,8.355106962408136,21.0,1,1.0146033612488914,19.98539663875111,20.5,21.5
313.0,19.860622266372353,20.002000482177813,8.35619444084671,21.0,1,0.997999517822187,20.002000482177813,20.5,21.5
314.0,19.863321380807246,20.01643492733529,8.357281437049643,21.0,1,0.9835650726647103,20.01643492733529,20.5,21.5
315.0,19.866020172818494,19.963713261313618,8.3583679495453,21.0,1,1.0362867386863819,19.963713261313618,20.5,21.5
316.0,19.86871864237384,20.000082128144577,8.3594539768627,21.0,1,0.9999178718554234,20.000082128144577,20.5,21.5
317.0,19.871416789440737,20.07838790155769,8.36053951753152,21.0,1,0.92161209844231,20.07838790155769,20.5,21.5
318.0,19.874114613986354,20.02220495020608,8.361624570082093,21.0,1,0.9777950497939187,20.02220495020608,20.5,21.5
319.0,19.87681211597757,19.96738434919116,8.362709133045417,21.0,1,1.0326156508088395,19.96738434919116,20.5,21.5
320.0,19.879509295380984,20.02087727231355,8.36379320495315,21.0,1,0.9791227276864483,20.02087727231355,20.5,21.5
321.0,19.882206152162897,20.08631898619142,8.36487678433762,21.0,1,0.9136810138085814,20.08631898619142,20.5,21.5
322.0,19.884902686289333,19.994530799051272,8.365959869731812,21.0,1,1.0054692009487276,19.994530799051272,20.5,21.5
323.0,19.887598897726022,20.078825400217642,8.367042459669388,21.0,1,0.9211745997823577,20.078825400217642,20.5,21.5
324.0,19.89029478643841,20.057581344507142,8.368124552684678,21.0,1,0.9424186554928582,20.057581344507142,20.5,21.5
325.0,19.89299035239166,20.0386047192824,8.369206147312685,21.0,1,0.9613952807175998,20.0386047192824,20.5,21.5
326.0,19.895685595550646,20.004288300863237,8.370287242089086,21.0,1,0.9957116991367627,20.004288300863237,20.5,21.5
327.0,19.898380515879953,20.063253797466864,8.371367835550235,21.0,1,0.9367462025331363,20.063253797466864,20.5,21.5
328.0,19.901075113343886,19.931996614371297,8.372447926233166,21.0,1,1.0680033856287032,19.931996614371297,20.5,21.5
329.0,19.903769387906465,20.034216252706905,8.373527512675594,21.0,1,0.965783747293095,20.034216252706905,20.5,21.5
330.0,19.90646333953142,20.027241487738266,8.374606593415912,21.0,1,0.9727585122617342,20.027241487738266,20.5,21.5
331.0,19.9091569681822,19.982706779248495,8.375685166993204,21.0,1,1.0172932207515046,19.982706779248495,20.5,21.5
332.0,19.911850273821962,19.98793889723829,8.376763231947237,21.0,1,1.0120611027617095,19.98793889723829,20.5,21.5
333.0,19.914543256413587,20.003242405310015,8.377840786818467,21.0,1,0.9967575946899849,20.003242405310015,20.5,21.5
334.0,19.91723591591967,19.938583908202016,8.37891783014804,21.0,1,1.0614160917979838,19.938583908202016,20.5,21.5
335.0,19.919928252302515,20.03105557416304,8.379994360477799,21.0,1,0.9689444258369591,20.03105557416304,20.5,21.5
336.0,19.922620265524152,20.00361655163899,8.381070376350275,21.0,1,0.9963834483610086,20.00361655163899,20.5,21.5
337.0,19.925311955546317,19.99588734870776,8.382145876308698,21.0,1,1.004112651292239,19.99588734870776,20.5,21.5
338.0,19.92800332233047,20.045022800675536,8.383220858896998,21.0,1,0.954977199324464,20.045022800675536,20.5,21.5
339.0,19.93069436583778,20.053657471749876,8.384295322659804,21.0,1,0.9463425282501241,20.053657471749876,20.5,21.5
340.0,19.933385086029144,20.025924229033755,8.385369266142447,21.0,1,0.9740757709662446,20.025924229033755,20.5,21.5
341.0,19.936075482865167,20.11808786966297,8.386442687890968,21.0,1,0.8819121303370316,20.11808786966297,20.5,21.5
342.0,19.938765556306173,20.1162153696745,8.387515586452103,21.0,1,0.8837846303255006,20.1162153696745,20.5,21.5
343.0,19.941455306312204,20.137805621048393,8.388587960373307,21.0,1,0.8621943789516067,20.137805621048393,20.5,21.5
344.0,19.944144732843014,20.16321651521104,8.389659808202738,21.0,1,0.8367834847889597,20.16321651521104,20.5,21.5
345.0,19.946833835858087,20.226440989183253,8.390731128489273,21.0,1,0.7735590108167472,20.226440989183253,20.5,21.5
346.0,19.949522615316614,20.219181312260496,8.391801919782498,21.0,1,0.7808186877395045,20.219181312260496,20.5,21.5
347.0,19.95221107117751,20.225390256409856,8.392872180632716,21.0,1,0.774609743590144,20.225390256409856,20.5,21.5
348.0,19.9548992033994,20.262964006223598,8.393941909590952,21.0,1,0.7370359937764022,20.262964006223598,20.5,21.5
349.0,19.95758701194064,20.253677764229565,8.395011105208942,21.0,1,0.7463222357704353,20.253677764229565,20.5,21.5
350.0,19.960274496759293,20.183742271777252,8.396079766039156,21.0,1,0.8162577282227481,20.183742271777252,20.5,21.5
351.0,19.96296165781315,20.134774216429335,8.39714789063478,21.0,1,0.8652257835706649,20.134774216429335,20.5,21.5
352.0,19.965648495059714,20.124346775551896,8.398215477549728,21.0,1,0.8756532244481043,20.124346775551896,20.5,21.5
353.0,19.96833500845621,20.12586228754018,8.399282525338643,21.0,1,0.8741377124598202,20.12586228754018,20.5,21.5
354.0,19.971021197959587,20.163273469639726,8.400349032556894,21.0,1,0.8367265303602736,20.163273469639726,20.5,21.5
355.0,19.973707063526508,20.16027931302187,8.40141499776059,21.0,1,0.8397206869781293,20.16027931302187,20.5,21.5
356.0,19.976392605113354,20.077617162157743,8.402480419506563,21.0,1,0.9223828378422567,20.077617162157743,20.5,21.5
357.0,19.97907782267623,20.150943812908725,8.403545296352391,21.0,1,0.849056187091275,20.150943812908725,20.5,21.5
358.0,19.981762716170966,20.10412587287955,8.40460962685638,21.0,1,0.8958741271204502,20.10412587287955,20.5,21.5
359.0,19.984447285553102,20.15168233326849,8.405673409577586,21.0,1,0.8483176667315107,20.15168233326849,20.5,21.5
360.0,19.98713153077791,20.05608692802848,8.406736643075801,21.0,1,0.9439130719715187,20.05608692802848,20.5,21.5
361.0,19.989815451800368,20.164438231619318,8.407799325911556,21.0,1,0.835561768380682,20.164438231619318,20.5,21.5
362.0,19.99249904857519,20.139742391039853,8.408861456646138,21.0,1,0.860257608960147,20.139742391039853,20.5,21.5
363.0,19.995182321056806,20.169858392296298,8.409923033841572,21.0,1,0.8301416077037018,20.169858392296298,20.5,21.5
364.0,19.997865269199362,20.163033571060186,8.41098405606064,21.0,1,0.8369664289398138,20.163033571060186,20.5,21.5
365.0,20.000547892956735,20.349541862521555,8.412044521866868,21.0,1,0.650458137478445,20.349541862521555,20.5,21.5
366.0,20.00323019228252,20.315859359827805,8.413104429824541,21.0,1,0.6841406401721954,20.315859359827805,20.5,21.5
367.0,20.005912167130028,20.325031703442114,8.414163778498699,21.0,1,0.6749682965578856,20.325031703442114,20.5,21.5
368.0,20.0085938174523,20.340972572988527,8.415222566455133,21.0,1,0.6590274270114733,20.340972572988527,20.5,21.5
369.0,20.011275143202102,20.20710683464455,8.416280792260402,21.0,1,0.7928931653554514,20.20710683464455,20.5,21.5
370.0,20.013956144331914,20.120702979887067,8.417338454481818,21.0,1,0.8792970201129329,20.120702979887067,20.5,21.5
371.0,20.016636820793945,20.160757765206487,8.418395551687462,21.0,1,0.8392422347935131,20.160757765206487,20.5,21.5
372.0,20.019317172540124,20.076592684991056,8.419452082446178,21.0,1,0.9234073150089444,20.076592684991056,20.5,21.5
373.0,20.021997199522104,20.071375121230076,8.420508045327574,21.0,1,0.9286248787699236,20.071375121230076,20.5,21.5
374.0,20.024676901691265,20.122030804418394,8.421563438902032,21.0,1,0.8779691955816062,20.122030804418394,20.5,21.5
375.0,20.027356278998706,20.128780153486428,8.4226182617407,21.0,1,0.8712198465135721,20.128780153486428,20.5,21.5
376.0,20.030035331395254,20.111539239619493,8.423672512415502,21.0,1,0.8884607603805073,20.111539239619493,20.5,21.5
377.0,20.03271405883146,20.093485545139313,8.424726189499134,21.0,1,0.9065144548606874,20.093485545139313,20.5,21.5
378.0,20.035392461257594,20.06577404181438,8.425779291565073,21.0,1,0.9342259581856212,20.06577404181438,20.5,21.5
379.0,20.038070538623654,20.0745277662614,8.42683181718757,21.0,1,0.9254722337385992,20.0745277662614,20.5,21.5
380.0,20.040748290879367,20.057689234167476,8.427883764941654,21.0,1,0.9423107658325236,20.057689234167476,20.5,21.5
381.0,20.04342571797418,20.142359204426846,8.428935133403145,21.0,1,0.857640795573154,20.142359204426846,20.5,21.5
382.0,20.046102819857268,20.287667395431846,8.429985921148642,21.0,1,0.7123326045681537,20.287667395431846,20.5,21.5
383.0,20.048779596477527,20.345474228893185,8.43103612675553,21.0,1,0.6545257711068153,20.345474228893185,20.5,21.5
384.0,20.05145604778358,20.380757541001593,8.432085748801983,21.0,1,0.6192424589984071,20.380757541001593,20.5,21.5
385.0,20.054132173723787,20.4473685496307,8.433134785866963,21.0,1,0.5526314503693008,20.4473685496307,20.5,21.5
386.0,20.056807974246215,20.39706276626294,8.434183236530227,21.0,1,0.6029372337370589,20.39706276626294,20.5,21.5
387.0,20.05948344929867,20.381241620593123,8.435231099372327,21.0,1,0.6187583794068772,20.381241620593123,20.5,21.5
388.0,20.062158598828685,20.413030693414147,8.436278372974607,21.0,1,0.5869693065858534,20.413030693414147,20.5,21.5
389.0,20.064833422783515,20.47289708467714,8.437325055919208,21.0,1,0.5271029153228604,20.47289708467714,20.5,21.5
390.0,20.067507921110142,20.386546496842517,8.438371146789077,21.0,1,0.6134535031574835,20.386546496842517,20.5,21.5
391.0,20.070182093755278,20.37597689166522,8.439416644167956,21.0,1,0.6240231083347787,20.37597689166522,20.5,21.5
392.0,20.07285594066536,20.364628433317854,8.440461546640394,21.0,1,0.6353715666821458,20.364628433317854,20.5,21.5
393.0,20.075529461786555,20.356192275299907,8.441505852791746,21.0,1,0.6438077247000926,20.356192275299907,20.5,21.5
394.0,20.078202657064757,20.252563057530022,8.44254956120817,21.0,1,0.747436942469978,20.252563057530022,20.5,21.5
395.0,20.080875526445585,20.30607948180532,8.443592670476637,21.0,1,0.6939205181946804,20.30607948180532,20.5,21.5
396.0,20.08354806987439,20.377744496388175,8.444635179184928,21.0,1,0.6222555036118251,20.377744496388175,20.5,21.5
397.0,20.08622028729625,20.357725272973013,8.445677085921638,21.0,1,0.6422747270269866,20.357725272973013,20.5,21.5
398.0,20.088892178655975,20.34854491574431,8.446718389276176,21.0,1,0.6514550842556908,20.34854491574431,20.5,21.5
399.0,20.0915637438981,20.39197060534163,8.44775908783877,21.0,1,0.6080293946583701,20.39197060534163,20.5,21.5
400.0,20.09423498296689,20.33828782957943,8.448799180200462,21.0,1,0.6617121704205715,20.33828782957943,20.5,21.5
401.0,20.096905895806334,20.296640258798206,8.44983866495312,21.0,1,0.703359741201794,20.296640258798206,20.5,21.5
402.0,20.099576482360163,20.247280942372626,8.450877540689431,21.0,1,0.7527190576273739,20.247280942372626,20.5,21.5
403.0,20.10224674257183,20.17518895545773,8.451915806002908,21.0,1,0.824811044542269,20.17518895545773,20.5,21.5
404.0,20.104916676384516,20.08704186709823,8.45295345948789,21.0,1,0.9129581329017711,20.08704186709823,20.5,21.5
405.0,20.107586283741135,20.178918054664052,8.453990499739547,21.0,1,0.8210819453359477,20.178918054664052,20.5,21.5
406.0,20.110255564584335,20.12065129007042,8.455026925353874,21.0,1,0.8793487099295803,20.12065129007042,20.5,21.5
407.0,20.112924518856488,20.21440025829051,8.456062734927702,21.0,1,0.7855997417094898,20.21440025829051,20.5,21.5
408.0,20.1155931464997,20.262517727499176,8.457097927058694,21.0,1,0.7374822725008237,20.262517727499176,20.5,21.5
409.0,20.118261447455815,20.29186656221752,8.458132500345352,21.0,1,0.7081334377824788,20.29186656221752,20.5,21.5
410.0,20.120929421666393,20.25309087212491,8.459166453387011,21.0,1,0.7469091278750888,20.25309087212491,20.5,21.5
411.0,20.123597069072737,20.277433660370072,8.460199784783851,21.0,1,0.7225663396299282,20.277433660370072,20.5,21.5
412.0,20.12626438961588,20.229473817002923,8.46123249313689,21.0,1,0.7705261829970773,20.229473817002923,20.5,21.5
413.0,20.128931383236583,20.20640712171923,8.462264577047991,21.0,1,0.7935928782807693,20.20640712171923,20.5,21.5
414.0,20.131598049875347,20.255892788696382,8.463296035119862,21.0,1,0.7441072113036178,20.255892788696382,20.5,21.5
415.0,20.134264389472396,20.31509197700932,8.464326865956057,21.0,1,0.6849080229906797,20.31509197700932,20.5,21.5
416.0,20.136930401967692,20.33929296543375,8.465357068160982,21.0,1,0.6607070345662507,20.33929296543375,20.5,21.5
417.0,20.13959608730093,20.350943052082084,8.466386640339891,21.0,1,0.6490569479179165,20.350943052082084,20.5,21.5
418.0,20.14226144541154,20.390626846830816,8.467415581098894,21.0,1,0.6093731531691837,20.390626846830816,20.5,21.5
419.0,20.144926476238677,20.47501784651167,8.468443889044954,21.0,1,0.524982153488331,20.47501784651167,20.5,21.5
420.0,20.14759117972124,20.416575743636507,8.469471562785891,21.0,1,0.583424256363493,20.416575743636507,20.5,21.5
421.0,20.15025555579785,20.387289026527363,8.470498600930384,21.0,1,0.6127109734726375,20.387289026527363,20.5,21.5
422.0,20.15291960440688,20.38453350285254,8.47152500208797,21.0,1,0.6154664971474588,20.38453350285254,20.5,21.5
423.0,20.155583325486415,20.37025200081697,8.472550764869053,21.0,1,0.6297479991830315,20.37025200081697,20.5,21.5
424.0,20.15824671897429,20.229673251664973,8.4735758878849,21.0,1,0.7703267483350267,20.229673251664973,20.5,21.5
425.0,20.160909784808073,20.23692179049322,8.474600369747641,21.0,1,0.7630782095067801,20.23692179049322,20.5,21.5
426.0,20.16357252292506,20.340855884740442,8.475624209070276,21.0,1,0.6591441152595579,20.340855884740442,20.5,21.5
427.0,20.16623493326229,20.304767811556793,8.476647404466675,21.0,1,0.6952321884432067,20.304767811556793,20.5,21.5
428.0,20.16889701575653,20.23099381635776,8.47766995455158,21.0,1,0.7690061836422402,20.23099381635776,20.5,21.5
429.0,20.17155877034429,20.34188999439513,8.478691857940607,21.0,1,0.6581100056048683,20.34188999439513,20.5,21.5
430.0,20.17422019696181,20.33910536802359,8.479713113250247,21.0,1,0.6608946319764115,20.33910536802359,20.5,21.5
431.0,20.176881295545066,20.267318509168994,8.480733719097866,21.0,1,0.7326814908310055,20.267318509168994,20.5,21.5
432.0,20.179542066029775,20.34293219311512,8.481753674101714,21.0,1,0.6570678068848785,20.34293219311512,20.5,21.5
433.0,20.182202508351388,20.429508802717965,8.482772976880922,21.0,1,0.5704911972820348,20.429508802717965,20.5,21.5
434.0,20.184862622445095,20.38027155647401,8.483791626055496,21.0,1,0.6197284435259895,20.38027155647401,20.5,21.5
435.0,20.18752240824582,20.4671473818885,8.484809620246336,21.0,1,0.5328526181115016,20.4671473818885,20.5,21.5
436.0,20.19018186568822,20.387022302461908,8.485826958075227,21.0,1,0.6129776975380921,20.387022302461908,20.5,21.5
437.0,20.1928409947067,20.439292246546845,8.486843638164839,21.0,1,0.5607077534531548,20.439292246546845,20.5,21.5
438.0,20.195499795235392,20.45155452949108,8.487859659138733,21.0,1,0.5484454705089199,20.45155452949108,20.5,21.5
439.0,20.19815826720817,20.59209273295466,8.488875019621366,21.0,1,0.40790726704533853,20.59209273295466,20.5,21.5
440.0,20.200816410558655,20.55935593763322,8.489889718238087,21.0,1,0.4406440623667791,20.55935593763322,20.5,21.5
441.0,20.20347422522019,20.689711474914198,8.490903753615141,21.0,1,0.3102885250858023,20.689711474914198,20.5,21.5
442.0,20.20613171112587,20.62497683407391,8.49191712437967,21.0,1,0.3750231659260912,20.62497683407391,20.5,21.5
443.0,20.208788868208522,20.526230038512516,8.492929829159719,21.0,1,0.4737699614874842,20.526230038512516,20.5,21.5
444.0,20.211445696400713,20.44333624414177,8.493941866584231,21.0,1,0.5566637558582315,20.44333624414177,20.5,21.5
445.0,20.214102195634748,20.448269753683157,8.494953235283054,21.0,1,0.5517302463168434,20.448269753683157,20.5,21.5
446.0,20.21675836584268,20.442224364368023,8.495963933886943,21.0,1,0.5577756356319767,20.442224364368023,20.5,21.5
447.0,20.219414206956287,20.518019527269537,8.496973961027555,21.0,1,0.48198047273046285,20.518019527269537,20.5,21.5
448.0,20.2220697189071,20.53288781210252,8.497983315337464,21.0,1,0.4671121878974809,20.53288781210252,20.5,21.5
449.0,20.224724901626388,20.612783212123976,8.498991995450147,21.0,1,0.3872167878760244,20.612783212123976,20.5,21.5
450.0,20.227379755045153,20.485748394756662,8.5,21.0,1,0.5142516052433379,20.485748394756662,20.5,21.5
451.0,20.230034279094145,20.469899293501367,8.501007327622329,21.0,1,0.530100706498633,20.469899293501367,20.5,21.5
452.0,20.23268847370385,20.348960490710052,8.50201397695336,21.0,1,0.6510395092899479,20.348960490710052,20.5,21.5
453.0,20.2353423388045,20.40829235859434,8.503019946630236,21.0,1,0.5917076414056588,20.40829235859434,20.5,21.5
454.0,20.237995874326064,20.317129130936575,8.504025235291017,21.0,1,0.6828708690634251,20.317129130936575,20.5,21.5
455.0,20.240649080198256,20.36867594960436,8.50502984157469,21.0,1,0.6313240503956408,20.36867594960436,20.5,21.5
456.0,20.243301956350532,20.37027306121392,8.506033764121163,21.0,1,0.6297269387860815,20.37027306121392,20.5,21.5
457.0,20.245954502712085,20.382363149074358,8.507037001571273,21.0,1,0.617636850925642,20.382363149074358,20.5,21.5
458.0,20.248606719211857,20.305744928857337,8.508039552566778,21.0,1,0.6942550711426634,20.305744928857337,20.5,21.5
459.0,20.251258605778528,20.322109546121734,8.50904141575037,21.0,1,0.6778904538782662,20.322109546121734,20.5,21.5
460.0,20.25391016234052,20.314030145476913,8.510042589765675,21.0,1,0.685969854523087,20.314030145476913,20.5,21.5
461.0,20.256561388826007,20.36375712037456,8.511043073257245,21.0,1,0.6362428796254385,20.36375712037456,20.5,21.5
462.0,20.259212285162892,20.32263121768806,8.51204286487057,21.0,1,0.677368782311941,20.32263121768806,20.5,21.5
463.0,20.261862851278835,20.429611724615718,8.513041963252082,21.0,1,0.5703882753842819,20.429611724615718,20.5,21.5
464.0,20.26451308710123,20.422447634565398,8.514040367049141,21.0,1,0.5775523654346024,20.422447634565398,20.5,21.5
465.0,20.267162992557218,20.53512662316256,8.515038074910054,21.0,1,0.46487337683743846,20.53512662316256,20.5,21.5
466.0,20.269812567573688,20.54710600643633,8.516035085484072,21.0,1,0.45289399356367,20.54710600643633,20.5,21.5
467.0,20.27246181207727,20.710923032989353,8.517031397421384,21.0,1,0.2890769670106472,20.710923032989353,20.5,21.5
468.0,20.275110725994338,20.7546943267598,8.51802700937313,21.0,1,0.2453056732401997,20.7546943267598,20.5,21.5
469.0,20.277759309251014,20.712550680262858,8.519021919991395,21.0,1,0.28744931973714216,20.712550680262858,20.5,21.5
470.0,20.280407561773163,20.66782781952527,8.520016127929216,21.0,1,0.3321721804747284,20.66782781952527,20.5,21.5
471.0,20.283055483486393,20.56611298190303,8.521009631840576,21.0,1,0.4338870180969714,20.56611298190303,20.5,21.5
472.0,20.285703074316064,20.478442382957393,8.522002430380418,21.0,1,0.5215576170426068,20.478442382957393,20.5,21.5
473.0,20.288350334187278,20.46044527175766,8.522994522204636,21.0,1,0.5395547282423401,20.46044527175766,20.5,21.5
474.0,20.29099726302488,20.34702953111484,8.523985905970079,21.0,1,0.6529704688851616,20.34702953111484,20.5,21.5
475.0,20.29364386075347,20.371953585063164,8.52497658033456,21.0,1,0.6280464149368363,20.371953585063164,20.5,21.5
476.0,20.296290127297386,20.45759775624378,8.525966543956848,21.0,1,0.5424022437562215,20.45759775624378,20.5,21.5
477.0,20.29893606258072,20.506220159878147,8.526955795496677,21.0,1,0.49377984012185294,20.506220159878147,20.5,21.5
478.0,20.3015816665273,20.4829060061763,8.527944333614743,21.0,1,0.5170939938236998,20.4829060061763,20.5,21.5
479.0,20.30422693906072,20.590116359043844,8.52893215697271,21.0,1,0.40988364095615637,20.590116359043844,20.5,21.5
480.0,20.3068718801043,20.670250319005724,8.529919264233206,21.0,1,0.3297496809942757,20.670250319005724,20.5,21.5
481.0,20.309516489581124,20.652452454668495,8.530905654059831,21.0,1,0.3475475453315049,20.652452454668495,20.5,21.5
482.0,20.31216076741402,20.669708029210422,8.531891325117158,21.0,1,0.3302919707895775,20.669708029210422,20.5,21.5
483.0,20.31480471352556,20.678696748093838,8.53287627607073,21.0,1,0.32130325190616205,20.678696748093838,20.5,21.5
484.0,20.31744832783807,20.747586504924527,8.533860505587066,21.0,1,0.25241349507547284,20.747586504924527,20.5,21.5
485.0,20.320091610273618,20.56725253741228,8.534844012333664,21.0,1,0.4327474625877201,20.56725253741228,20.5,21.5
486.0,20.32273456075403,20.449983622737893,8.535826794978997,21.0,1,0.5500163772621072,20.449983622737893,20.5,21.5
487.0,20.325377179200874,20.45328109028452,8.536808852192518,21.0,1,0.5467189097154801,20.45328109028452,20.5,21.5
488.0,20.328019465535473,20.424520503458158,8.537790182644667,21.0,1,0.5754794965418419,20.424520503458158,20.5,21.5
489.0,20.330661419678894,20.448401736790096,8.538770785006863,21.0,1,0.5515982632099039,20.448401736790096,20.5,21.5
490.0,20.333303041551957,20.628138739364463,8.539750657951513,21.0,1,0.37186126063553715,20.628138739364463,20.5,21.5
491.0,20.335944331075236,20.81721412499451,8.540729800152011,21.0,1,0.18278587500548937,20.81721412499451,20.5,21.5
492.0,20.338585288169053,20.725823504505673,8.54170821028274,21.0,1,0.2741764954943271,20.725823504505673,20.5,21.5
493.0,20.341225912753476,20.699771051834105,8.542685887019076,21.0,1,0.30022894816589485,20.699771051834105,20.5,21.5
494.0,20.34386620474833,20.691232457671212,8.543662829037384,21.0,1,0.30876754232878767,20.691232457671212,20.5,21.5
495.0,20.346506164073187,20.625111979323314,8.544639035015027,21.0,1,0.3748880206766856,20.625111979323314,20.5,21.5
496.0,20.349145790647373,20.53059051608511,8.545614503630365,21.0,1,0.469409483914891,20.53059051608511,20.5,21.5
497.0,20.35178508438997,20.554384489272472,8.546589233562754,21.0,1,0.4456155107275279,20.554384489272472,20.5,21.5
498.0,20.354424045219805,20.609918295377902,8.547563223492551,21.0,1,0.3900817046220979,20.609918295377902,20.5,21.5
499.0,20.35706267305546,20.547259454052043,8.548536472101114,21.0,1,0.45274054594795743,20.547259454052043,20.5,21.5
500.0,20.359700967815268,20.573088040621766,8.549508978070806,21.0,1,0.42691195937823423,20.573088040621766,20.5,21.5
501.0,20.36233892941732,20.598857017631595,8.550480740084996,21.0,1,0.4011429823684054,20.598857017631595,20.5,21.5
502.0,20.364976557779453,20.619512620743457,8.551451756828058,21.0,1,0.3804873792565431,20.619512620743457,20.5,21.5
503.0,20.367613852819265,20.632570103531133,8.552422026985376,21.0,1,0.3674298964688667,20.632570103531133,20.5,21.5
504.0,20.3702508144541,20.64273509384937,8.553391549243344,21.0,1,0.357264906150629,20.64273509384937,20.5,21.5
505.0,20.37288744260106,20.581749181712535,8.554360322289371,21.0,1,0.4182508182874649,20.581749181712535,20.5,21.5
506.0,20.375523737176994,20.558446377715374,8.55532834481188,21.0,1,0.44155362228462636,20.558446377715374,20.5,21.5
507.0,20.37815969809852,20.593920852711847,8.556295615500305,21.0,1,0.4060791472881533,20.593920852711847,20.5,21.5
508.0,20.380795325282,20.669158502234822,8.557262133045104,21.0,1,0.3308414977651779,20.669158502234822,20.5,21.5
509.0,20.383430618643555,20.747642023425854,8.558227896137753,21.0,1,0.25235797657414594,20.747642023425854,20.5,21.5
510.0,20.386065578099053,20.64010691678603,8.559192903470747,21.0,1,0.3598930832139686,20.64010691678603,20.5,21.5
511.0,20.388700203564127,20.686207921155713,8.560157153737606,21.0,1,0.31379207884428695,20.686207921155713,20.5,21.5
512.0,20.39133449495416,20.687059453227175,8.561120645632878,21.0,1,0.31294054677282546,20.687059453227175,20.5,21.5
513.0,20.393968452184296,20.612261971485378,8.562083377852131,21.0,1,0.38773802851462236,20.612261971485378,20.5,21.5
514.0,20.39660207516943,20.550616502792113,8.563045349091967,21.0,1,0.4493834972078865,20.550616502792113,20.5,21.5
515.0,20.399235363824214,20.717880512429808,8.564006558050014,21.0,1,0.282119487570192,20.717880512429808,20.5,21.5
516.0,20.40186831806306,20.601701455277453,8.564967003424938,21.0,1,0.39829854472254667,20.601701455277453,20.5,21.5
517.0,20.40450093780013,20.514401789848,8.565926683916432,21.0,1,0.48559821015199844,20.514401789848,20.5,21.5
518.0,20.40713322294935,20.539189890287226,8.56688559822523,21.0,1,0.46081010971277436,20.539189890287226,20.5,21.5
519.0,20.409765173424407,20.554875731578562,8.567843745053102,21.0,1,0.4451242684214378,20.554875731578562,20.5,21.5
520.0,20.412396789138732,20.464841178826923,8.568801123102851,21.0,1,0.5351588211730771,20.464841178826923,20.5,21.5
521.0,20.415028070005526,20.470268771338404,8.569757731078331,21.0,1,0.5297312286615963,20.470268771338404,20.5,21.5
522.0,20.41765901593774,20.57357652518952,8.570713567684432,21.0,1,0.4264234748104805,20.57357652518952,20.5,21.5
523.0,20.42028962684809,20.492541694805006,8.57166863162709,21.0,1,0.5074583051949944,20.492541694805006,20.5,21.5
524.0,20.422919902649046,20.436565449605357,8.572622921613283,21.0,1,0.5634345503946427,20.436565449605357,20.5,21.5
525.0,20.42554984325284,20.50133920067581,8.573576436351047,21.0,1,0.4986607993241883,20.50133920067581,20.5,21.5
526.0,20.42817944857146,20.56245337850596,8.574529174549456,21.0,1,0.43754662149403956,20.56245337850596,20.5,21.5
527.0,20.430808718516655,20.60363030865754,8.575481134918643,21.0,1,0.3963696913424606,20.60363030865754,20.5,21.5
528.0,20.433437652999935,20.646098481423554,8.576432316169793,21.0,1,0.35390151857644625,20.646098481423554,20.5,21.5
529.0,20.43606625193257,20.60639527894253,8.577382717015142,21.0,1,0.39360472105747135,20.60639527894253,20.5,21.5
530.0,20.438694515225585,20.651750778232625,8.578332336167987,21.0,1,0.34824922176737516,20.651750778232625,20.5,21.5
531.0,20.441322442789772,20.692182147264838,8.579281172342679,21.0,1,0.3078178527351625,20.692182147264838,20.5,21.5
532.0,20.443950034535682,20.654759151847138,8.580229224254632,21.0,1,0.34524084815286216,20.654759151847138,20.5,21.5
533.0,20.446577290373625,20.652688374044185,8.581176490620324,21.0,1,0.34731162595581466,20.652688374044185,20.5,21.5
534.0,20.449204210213676,20.709259686397484,8.58212297015729,21.0,1,0.29074031360251595,20.709259686397484,20.5,21.5
535.0,20.451830793965666,20.606918028742207,8.583068661584134,21.0,1,0.3930819712577929,20.606918028742207,20.5,21.5
536.0,20.45445704153919,20.572159942384154,8.58401356362053,21.0,1,0.4278400576158461,20.572159942384154,20.5,21.5
537.0,20.457082952843606,20.496067149449296,8.584957674987216,21.0,1,0.5039328505507044,20.496067149449296,20.5,21.5
538.0,20.459708527788035,20.58795384579023,8.585900994406,21.0,1,0.41204615420976864,20.58795384579023,20.5,21.5
539.0,20.462333766281358,20.720531770721102,8.586843520599768,21.0,1,0.2794682292788977,20.720531770721102,20.5,21.5
540.0,20.46495866823222,20.807265650348093,8.587785252292473,21.0,1,0.19273434965190717,20.807265650348093,20.5,21.5
541.0,20.467583233549032,20.850783575948338,8.588726188209149,21.0,1,0.14921642405166224,20.850783575948338,20.5,21.5
542.0,20.470207462139964,21.00342671989549,8.589666327075903,21.0,1,-0.003426719895490038,21.00342671989549,20.5,21.5
543.0,20.47283135391295,20.913655647421116,8.590605667619926,21.0,1,0.08634435257888384,20.913655647421116,20.5,21.5
544.0,20.475454908775692,20.784914046394046,8.591544208569484,21.0,1,0.2150859536059535,20.784914046394046,20.5,21.5
545.0,20.47807812663565,20.724222811458663,8.59248194865393,21.0,1,0.2757771885413369,20.724222811458663,20.5,21.5
546.0,20.480701007400054,20.694169988540995,8.593418886603702,21.0,1,0.3058300114590047,20.694169988540995,20.5,21.5
547.0,20.483323550975893,20.588561671745293,8.594355021150317,21.0,1,0.4114383282547074,20.588561671745293,20.5,21.5
548.0,20.485945757269928,20.52302406667838,8.59529035102639,21.0,1,0.4769759333216186,20.52302406667838,20.5,21.5
549.0,20.48856762618868,20.573610614243574,8.596224874965616,21.0,1,0.42638938575642626,20.573610614243574,20.5,21.5
550.0,20.491189157638434,20.64140450423108,8.597158591702787,21.0,1,0.35859549576892036,20.64140450423108,20.5,21.5
551.0,20.493810351525248,20.61246315638048,8.598091499973783,21.0,1,0.3875368436195217,20.61246315638048,20.5,21.5
552.0,20.496431207754938,20.616733984114113,8.599023598515586,21.0,1,0.38326601588588716,20.616733984114113,20.5,21.5
553.0,20.49905172623309,20.66213329480876,8.599954886066266,21.0,1,0.33786670519123874,20.66213329480876,20.5,21.5
554.0,20.50167190686506,20.621772402063613,8.600885361364996,21.0,1,0.3782275979363874,20.621772402063613,20.5,21.5
555.0,20.50429174955596,20.517118989456446,8.601815023152048,21.0,1,0.48288101054355437,20.517118989456446,20.5,21.5
556.0,20.50691125421068,20.553995826231567,8.602743870168794,21.0,1,0.4460041737684328,20.553995826231567,20.5,21.5
557.0,20.509530420733874,20.593989821287423,8.603671901157709,21.0,1,0.4060101787125774,20.593989821287423,20.5,21.5
558.0,20.51214924902996,20.657755674365298,8.604599114862374,21.0,1,0.3422443256347023,20.657755674365298,20.5,21.5
559.0,20.514767739003126,20.672253174913187,8.605525510027478,21.0,1,0.3277468250868125,20.672253174913187,20.5,21.5
560.0,20.517385890557332,20.79364308881803,8.606451085398813,21.0,1,0.2063569111819703,20.79364308881803,20.5,21.5
561.0,20.5200037035963,20.784039729912156,8.607375839723286,21.0,1,0.21596027008784446,20.784039729912156,20.5,21.5
562.0,20.522621178023524,20.759267517614653,8.608299771748914,21.0,1,0.24073248238534717,20.759267517614653,20.5,21.5
563.0,20.525238313742268,20.74206692842502,8.609222880224827,21.0,1,0.25793307157497836,20.74206692842502,20.5,21.5
564.0,20.527855110655565,20.764086541362335,8.610145163901267,21.0,1,0.23591345863766477,20.764086541362335,20.5,21.5
565.0,20.530471568666215,20.77588447480603,8.6110666215296,21.0,1,0.2241155251939695,20.77588447480603,20.5,21.5
566.0,20.533087687676787,20.75734795563863,8.611987251862303,21.0,1,0.2426520443613711,20.75734795563863,20.5,21.5
567.0,20.535703467589624,20.668567550310726,8.612907053652977,21.0,1,0.33143244968927377,20.668567550310726,20.5,21.5
568.0,20.538318908306838,20.665845760357485,8.613826025656342,21.0,1,0.33415423964251545,20.665845760357485,20.5,21.5
569.0,20.540934009730307,20.67135752695824,8.614744166628247,21.0,1,0.32864247304176075,20.67135752695824,20.5,21.5
570.0,20.543548771761685,20.584737669730853,8.615661475325659,21.0,1,0.4152623302691474,20.584737669730853,20.5,21.5
571.0,20.546163194302398,20.67613007269689,8.616577950506676,21.0,1,0.3238699273031109,20.67613007269689,20.5,21.5
572.0,20.548777277253638,20.776943929991695,8.617493590930522,21.0,1,0.22305607000830463,20.776943929991695,20.5,21.5
573.0,20.551391020516373,20.809812825134617,8.618408395357553,21.0,1,0.1901871748653825,20.809812825134617,20.5,21.5
574.0,20.55400442399134,20.840893525029166,8.61932236254926,21.0,1,0.15910647497083374,20.840893525029166,20.5,21.5
575.0,20.556617487579054,20.96620262610021,8.62023549126826,21.0,1,0.03379737389979098,20.96620262610021,20.5,21.5
576.0,20.55923021117979,20.901889491233657,8.62114778027831,21.0,1,0.09811050876634297,20.901889491233657,20.5,21.5
577.0,20.561842594693612,20.89255032912327,8.622059228344304,21.0,1,0.10744967087672919,20.89255032912327,20.5,21.5
578.0,20.564454638020344,20.92629009827523,8.622969834232272,21.0,1,0.07370990172476866,20.92629009827523,20.5,21.5
579.0,20.567066341059586,20.92189059438775,8.623879596709386,21.0,1,0.0781094056122491,20.92189059438775,20.5,21.5
580.0,20.569677703710717,20.948481326381643,8.62478851454396,21.0,1,0.05151867361835727,20.948481326381643,20.5,21.5
581.0,20.572288725872884,20.916505629677186,8.625696586505452,21.0,1,0.08349437032281415,20.916505629677186,20.5,21.5
582.0,20.57489940744501,20.980845220216032,8.626603811364461,21.0,1,0.019154779783967513,20.980845220216032,20.5,21.5
583.0,20.577509748325795,20.93387401274388,8.627510187892739,21.0,1,0.06612598725612173,20.93387401274388,20.5,21.5
584.0,20.580119748413708,20.859632783109504,8.62841571486318,21.0,1,0.14036721689049614,20.859632783109504,20.5,21.5
585.0,20.582729407606998,20.752614436601192,8.629320391049838,21.0,1,0.24738556339880802,20.752614436601192,20.5,21.5
586.0,20.585338725803688,20.781546306361783,8.630224215227907,21.0,1,0.21845369363821732,20.781546306361783,20.5,21.5
587.0,20.587947702901573,20.698741753320505,8.631127186173742,21.0,1,0.3012582466794953,20.698741753320505,20.5,21.5
588.0,20.590556338798226,20.6927687947907,8.63202930266485,21.0,1,0.30723120520929825,20.6927687947907,20.5,21.5
589.0,20.593164633390998,20.680655649067702,8.6329305634799,21.0,1,0.3193443509322975,20.680655649067702,20.5,21.5
590.0,20.595772586577016,20.733635336204646,8.63383096739871,21.0,1,0.26636466379535406,20.733635336204646,20.5,21.5
591.0,20.59838019825318,20.715072238842975,8.634730513202268,21.0,1,0.2849277611570251,20.715072238842975,20.5,21.5
592.0,20.60098746831617,20.786426010752916,8.635629199672717,21.0,1,0.21357398924708448,20.786426010752916,20.5,21.5
593.0,20.60359439666244,20.810014533503722,8.636527025593367,21.0,1,0.18998546649627812,20.810014533503722,20.5,21.5
594.0,20.606200983188227,20.8724994400017,8.63742398974869,21.0,1,0.12750055999829968,20.8724994400017,20.5,21.5
595.0,20.60880722778954,20.892000061432764,8.638320090924328,21.0,1,0.10799993856723589,20.892000061432764,20.5,21.5
596.0,20.611413130362166,20.889250260223683,8.63921532790709,21.0,1,0.11074973977631686,20.889250260223683,20.5,21.5
597.0,20.614018690801675,20.81112133731904,8.640109699484956,21.0,1,0.18887866268095976,20.81112133731904,20.5,21.5
598.0,20.616623909003412,20.746472659480062,8.641003204447074,21.0,1,0.25352734051993764,20.746472659480062,20.5,21.5
599.0,20.6192287848625,20.69350082307647,8.641895841583768,21.0,1,0.30649917692353057,20.69350082307647,20.5,21.5
600.0,20.621833318273843,20.614379338880262,8.64278760968654,21.0,1,0.3856206611197379,20.614379338880262,20.5,21.5
601.0,20.624437509132125,20.635007127563618,8.643678507548062,21.0,1,0.3649928724363818,20.635007127563618,20.5,21.5
602.0,20.62704135733181,20.680994190842775,8.644568533962186,21.0,1,0.31900580915722543,20.680994190842775,20.5,21.5
603.0,20.629644862767133,20.75529542517275,8.645457687723951,21.0,1,0.2447045748272494,20.75529542517275,20.5,21.5
604.0,20.632248025332125,20.87400212392361,8.646345967629566,21.0,1,0.12599787607639001,20.87400212392361,20.5,21.5
605.0,20.634850844920585,21.004236862737145,8.647233372476432,21.0,1,-0.00423686273714452,21.004236862737145,20.5,21.5
606.0,20.637453321426097,21.02173437209392,8.648119901063131,21.0,1,-0.021734372093920484,21.02173437209392,20.5,21.5
607.0,20.640055454742026,21.01508855425842,8.649005552189431,21.0,1,-0.015088554258419151,21.01508855425842,20.5,21.5
608.0,20.642657244761516,20.885013712673945,8.649890324656289,21.0,1,0.11498628732605454,20.885013712673945,20.5,21.5
609.0,20.645258691377496,20.863846119473834,8.650774217265852,21.0,1,0.13615388052616595,20.863846119473834,20.5,21.5
610.0,20.647859794482674,20.826959230894822,8.651657228821456,21.0,1,0.17304076910517807,20.826959230894822,20.5,21.5
611.0,20.65046055396954,20.779587883330514,8.652539358127632,21.0,1,0.22041211666948612,20.779587883330514,20.5,21.5
612.0,20.653060969730372,20.79083376589718,8.653420603990105,21.0,1,0.20916623410282043,20.79083376589718,20.5,21.5
613.0,20.655661041657225,20.826276438346166,8.654300965215796,21.0,1,0.1737235616538335,20.826276438346166,20.5,21.5
614.0,20.658260769641938,20.69845824698286,8.655180440612826,21.0,1,0.3015417530171405,20.69845824698286,20.5,21.5
615.0,20.66086015357613,20.624812503710825,8.656059028990507,21.0,1,0.37518749628917547,20.624812503710825,20.5,21.5
616.0,20.663459193351216,20.668254430127057,8.656936729159362,21.0,1,0.33174556987294324,20.668254430127057,20.5,21.5
617.0,20.666057888858376,20.681830815291267,8.657813539931112,21.0,1,0.3181691847087329,20.681830815291267,20.5,21.5
618.0,20.66865623998859,20.789535866139758,8.65868946011868,21.0,1,0.210464133860242,20.789535866139758,20.5,21.5
619.0,20.671254246632614,20.961527932987558,8.6595644885362,21.0,1,0.038472067012442324,20.961527932987558,20.5,21.5
620.0,20.673851908680994,20.974532785653622,8.660438623999008,21.0,1,0.025467214346377887,20.974532785653622,20.5,21.5
621.0,20.676449226024058,21.021290872222956,8.661311865323652,21.0,1,-0.02129087222295567,21.021290872222956,20.5,21.5
622.0,20.67904619855192,20.9859541144871,8.66218421132789,21.0,1,0.014045885512899758,20.9859541144871,20.5,21.5
623.0,20.681642826154473,20.923311285701654,8.663055660830691,21.0,1,0.07668871429834567,20.923311285701654,20.5,21.5
624.0,20.684239108721407,20.85174106463905,8.663926212652242,21.0,1,0.1482589353609498,20.85174106463905,20.5,21.5
625.0,20.686835046142193,20.803399711154178,8.664795865613938,21.0,1,0.19660028884582204,20.803399711154178,20.5,21.5
626.0,20.68943063830609,20.783061792870694,8.665664618538397,21.0,1,0.21693820712930645,20.783061792870694,20.5,21.5
627.0,20.692025885102137,20.806424110530866,8.666532470249452,21.0,1,0.19357588946913395,20.806424110530866,20.5,21.5
628.0,20.694620786419165,20.84351742102716,8.66739941957216,21.0,1,0.15648257897284168,20.84351742102716,20.5,21.5
629.0,20.697215342145796,20.896174926230422,8.668265465332794,21.0,1,0.10382507376957761,20.896174926230422,20.5,21.5
630.0,20.699809552170432,20.934704404561906,8.66913060635886,21.0,1,0.06529559543809427,20.934704404561906,20.5,21.5
631.0,20.70240341638127,20.987277605276184,8.669994841479072,21.0,1,0.012722394723816421,20.987277605276184,20.5,21.5
632.0,20.70499693466629,20.97237034584755,8.67085816952339,21.0,1,0.02762965415244878,20.97237034584755,20.5,21.5
633.0,20.707590106913262,21.027285465867074,8.671720589322991,21.0,1,-0.02728546586707381,21.027285465867074,20.5,21.5
634.0,20.710182933009744,21.026906544841502,8.67258209971028,21.0,1,-0.02690654484150201,21.026906544841502,20.5,21.5
635.0,20.712775412843083,21.026662423846137,8.673442699518901,21.0,1,-0.026662423846136818,21.026662423846137,20.5,21.5
636.0,20.715367546300417,20.996637291133467,8.674302387583724,21.0,1,0.003362708866532671,20.996637291133467,20.5,21.5
637.0,20.717959333268674,21.025273882805685,8.675161162740856,21.0,1,-0.025273882805684877,21.025273882805685,20.5,21.5
638.0,20.720550773634567,21.01485089058325,8.676019023827642,21.0,1,-0.014850890583250731,21.01485089058325,20.5,21.5
639.0,20.723141867284607,20.996824989102773,8.67687596968266,21.0,1,0.0031750108972268265,20.996824989102773,20.5,21.5
640.0,20.725732614105087,20.987634630323537,8.677731999145733,21.0,1,0.012365369676462734,20.987634630323537,20.5,21.5
641.0,20.728323013982095,20.953934120147427,8.678587111057917,21.0,1,0.04606587985257349,20.953934120147427,20.5,21.5
642.0,20.73091306680151,20.950572585169663,8.679441304261516,21.0,1,0.04942741483033686,20.950572585169663,20.5,21.5
643.0,20.733502772449,20.868794775807128,8.680294577600078,21.0,1,0.13120522419287184,20.868794775807128,20.5,21.5
644.0,20.736092130810032,20.822838904237035,8.681146929918393,21.0,1,0.17716109576296546,20.822838904237035,20.5,21.5
645.0,20.738681141769852,20.820749396237908,8.681998360062499,21.0,1,0.17925060376209245,20.820749396237908,20.5,21.5
646.0,20.741269805213513,20.933553521237375,8.682848866879683,21.0,1,0.0664464787626251,20.933553521237375,20.5,21.5
647.0,20.743858121025845,20.985970841496755,8.683698449218484,21.0,1,0.014029158503245043,20.985970841496755,20.5,21.5
648.0,20.746446089091485,21.09626414198857,8.684547105928688,21.0,1,-0.09626414198856992,21.09626414198857,20.5,21.5
649.0,20.749033709294853,21.149410224285333,8.68539483586134,21.0,1,-0.14941022428533302,21.149410224285333,20.5,21.5
650.0,20.751620981520166,21.1181844235097,8.686241637868733,21.0,1,-0.1181844235096996,21.1181844235097,20.5,21.5
651.0,20.754207905651434,20.910835759101573,8.687087510804423,21.0,1,0.08916424089842678,20.910835759101573,20.5,21.5
652.0,20.756794481572463,20.876389391180297,8.687932453523219,21.0,1,0.12361060881970332,20.876389391180297,20.5,21.5
653.0,20.75938070916685,20.849856848480954,8.68877646488119,21.0,1,0.15014315151904611,20.849856848480954,20.5,21.5
654.0,20.761966588317996,20.83348820637496,8.68961954373567,21.0,1,0.1665117936250411,20.83348820637496,20.5,21.5
655.0,20.76455211890908,20.875859433044724,8.69046168894525,21.0,1,0.1241405669552762,20.875859433044724,20.5,21.5
656.0,20.767137300823087,21.07550591069775,8.691302899369788,21.0,1,-0.07550591069774981,21.07550591069775,20.5,21.5
657.0,20.769722133942796,21.085937855525412,8.692143173870408,21.0,1,-0.08593785552541178,21.085937855525412,20.5,21.5
658.0,20.772306618150782,20.96799959288915,8.692982511309497,21.0,1,0.03200040711084995,20.96799959288915,20.5,21.5
659.0,20.774890753329416,20.89684375681447,8.693820910550718,21.0,1,0.10315624318553063,20.89684375681447,20.5,21.5
660.0,20.77747453936086,20.905488751842093,8.694658370458997,21.0,1,0.09451124815790735,20.905488751842093,20.5,21.5
661.0,20.78005797612708,20.794827330651717,8.695494889900537,21.0,1,0.2051726693482827,20.794827330651717,20.5,21.5
662.0,20.782641063509832,20.844186960849665,8.69633046774281,21.0,1,0.15581303915033473,20.844186960849665,20.5,21.5
663.0,20.78522380139068,20.95465421259953,8.697165102854564,21.0,1,0.04534578740047124,20.95465421259953,20.5,21.5
664.0,20.787806189650972,20.971821221445587,8.697998794105827,21.0,1,0.02817877855441253,20.971821221445587,20.5,21.5
665.0,20.790388228171864,21.079785528166354,8.6988315403679,21.0,1,-0.07978552816635442,21.079785528166354,20.5,21.5
666.0,20.792969916834302,21.053036805177783,8.699663340513366,21.0,1,-0.05303680517778275,21.053036805177783,20.5,21.5
667.0,20.795551255519037,20.99556434952958,8.700494193416086,21.0,1,0.004435650470419716,20.99556434952958,20.5,21.5
668.0,20.798132244106615,20.946064286149895,8.70132409795121,21.0,1,0.053935713850105316,20.946064286149895,20.5,21.5
669.0,20.800712882477384,20.998709188673438,8.702153052995163,21.0,1,0.001290811326562391,20.998709188673438,20.5,21.5
670.0,20.803293170511488,20.923419489218908,8.702981057425662,21.0,1,0.07658051078109196,20.923419489218908,20.5,21.5
671.0,20.80587310808887,20.94574495347872,8.70380811012171,21.0,1,0.05425504652128055,20.94574495347872,20.5,21.5
672.0,20.80845269508928,20.887841125151116,8.704634209963595,21.0,1,0.11215887484888398,20.887841125151116,20.5,21.5
673.0,20.811031931392254,20.920953523956694,8.7054593558329,21.0,1,0.07904647604330606,20.920953523956694,20.5,21.5
674.0,20.81361081687714,20.884755874227984,8.706283546612495,21.0,1,0.1152441257720156,20.884755874227984,20.5,21.5
675.0,20.816189351423088,20.83274083341548,8.707106781186548,21.0,1,0.16725916658451823,20.83274083341548,20.5,21.5
676.0,20.81876753490904,20.824351841221606,8.707929058440516,21.0,1,0.1756481587783938,20.824351841221606,20.5,21.5
677.0,20.821345367213745,20.858669708717297,8.708750377261156,21.0,1,0.1413302912827028,20.858669708717297,20.5,21.5
678.0,20.823922848215755,20.973021266648015,8.70957073653652,21.0,1,0.026978733351985085,20.973021266648015,20.5,21.5
679.0,20.826499977793418,20.984204428995604,8.710390135155963,21.0,1,0.015795571004396436,20.984204428995604,20.5,21.5
680.0,20.82907675582489,20.99741856369292,8.711208572010138,21.0,1,0.002581436307078633,20.99741856369292,20.5,21.5
681.0,20.831653182188127,21.071669177542777,8.712026045990996,21.0,1,-0.07166917754277691,21.071669177542777,20.5,21.5
682.0,20.83422925676089,21.161489366770336,8.7128425559918,21.0,1,-0.16148936677033632,21.161489366770336,20.5,21.5
683.0,20.836804979420734,20.952254653497924,8.713658100907113,21.0,1,0.04774534650207585,20.952254653497924,20.5,21.5
684.0,20.83938035004503,20.955513566955062,8.714472679632804,21.0,1,0.04448643304493771,20.955513566955062,20.5,21.5
685.0,20.84195536851095,20.941672057481405,8.715286291066052,21.0,1,0.058327942518594966,20.941672057481405,20.5,21.5
686.0,20.84453003469546,20.909178091499204,8.716098934105345,21.0,1,0.09082190850079641,20.909178091499204,20.5,21.5
687.0,20.84710434847534,20.744014960041234,8.716910607650483,21.0,1,0.255985039958766,20.744014960041234,20.5,21.5
688.0,20.849678309727175,20.86358411803259,8.717721310602577,21.0,1,0.13641588196740884,20.86358411803259,20.5,21.5
689.0,20.85225191832735,20.823039310978782,8.718531041864052,21.0,1,0.1769606890212181,20.823039310978782,20.5,21.5
690.0,20.854825174152058,20.99275829456185,8.719339800338652,21.0,1,0.007241705438151058,20.99275829456185,20.5,21.5
691.0,20.857398077077296,21.00816243814621,8.720147584931432,21.0,1,-0.008162438146211315,21.00816243814621,20.5,21.5
692.0,20.859970626978868,21.154497780983768,8.72095439454877,21.0,1,-0.15449778098376754,21.154497780983768,20.5,21.5
693.0,20.862542823732383,21.13132660167388,8.721760228098361,21.0,1,-0.1313266016738801,21.13132660167388,20.5,21.5
694.0,20.865114667213255,21.225957515683,8.722565084489228,21.0,1,-0.2259575156829996,21.225957515683,20.5,21.5
695.0,20.86768615729671,21.253150769769636,8.723368962631708,21.0,1,-0.25315076976963624,21.253150769769636,20.5,21.5
696.0,20.870257293857776,21.22672385084328,8.724171861437467,21.0,1,-0.22672385084327829,21.22672385084328,20.5,21.5
697.0,20.87282807677129,21.218559855423045,8.724973779819498,21.0,1,-0.21855985542304524,21.218559855423045,20.5,21.5
698.0,20.8753985059119,21.122911953162795,8.725774716692118,21.0,1,-0.12291195316279513,21.122911953162795,20.5,21.5
699.0,20.877968581154057,21.158714195304338,8.726574670970976,21.0,1,-0.15871419530433784,21.158714195304338,20.5,21.5
700.0,20.88053830237202,21.011257858951222,8.727373641573049,21.0,1,-0.011257858951221777,21.011257858951222,20.5,21.5
701.0,20.88310766943986,20.999862473440977,8.728171627416646,21.0,1,0.00013752655902266042,20.999862473440977,20.5,21.5
702.0,20.885676682231455,20.878832649644963,8.72896862742141,21.0,1,0.12116735035503723,20.878832649644963,20.5,21.5
703.0,20.888245340620493,21.013323862940176,8.729764640508321,21.0,1,-0.013323862940175957,21.013323862940176,20.5,21.5
704.0,20.89081364448047,21.001717021456738,8.73055966559969,21.0,1,-0.0017170214567379105,21.001717021456738,20.5,21.5
705.0,20.893381593684694,21.02062097957828,8.73135370161917,21.0,1,-0.02062097957827902,21.02062097957828,20.5,21.5
706.0,20.895949188106282,21.004159277503557,8.73214674749175,21.0,1,-0.00415927750355749,21.004159277503557,20.5,21.5
707.0,20.89851642761816,21.12400237349423,8.732938802143762,21.0,1,-0.12400237349422838,21.12400237349423,20.5,21.5
708.0,20.901083312093064,21.116613063264047,8.733729864502877,21.0,1,-0.11661306326404741,21.116613063264047,20.5,21.5
709.0,20.903649841403546,21.097427540730287,8.734519933498111,21.0,1,-0.09742754073028692,21.097427540730287,20.5,21.5
710.0,20.906216015421965,21.00497417751787,8.73530900805983,21.0,1,-0.004974177517869549,21.00497417751787,20.5,21.5
711.0,20.90878183402049,21.067643767029246,8.736097087119735,21.0,1,-0.0676437670292458,21.067643767029246,20.5,21.5
712.0,20.91134729707111,21.099051979471323,8.736884169610883,21.0,1,-0.09905197947132294,21.099051979471323,20.5,21.5
713.0,20.913912404445618,21.13395302787834,8.737670254467682,21.0,1,-0.1339530278783414,21.13395302787834,20.5,21.5
714.0,20.916477156015624,21.102433596981335,8.738455340625883,21.0,1,-0.10243359698133503,21.102433596981335,20.5,21.5
715.0,20.919041551652548,21.130350176118508,8.739239427022596,21.0,1,-0.1303501761185082,21.130350176118508,20.5,21.5
716.0,20.92160559122762,21.078142215606128,8.74002251259628,21.0,1,-0.07814221560612822,21.078142215606128,20.5,21.5
717.0,20.924169274611895,20.967830382247953,8.74080459628675,21.0,1,0.03216961775204652,20.967830382247953,20.5,21.5
718.0,20.92673260167623,20.910288830633185,8.741585677035179,21.0,1,0.08971116936681511,20.910288830633185,20.5,21.5
719.0,20.9292955722913,21.068983044871768,8.742365753784098,21.0,1,-0.06898304487176787,21.068983044871768,20.5,21.5
720.0,20.9318581863276,21.122680565968047,8.743144825477394,21.0,1,-0.12268056596804655,21.122680565968047,20.5,21.5
721.0,20.93442044365543,21.189979599297942,8.743922891060318,21.0,1,-0.18997959929794206,21.189979599297942,20.5,21.5
722.0,20.936982344144912,21.22584961401145,8.744699949479482,21.0,1,-0.22584961401145165,21.22584961401145,20.5,21.5
723.0,20.93954388766598,21.243799227894392,8.745475999682862,21.0,1,-0.24379922789439235,21.243799227894392,20.5,21.5
724.0,20.942105074088385,21.082577039789278,8.746251040619798,21.0,1,-0.08257703978927822,21.082577039789278,20.5,21.5
725.0,20.94466590328169,21.086755324871696,8.747025071240996,21.0,1,-0.0867553248716959,21.086755324871696,20.5,21.5
726.0,20.947226375115285,21.08078212596869,8.747798090498533,21.0,1,-0.08078212596868894,21.08078212596869,20.5,21.5
727.0,20.94978648945836,21.12993125480281,8.74857009734585,21.0,1,-0.1299312548028091,21.12993125480281,20.5,21.5
728.0,20.95234624617994,21.14094161588458,8.749341090737763,21.0,1,-0.14094161588457865,21.14094161588458,20.5,21.5
729.0,20.954905645148852,21.212785364281945,8.75011106963046,21.0,1,-0.21278536428194528,21.212785364281945,20.5,21.5
730.0,20.95746468623375,21.296531444317402,8.750880032981499,21.0,1,-0.2965314443174023,21.296531444317402,20.5,21.5
731.0,20.960023369303098,21.285451911726078,8.751647979749817,21.0,1,-0.28545191172607787,21.285451911726078,20.5,21.5
732.0,20.962581694225186,21.285713802104834,8.752414908895725,21.0,1,-0.28571380210483355,21.285713802104834,20.5,21.5
733.0,20.96513966086812,21.299977541024766,8.75318081938091,21.0,1,-0.2999775410247665,21.299977541024766,20.5,21.5
734.0,20.967697269099823,21.249601871202422,8.753945710168443,21.0,1,-0.2496018712024224,21.249601871202422,20.5,21.5
735.0,20.970254518788035,21.174449974558833,8.754709580222771,21.0,1,-0.17444997455883282,21.174449974558833,20.5,21.5
736.0,20.97281140980032,21.258223911341624,8.755472428509727,21.0,1,-0.2582239113416236,21.258223911341624,20.5,21.5
737.0,20.975367942004063,21.26898406505729,8.756234253996523,21.0,1,-0.268984065057289,21.26898406505729,20.5,21.5
738.0,20.97792411526646,21.266248188402123,8.756995055651757,21.0,1,-0.2662481884021233,21.266248188402123,20.5,21.5
739.0,20.98047992945454,21.28437617406717,8.757754832445414,21.0,1,-0.28437617406716953,21.28437617406717,20.5,21.5
740.0,20.983035384435137,21.297338770225117,8.758513583348869,21.0,1,-0.29733877022511734,21.297338770225117,20.5,21.5
741.0,20.98559048007492,21.221846714843984,8.759271307334881,21.0,1,-0.22184671484398422,21.221846714843984,20.5,21.5
742.0,20.98814521624037,21.201839624250397,8.760028003377602,21.0,1,-0.2018396242503968,21.201839624250397,20.5,21.5
743.0,20.990699592797796,21.204269287332814,8.760783670452575,21.0,1,-0.20426928733281358,21.204269287332814,20.5,21.5
744.0,20.993253609613326,21.252004812551895,8.761538307536737,21.0,1,-0.25200481255189544,21.252004812551895,20.5,21.5
745.0,20.995807266552912,21.220094900670677,8.762291913608419,21.0,1,-0.22009490067067716,21.220094900670677,20.5,21.5
746.0,20.998360563482322,21.124319195336362,8.763044487647345,21.0,1,-0.12431919533636204,21.124319195336362,20.5,21.5
747.0,21.000913500267156,21.15666069202045,8.763796028634642,21.0,1,-0.15666069202044852,21.15666069202045,20.5,21.5
748.0,21.00346607677283,21.087593054707995,8.764546535552832,21.0,1,-0.08759305470799461,21.087593054707995,20.5,21.5
749.0,21.00601829286459,21.048479702771296,8.765296007385835,21.0,1,-0.04847970277129576,21.048479702771296,20.5,21.5
750.0,21.008570148407493,21.03470377709006,8.766044443118979,21.0,1,-0.03470377709005845,21.03470377709006,20.5,21.5
751.0,21.011121643266435,21.17752451517928,8.766791841738986,21.0,1,-0.1775245151792788,21.17752451517928,20.5,21.5
752.0,21.01367277730613,21.219051444139883,8.767538202233988,21.0,1,-0.21905144413988253,21.219051444139883,20.5,21.5
753.0,21.016223550391114,21.318470439149834,8.768283523593523,21.0,1,-0.3184704391498343,21.318470439149834,20.5,21.5
754.0,21.018773962385755,21.330188020910192,8.769027804808532,21.0,1,-0.3301880209101924,21.330188020910192,20.5,21.5
755.0,21.02132401315424,21.37978105312647,8.769771044871367,21.0,1,-0.3797810531264716,21.37978105312647,20.5,21.5
756.0,21.023873702560582,21.433998597140963,8.77051324277579,21.0,1,-0.4339985971409632,21.433998597140963,20.5,21.5
757.0,21.026423030468624,21.342450506536963,8.77125439751697,21.0,1,-0.34245050653696296,21.342450506536963,20.5,21.5
758.0,21.028971996742033,21.404747753287474,8.77199450809149,21.0,1,-0.4047477532874737,21.404747753287474,20.5,21.5
759.0,21.031520601244303,21.309850277353146,8.772733573497352,21.0,1,-0.30985027735314574,21.309850277353146,20.5,21.5
760.0,21.034068843838753,21.274629122528225,8.773471592733964,21.0,1,-0.2746291225282249,21.274629122528225,20.5,21.5
761.0,21.036616724388534,21.20732270465059,8.774208564802159,21.0,1,-0.20732270465058988,21.20732270465059,20.5,21.5
762.0,21.039164242756616,21.271994946782257,8.774944488704179,21.0,1,-0.27199494678225733,21.271994946782257,20.5,21.5
763.0,21.041711398805806,21.17085200376446,8.775679363443695,21.0,1,-0.17085200376445897,21.17085200376446,20.5,21.5
764.0,21.044258192398733,21.243826395187433,8.776413188025789,21.0,1,-0.24382639518743332,21.243826395187433,20.5,21.5
765.0,21.046804623397858,21.270015459935774,8.77714596145697,21.0,1,-0.2700154599357738,21.270015459935774,20.5,21.5
766.0,21.04935069166547,21.23488178539173,8.77787768274517,21.0,1,-0.23488178539173177,21.23488178539173,20.5,21.5
767.0,21.051896397063686,21.20499741351217,8.778608350899745,21.0,1,-0.20499741351217082,21.20499741351217,20.5,21.5
768.0,21.054441739454454,21.178655138676625,8.779337964931473,21.0,1,-0.17865513867662486,21.178655138676625,20.5,21.5
769.0,21.056986718699548,21.143714206258302,8.780066523852566,21.0,1,-0.1437142062583021,21.143714206258302,20.5,21.5
770.0,21.05953133466058,21.134488370381643,8.78079402667666,21.0,1,-0.13448837038164285,21.134488370381643,20.5,21.5
771.0,21.062075587198983,21.204754086129185,8.78152047241882,21.0,1,-0.204754086129185,21.204754086129185,20.5,21.5
772.0,21.064619476176027,21.26118523663501,8.782245860095543,21.0,1,-0.26118523663501136,21.26118523663501,20.5,21.5
773.0,21.067163001452812,21.199562104439675,8.782970188724763,21.0,1,-0.19956210443967493,21.199562104439675,20.5,21.5
774.0,21.069706162890267,21.16390000923951,8.783693457325839,21.0,1,-0.16390000923950865,21.16390000923951,20.5,21.5
775.0,21.072248960349153,21.201143675685454,8.784415664919576,21.0,1,-0.20114367568545433,21.201143675685454,20.5,21.5
776.0,21.074791393690067,21.215459486212886,8.785136810528206,21.0,1,-0.21545948621288602,21.215459486212886,20.5,21.5
777.0,21.077333462773435,21.158489123810742,8.785856893175401,21.0,1,-0.15848912381074243,21.158489123810742,20.5,21.5
778.0,21.079875167459516,21.307386528999295,8.786575911886278,21.0,1,-0.3073865289992952,21.307386528999295,20.5,21.5
779.0,21.0824165076084,21.386226311937953,8.787293865687387,21.0,1,-0.3862263119379534,21.386226311937953,20.5,21.5
780.0,21.084957483080014,21.36759176211866,8.788010753606722,21.0,1,-0.3675917621186606,21.36759176211866,20.5,21.5
781.0,21.08749809373412,21.32977798066847,8.788726574673722,21.0,1,-0.32977798066847086,21.32977798066847,20.5,21.5
782.0,21.090038339430308,21.45497849838518,8.789441327919269,21.0,1,-0.4549784983851808,21.45497849838518,20.5,21.5
783.0,21.092578220028006,21.4152375180165,8.79015501237569,21.0,1,-0.4152375180165002,21.4152375180165,20.5,21.5
784.0,21.095117735386477,21.445691125430827,8.79086762707676,21.0,1,-0.4456911254308267,21.445691125430827,20.5,21.5
785.0,21.097656885364817,21.426154979192408,8.791579171057704,21.0,1,-0.4261549791924075,21.426154979192408,20.5,21.5
786.0,21.100195669821954,21.4716262020792,8.79228964335519,21.0,1,-0.47162620207920014,21.4716262020792,20.5,21.5
787.0,21.10273408861666,21.370492328214443,8.792999043007345,21.0,1,-0.3704923282144428,21.370492328214443,20.5,21.5
788.0,21.10527214160754,21.419667336196703,8.793707369053745,21.0,1,-0.41966733619670293,21.419667336196703,20.5,21.5
789.0,21.10780982865303,21.388935638787114,8.794414620535418,21.0,1,-0.3889356387871139,21.388935638787114,20.5,21.5
790.0,21.110347149611403,21.47356263523035,8.795120796494848,21.0,1,-0.47356263523035125,21.47356263523035,20.5,21.5
791.0,21.11288410434078,21.420151707254007,8.795825895975975,21.0,1,-0.4201517072540071,21.420151707254007,20.5,21.5
792.0,21.115420692699107,21.382958875332754,8.796529918024197,21.0,1,-0.3829588753327542,21.382958875332754,20.5,21.5
793.0,21.117956914544173,21.333815450123193,8.79723286168637,21.0,1,-0.33381545012319336,21.333815450123193,20.5,21.5
794.0,21.120492769733602,21.291193245692845,8.797934726010809,21.0,1,-0.29119324569284544,21.291193245692845,20.5,21.5
795.0,21.123028258124858,21.188964733444823,8.798635510047292,21.0,1,-0.18896473344482345,21.188964733444823,20.5,21.5
796.0,21.125563379575244,21.173575791697328,8.799335212847062,21.0,1,-0.17357579169732773,21.173575791697328,20.5,21.5
797.0,21.128098133941897,21.285876349040613,8.80003383346282,21.0,1,-0.2858763490406133,21.285876349040613,20.5,21.5
798.0,21.1306325210818,21.331805635285892,8.800731370948734,21.0,1,-0.33180563528589246,21.331805635285892,20.5,21.5
799.0,21.133166540851775,21.445718768385415,8.801427824360442,21.0,1,-0.44571876838541513,21.445718768385415,20.5,21.5
800.0,21.135700193108477,21.547042849435858,8.802123192755044,21.0,0,-0.5470428494358579,21.547042849435858,20.5,21.5
801.0,21.133233477708405,21.564793247688357,8.802817475191114,21.0,0,-0.5647932476883568,21.564793247688357,20.5,21.5
802.0,21.130767394507902,21.408868663131706,8.803510670728695,21.0,0,-0.408868663131706,21.408868663131706,20.5,21.5
803.0,21.128301943163148,21.39376335176908,8.8042027784293,21.0,0,-0.3937633517690813,21.39376335176908,20.5,21.5
804.0,21.1258371233302,21.289128527757008,8.804893797355914,21.0,0,-0.2891285277570077,21.289128527757008,20.5,21.5
805.0,21.123372934665007,21.25467691748344,8.805583726573,21.0,0,-0.25467691748344023,21.25467691748344,20.5,21.5
806.0,21.120909376823388,21.32090756696399,8.806272565146491,21.0,0,-0.3209075669639887,21.32090756696399,20.5,21.5
807.0,21.118446449461054,21.42589268931197,8.806960312143802,21.0,0,-0.42589268931196855,21.42589268931197,20.5,21.5
808.0,21.11598415223359,21.374710674291233,8.807646966633822,21.0,0,-0.37471067429123295,21.374710674291233,20.5,21.5
809.0,21.11352248479647,21.393099631012724,8.80833252768692,21.0,0,-0.39309963101272416,21.393099631012724,20.5,21.5
810.0,21.111061446805046,21.41976767998073,8.809016994374947,21.0,0,-0.4197676799807297,21.41976767998073,20.5,21.5
811.0,21.10860103791456,21.423155741786434,8.809700365771233,21.0,0,-0.42315574178643445,21.423155741786434,20.5,21.5
812.0,21.10614125778013,21.38509228406684,8.810382640950595,21.0,0,-0.3850922840668396,21.38509228406684,20.5,21.5
813.0,21.103682106056766,21.360999542919252,8.811063818989327,21.0,0,-0.3609995429192523,21.360999542919252,20.5,21.5
814.0,21.101223582399353,21.35010844302992,8.811743898965215,21.0,0,-0.35010844302992083,21.35010844302992,20.5,21.5
815.0,21.098765686462666,21.320469525834195,8.812422879957529,21.0,0,-0.32046952583419497,21.320469525834195,20.5,21.5
816.0,21.096308417901366,21.285643643458826,8.813100761047028,21.0,0,-0.2856436434588261,21.285643643458826,20.5,21.5
817.0,21.093851776369995,21.28402135680934,8.813777541315957,21.0,0,-0.2840213568093404,21.28402135680934,20.5,21.5
818.0,21.091395761522985,21.241572915927303,8.814453219848057,21.0,0,-0.24157291592730346,21.241572915927303,20.5,21.5
819.0,21.08894037301465,21.31319509000673,8.815127795728554,21.0,0,-0.3131950900067295,21.31319509000673,20.5,21.5
820.0,21.086485610499192,21.32507244911205,8.815801268044172,21.0,0,-0.32507244911204936,21.32507244911205,20.5,21.5
821.0,21.084031473630702,21.249855583758368,8.816473635883126,21.0,0,-0.24985558375836803,21.249855583758368,20.5,21.5
822.0,21.081577962063154,21.229658643469644,8.817144898335128,21.0,0,-0.22965864346964437,21.229658643469644,20.5,21.5
823.0,21.07912507545041,21.333573390593937,8.817815054491387,21.0,0,-0.3335733905939371,21.333573390593937,20.5,21.5
824.0,21.07667281344622,21.189145251657518,8.818484103444606,21.0,0,-0.18914525165751783,21.189145251657518,20.5,21.5
825.0,21.074221175704217,21.16452195775382,8.819152044288991,21.0,0,-0.16452195775381995,21.16452195775382,20.5,21.5
826.0,21.071770161877932,21.180925858583574,8.819818876120248,21.0,0,-0.18092585858357424,21.180925858583574,20.5,21.5
827.0,21.06931977162078,21.146454554735094,8.820484598035582,21.0,0,-0.14645455473509372,21.146454554735094,20.5,21.5
828.0,21.06687000458606,21.13994452733572,8.821149209133704,21.0,0,-0.1399445273357216,21.13994452733572,20.5,21.5
829.0,21.06442086042697,21.196350555628385,8.821812708514825,21.0,0,-0.19635055562838488,21.196350555628385,20.5,21.5
830.0,21.06197233879659,21.245847873533116,8.822475095280662,21.0,0,-0.24584787353311555,21.245847873533116,20.5,21.5
831.0,21.059524439347886,21.234311320994763,8.823136368534442,21.0,0,-0.23431132099476315,21.234311320994763,20.5,21.5
832.0,21.057077161733723,21.2618359616596,8.823796527380896,21.0,0,-0.26183596165959955,21.2618359616596,20.5,21.5
833.0,21.054630505606852,21.20951339150749,8.824455570926263,21.0,0,-0.20951339150748893,21.20951339150749,20.5,21.5
834.0,21.052184470619917,21.35126144162646,8.825113498278295,21.0,0,-0.351261441626459,21.35126144162646,20.5,21.5
835.0,21.049739056425448,21.331072915378364,8.825770308546254,21.0,0,-0.33107291537836403,21.331072915378364,20.5,21.5
836.0,21.047294262675873,21.31322736115663,8.826426000840915,21.0,0,-0.3132273611566312,21.31322736115663,20.5,21.5
837.0,21.044850089023505,21.283858605187277,8.827080574274563,21.0,0,-0.2838586051872767,21.283858605187277,20.5,21.5
838.0,21.042406535120556,21.271050521966636,8.827734027961,21.0,0,-0.2710505219666359,21.271050521966636,20.5,21.5
839.0,21.039963600619124,21.1988669050393,8.828386361015548,21.0,0,-0.19886690503929927,21.1988669050393,20.5,21.5
840.0,21.037521285171202,21.11616597154681,8.829037572555041,21.0,0,-0.11616597154680974,21.11616597154681,20.5,21.5
841.0,21.03507958842868,21.13129584069626,8.829687661697834,21.0,0,-0.13129584069626077,21.13129584069626,20.5,21.5
842.0,21.032638510043334,21.137819319174405,8.830336627563797,21.0,0,-0.1378193191744046,21.137819319174405,20.5,21.5
843.0,21.03019804966684,21.133035626016966,8.830984469274329,21.0,0,-0.13303562601696584,21.133035626016966,20.5,21.5
844.0,21.02775820695076,21.13097647755252,8.831631185952341,21.0,0,-0.13097647755251884,21.13097647755252,20.5,21.5
845.0,21.02531898154656,21.169974466156606,8.832276776722278,21.0,0,-0.1699744661566065,21.169974466156606,20.5,21.5
846.0,21.022880373105597,21.185012149294472,8.8329212407101,21.0,0,-0.1850121492944723,21.185012149294472,20.5,21.5
847.0,21.020442381279118,21.26603708146694,8.833564577043296,21.0,0,-0.2660370814669406,21.26603708146694,20.5,21.5
848.0,21.01800500571827,21.22427029942531,8.834206784850885,21.0,0,-0.22427029942531007,21.22427029942531,20.5,21.5
849.0,21.015568246074096,21.183884935516407,8.834847863263407,21.0,0,-0.1838849355164065,21.183884935516407,20.5,21.5
850.0,21.013132101997535,21.13877348460307,8.835487811412936,21.0,0,-0.13877348460307104,21.13877348460307,20.5,21.5
851.0,21.010696573139416,21.120963667148896,8.836126628433076,21.0,0,-0.12096366714889584,21.120963667148896,20.5,21.5
852.0,21.008261659150474,21.06441127957442,8.836764313458962,21.0,0,-0.0644112795744185,21.06441127957442,20.5,21.5
853.0,21.005827359681337,21.185404856583045,8.837400865627258,21.0,0,-0.18540485658304462,21.185404856583045,20.5,21.5
854.0,21.003393674382526,21.210088914242345,8.838036284076168,21.0,0,-0.21008891424234477,21.210088914242345,20.5,21.5
855.0,21.000960602904463,21.263709900657307,8.838670567945424,21.0,0,-0.2637099006573074,21.263709900657307,20.5,21.5
856.0,20.99852814489747,21.22222066737455,8.8393037163763,21.0,0,-0.22222066737455037,21.22222066737455,20.5,21.5
857.0,20.996096300011764,21.16155077579354,8.839935728511605,21.0,0,-0.1615507757935397,21.16155077579354,20.5,21.5
858.0,20.993665067897464,21.148812016756075,8.840566603495684,21.0,0,-0.14881201675607514,21.148812016756075,20.5,21.5
859.0,20.991234448204583,21.10272168218666,8.841196340474426,21.0,0,-0.10272168218666167,21.10272168218666,20.5,21.5
860.0,20.98880444058304,21.030714744245607,8.841824938595257,21.0,0,-0.03071474424560705,21.030714744245607,20.5,21.5
861.0,20.986375044682642,21.095449392945838,8.842452397007147,21.0,0,-0.09544939294583799,21.095449392945838,20.5,21.5
862.0,20.983946260153107,21.150741763718948,8.843078714860608,21.0,0,-0.15074176371894765,21.150741763718948,20.5,21.5
863.0,20.981518086644048,21.136694052863454,8.843703891307698,21.0,0,-0.13669405286345437,21.136694052863454,20.5,21.5
864.0,20.97909052380498,21.143506472056604,8.844327925502014,21.0,0,-0.14350647205660394,21.143506472056604,20.5,21.5
865.0,20.97666357128532,21.205596315498337,8.844950816598711,21.0,0,-0.20559631549833668,21.205596315498337,20.5,21.5
866.0,20.974237228734385,21.243798702619888,8.845572563754478,21.0,0,-0.24379870261988756,21.243798702619888,20.5,21.5
867.0,20.97181149580139,21.13756662697262,8.846193166127565,21.0,0,-0.137566626972621,21.13756662697262,20.5,21.5
868.0,20.969386372135457,21.136776368293887,8.846812622877762,21.0,0,-0.13677636829388717,21.136776368293887,20.5,21.5
869.0,20.966961857385606,21.094828879284393,8.847430933166416,21.0,0,-0.09482887928439254,21.094828879284393,20.5,21.5
870.0,20.96453795120076,21.05568180395649,8.848048096156425,21.0,0,-0.05568180395648881,21.05568180395649,20.5,21.5
871.0,20.96211465322975,21.03363653873658,8.84866411101224,21.0,0,-0.033636538736580235,21.03363653873658,20.5,21.5
872.0,20.95969196312131,21.066579452264925,8.849278976899868,21.0,0,-0.06657945226492501,21.066579452264925,20.5,21.5
873.0,20.957269880524063,20.98639010433198,8.849892692986863,21.0,0,0.013609895668018623,20.98639010433198,20.5,21.5
874.0,20.954848405086555,21.02491621181566,8.85050525844235,21.0,0,-0.02491621181566117,21.02491621181566,20.5,21.5
875.0,20.952427536457225,21.137776429829252,8.851116672437,21.0,0,-0.13777642982925187,21.137776429829252,20.5,21.5
876.0,20.95000727428442,21.082310385345334,8.851726934143048,21.0,0,-0.08231038534533397,21.082310385345334,20.5,21.5
877.0,20.947587618216392,21.103913866641484,8.852336042734288,21.0,0,-0.10391386664148428,21.103913866641484,20.5,21.5
878.0,20.945168567901295,21.107632131932053,8.852943997386076,21.0,0,-0.10763213193205345,21.107632131932053,20.5,21.5
879.0,20.942750122987192,21.08720239393003,8.853550797275327,21.0,0,-0.08720239393003126,21.08720239393003,20.5,21.5
880.0,20.94033228312205,21.072817456702424,8.854156441580525,21.0,0,-0.07281745670242401,21.072817456702424,20.5,21.5
881.0,20.93791504795374,21.12068298389791,8.854760929481715,21.0,0,-0.1206829838979111,21.12068298389791,20.5,21.5
882.0,20.935498417130045,21.268374760554977,8.855364260160506,21.0,0,-0.2683747605549769,21.268374760554977,20.5,21.5
883.0,20.93308239029865,21.32750542277872,8.855966432800079,21.0,0,-0.32750542277872086,21.32750542277872,20.5,21.5
884.0,20.93066696710715,21.354959200202597,8.856567446585176,21.0,0,-0.35495920020259675,21.354959200202597,20.5,21.5
885.0,20.928252147203047,21.244409023363424,8.857167300702113,21.0,0,-0.24440902336342418,21.244409023363424,20.5,21.5
886.0,20.925837930233747,21.201779303809264,8.857765994338774,21.0,0,-0.20177930380926412,21.201779303809264,20.5,21.5
887.0,20.923424315846567,21.09896880079804,8.858363526684615,21.0,0,-0.09896880079804049,21.09896880079804,20.5,21.5
888.0,20.921011303688736,21.027079241887485,8.858959896930664,21.0,0,-0.027079241887484784,21.027079241887485,20.5,21.5
889.0,20.918598893407385,20.977972356900217,8.859555104269523,21.0,0,0.02202764309978278,20.977972356900217,20.5,21.5
890.0,20.916187084649557,21.05164411143669,8.860149147895365,21.0,0,-0.051644111436690565,21.05164411143669,20.5,21.5
891.0,20.913775877062207,21.061648494679233,8.860742027003944,21.0,0,-0.06164849467923261,21.061648494679233,20.5,21.5
892.0,20.911365270292194,20.93395886053238,8.861333740792585,21.0,0,0.06604113946762169,20.93395886053238,20.5,21.5
893.0,20.908955263986293,20.95372302581963,8.861924288460195,21.0,0,0.046276974180369024,20.95372302581963,20.5,21.5
894.0,20.906545857791187,21.06159562947792,8.862513669207257,21.0,0,-0.061595629477920966,21.06159562947792,20.5,21.5
895.0,20.90413705135347,21.061096445827356,8.863101882235837,21.0,0,-0.061096445827356405,21.061096445827356,20.5,21.5
896.0,20.901728844319646,21.152027292439243,8.863688926749576,21.0,0,-0.15202729243924296,21.152027292439243,20.5,21.5
897.0,20.89932123633613,21.24629364489821,8.864274801953705,21.0,0,-0.24629364489820915,21.24629364489821,20.5,21.5
898.0,20.896914227049255,21.327490599778688,8.86485950705503,21.0,0,-0.3274905997786881,21.327490599778688,20.5,21.5
899.0,20.894507816105257,21.26811887527603,8.86544304126195,21.0,0,-0.2681188752760306,21.26811887527603,20.5,21.5
900.0,20.89210200315029,21.19307929165841,-16.13397459621556,21.0,0,-0.1930792916584103,21.19307929165841,20.5,21.5
901.0,20.884696787830414,21.04041830317604,-16.133393406165936,21.0,0,-0.04041830317603967,21.04041830317604,20.5,21.5
902.0,20.877293169791614,21.100321434943215,-16.132813389376018,21.0,0,-0.10032143494321488,21.100321434943215,20.5,21.5
903.0,20.86989114847978,21.118235199183676,-16.13223454663107,21.0,0,-0.11823519918367609,21.118235199183676,20.5,21.5
904.0,20.86249072334076,21.16502786003812,-16.131656878714765,21.0,0,-0.1650278600381192,21.16502786003812,20.5,21.5
905.0,20.855091893820347,21.175648881516707,-16.13108038640917,21.0,0,-0.17564888151670743,21.175648881516707,20.5,21.5
906.0,20.8476946593643,21.232588870499985,-16.13050507049478,21.0,0,-0.23258887049998478,21.232588870499985,20.5,21.5
907.0,20.840299019418328,21.270276122515167,-16.12993093175049,21.0,0,-0.27027612251516686,21.270276122515167,20.5,21.5
908.0,20.832904973428093,21.14596960642583,-16.1293579709536,21.0,0,-0.14596960642582957,21.14596960642583,20.5,21.5
909.0,20.825512520839215,21.1378678181997,-16.12878618887981,21.0,0,-0.13786781819970173,21.1378678181997,20.5,21.5
910.0,20.818121661097273,21.102873075728297,-16.128215586303238,21.0,0,-0.10287307572829718,21.102873075728297,20.5,21.5
911.0,20.810732393647793,21.08004967483054,-16.127646163996392,21.0,0,-0.0800496748305406,21.08004967483054,20.5,21.5
912.0,20.803344717936266,20.950945336872753,-16.12707792273019,21.0,0,0.04905466312724727,20.950945336872753,20.5,21.5
913.0,20.795958633408134,20.826249221836616,-16.12651086327395,21.0,0,0.17375077816338447,20.826249221836616,20.5,21.5
914.0,20.788574139508796,20.80628856503713,-16.125944986395382,21.0,0,0.19371143496287146,20.80628856503713,20.5,21.5
915.0,20.781191235683615,20.86538946562231,-16.125380292860605,21.0,0,0.1346105343776891,20.86538946562231,20.5,21.5
916.0,20.773809921377907,20.882443439586304,-16.124816783434134,21.0,0,0.11755656041369633,20.882443439586304,20.5,21.5
917.0,20.766430196036946,20.917932944626806,-16.124254458878873,21.0,0,0.08206705537319436,20.917932944626806,20.5,21.5
918.0,20.75905205910596,21.0268381817319,-16.123693319956136,21.0,0,-0.026838181731900335,21.0268381817319,20.5,21.5
919.0,20.75167551003015,20.962314236957177,-16.12313336742562,21.0,0,0.03768576304282334,20.962314236957177,20.5,21.5
920.0,20.74430054825466,20.92799939019352,-16.122574602045418,21.0,0,0.07200060980648004,20.92799939019352,20.5,21.5
921.0,20.7369271732246,20.896700491133284,-16.122017024572017,21.0,0,0.10329950886671568,20.896700491133284,20.5,21.5
922.0,20.72955538438504,20.932190272468652,-16.1214606357603,21.0,0,0.06780972753134762,20.932190272468652,20.5,21.5
923.0,20.72218518118101,20.930392890615252,-16.120905436363536,21.0,0,0.0696071093847479,20.930392890615252,20.5,21.5
924.0,20.714816563057504,20.939742169089218,-16.120351427133386,21.0,0,0.06025783091078196,20.939742169089218,20.5,21.5
925.0,20.707449529459467,20.89736463265861,-16.119798608819888,21.0,0,0.10263536734138867,20.89736463265861,20.5,21.5
926.0,20.70008407983181,20.88871665882705,-16.11924698217149,21.0,0,0.11128334117294969,20.88871665882705,20.5,21.5
927.0,20.69272021361941,20.732461103211556,-16.11869654793501,21.0,0,0.26753889678844445,20.732461103211556,20.5,21.5
928.0,20.6853579302671,20.815261073033465,-16.118147306855654,21.0,0,0.18473892696653493,20.815261073033465,20.5,21.5
929.0,20.677997229219674,20.750555231960345,-16.117599259677014,21.0,0,0.24944476803965543,20.750555231960345,20.5,21.5
930.0,20.670638109921896,20.770397667699562,-16.117052407141074,21.0,0,0.2296023323004377,20.770397667699562,20.5,21.5
931.0,20.663280571818483,20.76969008199844,-16.116506749988183,21.0,0,0.2303099180015593,20.76969008199844,20.5,21.5
932.0,20.65592461435412,20.79773013353082,-16.115962288957093,21.0,0,0.20226986646918022,20.79773013353082,20.5,21.5
933.0,20.64857023697346,20.66780330825437,-16.115419024784917,21.0,0,0.3321966917456294,20.66780330825437,20.5,21.5
934.0,20.641217439121107,20.655454297316286,-16.114876958207155,21.0,0,0.344545702683714,20.655454297316286,20.5,21.5
935.0,20.63386622024164,20.588119587095658,-16.114336089957696,21.0,0,0.41188041290434185,20.588119587095658,20.5,21.5
936.0,20.6265165797796,20.601001216201656,-16.113796420768786,21.0,0,0.3989987837983442,20.601001216201656,20.5,21.5
937.0,20.619168517179492,20.745847756838735,-16.113257951371065,21.0,0,0.25415224316126483,20.745847756838735,20.5,21.5
938.0,20.611822031885783,20.63136908042034,-16.11272068249354,21.0,0,0.36863091957966176,20.63136908042034,20.5,21.5
939.0,20.604477123342907,20.7225736587957,-16.1121846148636,21.0,0,0.27742634120430054,20.7225736587957,20.5,21.5
940.0,20.597133790995265,20.799964187454684,-16.111649749206997,21.0,0,0.2000358125453161,20.799964187454684,20.5,21.5
941.0,20.589792034287225,20.70962919739568,-16.11111608624786,21.0,0,0.29037080260431836,20.70962919739568,20.5,21.5
942.0,20.582451852663116,20.589232508827514,-16.110583626708703,21.0,0,0.4107674911724857,20.589232508827514,20.5,21.5
943.0,20.57511324556724,20.7285433490685,-16.11005237131039,21.0,0,0.2714566509315013,20.7285433490685,20.5,21.5
944.0,20.567776212443867,20.650007359492154,-16.109522320772157,21.0,0,0.3499926405078462,20.650007359492154,20.5,21.5
945.0,20.560440752737225,20.680077196019575,-16.10899347581163,21.0,0,0.3199228039804254,20.680077196019575,20.5,21.5
946.0,20.553106865891515,20.742136840870636,-16.108465837144784,21.0,0,0.2578631591293643,20.742136840870636,20.5,21.5
947.0,20.545774551350906,20.828564390631374,-16.10793940548596,21.0,0,0.17143560936862556,20.828564390631374,20.5,21.5
948.0,20.53844380855954,20.803113815241908,-16.107414181547874,21.0,0,0.1968861847580925,20.803113815241908,20.5,21.5
949.0,20.53111463696152,20.84401750957021,-16.1068901660416,21.0,0,0.15598249042978907,20.84401750957021,20.5,21.5
950.0,20.52378703600092,20.75634489641112,-16.10636735967659,21.0,0,0.24365510358887832,20.75634489641112,20.5,21.5
951.0,20.516461005121784,20.72294275001515,-16.10584576316063,21.0,0,0.2770572499848498,20.72294275001515,20.5,21.5
952.0,20.509136543768125,20.59535005614734,-16.105325377199904,21.0,0,0.40464994385266095,20.59535005614734,20.5,21.5
953.0,20.50181365138393,20.66342085125084,-16.104806202498924,21.0,0,0.3365791487491592,20.66342085125084,20.5,21.5
954.0,20.494492327413152,20.63827234243322,-16.104288239760585,21.0,0,0.3617276575667816,20.63827234243322,20.5,21.5
955.0,20.487172571299716,20.721132891830436,-16.10377148968614,21.0,0,0.27886710816956395,20.721132891830436,20.5,21.5
956.0,20.47985438248752,20.7379279720871,-16.103255952975175,21.0,0,0.2620720279129003,20.7379279720871,20.5,21.5
957.0,20.472537760420426,20.7992028481972,-16.10274163032567,21.0,0,0.20079715180279933,20.7992028481972,20.5,21.5
958.0,20.465222704542278,20.780551176360202,-16.10222852243394,21.0,0,0.219448823639798,20.780551176360202,20.5,21.5
959.0,20.457909214296883,20.759698632530103,-16.101716629994648,21.0,0,0.24030136746989683,20.759698632530103,20.5,21.5
960.0,20.450597289128027,20.688424003044794,-16.101205953700834,21.0,0,0.3115759969552059,20.688424003044794,20.5,21.5
961.0,20.44328692847946,20.592019148585916,-16.100696494243874,21.0,0,0.40798085141408436,20.592019148585916,20.5,21.5
962.0,20.435978131794915,20.5551471895508,-16.1001882523135,21.0,0,0.44485281044919844,20.5551471895508,20.5,21.5
963.0,20.428670898518092,20.593845629675815,-16.099681228597806,21.0,0,0.40615437032418455,20.593845629675815,20.5,21.5
964.0,20.421365228092668,20.679738080653127,-16.099175423783223,21.0,0,0.32026191934687276,20.679738080653127,20.5,21.5
965.0,20.414061119962295,20.74402803379488,-16.09867083855454,21.0,0,0.2559719662051201,20.74402803379488,20.5,21.5
966.0,20.406758573570592,20.78729477226924,-16.098167473594884,21.0,0,0.2127052277307584,20.78729477226924,20.5,21.5
967.0,20.39945758836116,20.787185705645687,-16.09766532958575,21.0,0,0.2128142943543132,20.787185705645687,20.5,21.5
968.0,20.39215816377757,20.77752422956205,-16.097164407206964,21.0,0,0.2224757704379492,20.77752422956205,20.5,21.5
969.0,20.384860299263373,20.67086208272581,-16.0966647071367,21.0,0,0.3291379172741884,20.67086208272581,20.5,21.5
970.0,20.377563994262093,20.572865523818685,-16.09616623005148,21.0,0,0.4271344761813154,20.572865523818685,20.5,21.5
971.0,20.37026924821723,20.64579895409231,-16.095668976626172,21.0,0,0.35420104590768986,20.64579895409231,20.5,21.5
972.0,20.36297606057226,20.617867629967947,-16.09517294753398,21.0,0,0.38213237003205336,20.617867629967947,20.5,21.5
973.0,20.35568443077064,20.587576804228615,-16.094678143446462,21.0,0,0.4124231957713853,20.587576804228615,20.5,21.5
974.0,20.348394358255796,20.541532722693653,-16.09418456503351,21.0,0,0.4584672773063474,20.541532722693653,20.5,21.5
975.0,20.341105842471137,20.50644538561883,-16.09369221296335,21.0,0,0.4935546143811713,20.50644538561883,20.5,21.5
976.0,20.33381888286005,20.45518315273427,-16.093201087902564,21.0,1,0.5448168472657287,20.45518315273427,20.5,21.5
977.0,20.331533478865897,20.57111998135978,-16.092711190516063,21.0,1,0.4288800186402213,20.57111998135978,20.5,21.5
978.0,20.32924862993202,20.579575673865527,-16.092222521467093,21.0,1,0.4204243261344729,20.579575673865527,20.5,21.5
979.0,20.326964335701742,20.625582277735372,-16.09173508141724,21.0,1,0.3744177222646279,20.625582277735372,20.5,21.5
980.0,20.324680595818318,20.6596169504576,-16.091248871026437,21.0,1,0.3403830495423996,20.6596169504576,20.5,21.5
981.0,20.32239740992495,20.73830957313866,-16.090763890952932,21.0,1,0.2616904268613389,20.73830957313866,20.5,21.5
982.0,20.320114777664774,20.603882373852514,-16.09028014185332,21.0,1,0.39611762614748613,20.603882373852514,20.5,21.5
983.0,20.31783269868087,20.539633837529795,-16.089797624382534,21.0,1,0.4603661624702049,20.539633837529795,20.5,21.5
984.0,20.315551172616257,20.509200905942524,-16.08931633919382,21.0,1,0.49079909405747557,20.509200905942524,20.5,21.5
985.0,20.313270199113894,20.503325605470756,-16.088836286938783,21.0,1,0.49667439452924356,20.503325605470756,20.5,21.5
986.0,20.310989777816683,20.42470750870388,-16.088357468267333,21.0,1,0.5752924912961213,20.42470750870388,20.5,21.5
987.0,20.308709908367465,20.433534282719457,-16.087879883827725,21.0,1,0.5664657172805434,20.433534282719457,20.5,21.5
988.0,20.306430590409025,20.464668635270275,-16.087403534266542,21.0,1,0.5353313647297249,20.464668635270275,20.5,21.5
989.0,20.30415182358409,20.565218922558547,-16.086928420228688,21.0,1,0.43478107744145333,20.565218922558547,20.5,21.5
990.0,20.301873607535327,20.523625403366715,-16.0864545423574,21.0,1,0.47637459663328485,20.523625403366715,20.5,21.5
991.0,20.29959594190535,20.55587143345353,-16.08598190129424,21.0,1,0.44412856654647115,20.55587143345353,20.5,21.5
992.0,20.29731882633671,20.623212140942968,-16.085510497679095,21.0,1,0.37678785905703194,20.623212140942968,20.5,21.5
993.0,20.295042260471906,20.58354469551693,-16.085040332150175,21.0,1,0.416455304483069,20.58354469551693,20.5,21.5
994.0,20.29276624395338,20.590710086610837,-16.084571405344022,21.0,1,0.40928991338916276,20.590710086610837,20.5,21.5
995.0,20.29049077642352,20.680705811830663,-16.084103717895488,21.0,1,0.3192941881693372,20.680705811830663,20.5,21.5
996.0,20.28821585752466,20.639859005626352,-16.083637270437762,21.0,1,0.36014099437364777,20.639859005626352,20.5,21.5
997.0,20.285941486899066,20.584666876577245,-16.083172063602337,21.0,1,0.4153331234227551,20.584666876577245,20.5,21.5
998.0,20.283667664188965,20.6199242975929,-16.082708098019044,21.0,1,0.3800757024071011,20.6199242975929,20.5,21.5
999.0,20.281394389036524,20.60556814493928,-16.082245374316017,21.0,1,0.39443185506072,20.60556814493928,20.5,21.5
1000.0,20.279121661083853,20.59265712217056,-16.081783893119727,21.0,1,0.40734287782943923,20.59265712217056,20.5,21.5
1001.0,20.276849479973013,20.59426066183539,-16.081323655054945,21.0,1,0.4057393381646115,20.59426066183539,20.5,21.5
1002.0,20.274577845346005,20.63150481257137,-16.080864660744766,21.0,1,0.3684951874286284,20.63150481257137,20.5,21.5
1003.0,20.272306756844788,20.64323402425888,-16.080406910810606,21.0,1,0.35676597574111923,20.64323402425888,20.5,21.5
1004.0,20.270036214111258,20.60881332928563,-16.07995040587219,21.0,1,0.39118667071436874,20.60881332928563,20.5,21.5
1005.0,20.267766216787262,20.667887272088954,-16.079495146547558,21.0,1,0.3321127279110456,20.667887272088954,20.5,21.5
1006.0,20.265496764514594,20.565595855090336,-16.07904113345307,21.0,1,0.4344041449096636,20.565595855090336,20.5,21.5
1007.0,20.263227856935,20.470498551249854,-16.07858836720339,21.0,1,0.5295014487501462,20.470498551249854,20.5,21.5
1008.0,20.260959493690173,20.41700143319151,-16.0781368484115,21.0,1,0.5829985668084916,20.41700143319151,20.5,21.5
1009.0,20.25869167442175,20.300079978590894,-16.077686577688688,21.0,1,0.6999200214091061,20.300079978590894,20.5,21.5
1010.0,20.25642439877133,20.1814799719891,-16.077237555644558,21.0,1,0.8185200280109015,20.1814799719891,20.5,21.5
1011.0,20.254157666380447,20.172834003040194,-16.07678978288702,21.0,1,0.8271659969598062,20.172834003040194,20.5,21.5
1012.0,20.251891476890595,20.230729778763774,-16.07634326002229,21.0,1,0.7692702212362263,20.230729778763774,20.5,21.5
1013.0,20.249625829943213,20.29156432651597,-16.075897987654905,21.0,1,0.7084356734840291,20.29156432651597,20.5,21.5
1014.0,20.247360725179693,20.39043159236136,-16.075453966387688,21.0,1,0.6095684076386405,20.39043159236136,20.5,21.5
1015.0,20.245096162241378,20.350899126243124,-16.075011196821784,21.0,1,0.6491008737568755,20.350899126243124,20.5,21.5
1016.0,20.242832140769565,20.45943512437386,-16.07456967955664,21.0,1,0.5405648756261385,20.45943512437386,20.5,21.5
1017.0,20.2405686604055,20.446878172328635,-16.074129415190008,21.0,1,0.5531218276713652,20.446878172328635,20.5,21.5
1018.0,20.238305720790382,20.455838937797107,-16.073690404317936,21.0,1,0.5441610622028925,20.455838937797107,20.5,21.5
1019.0,20.23604332156536,20.43068526769742,-16.073252647534783,21.0,1,0.5693147323025798,20.43068526769742,20.5,21.5
1020.0,20.233781462371542,20.46273963975338,-16.07281614543321,21.0,1,0.5372603602466199,20.46273963975338,20.5,21.5
1021.0,20.23152014284998,20.460725381401424,-16.07238089860418,21.0,1,0.5392746185985757,20.460725381401424,20.5,21.5
1022.0,20.229259362641688,20.466782669091305,-16.071946907636953,21.0,1,0.5332173309086947,20.466782669091305,20.5,21.5
1023.0,20.22699912138763,20.3768385726576,-16.071514173119084,21.0,1,0.6231614273423993,20.3768385726576,20.5,21.5
1024.0,20.22473941872873,20.444051849453775,-16.07108269563644,21.0,1,0.5559481505462252,20.444051849453775,20.5,21.5
1025.0,20.222480254305857,20.479226513658507,-16.07065247577318,21.0,1,0.5207734863414935,20.479226513658507,20.5,21.5
1026.0,20.22022162775984,20.43315252504516,-16.07022351411175,21.0,1,0.5668474749548409,20.43315252504516,20.5,21.5
1027.0,20.217963538731468,20.48683759859877,-16.069795811232908,21.0,1,0.5131624014012317,20.48683759859877,20.5,21.5
1028.0,20.215705986861476,20.49560129681523,-16.0693693677157,21.0,1,0.5043987031847692,20.49560129681523,20.5,21.5
1029.0,20.21344897179056,20.428599581097306,-16.06894418413747,21.0,1,0.5714004189026944,20.428599581097306,20.5,21.5
1030.0,20.211192493159373,20.385729273974714,-16.068520261073857,21.0,1,0.6142707260252855,20.385729273974714,20.5,21.5
1031.0,20.208936550608527,20.455008812032993,-16.068097599098788,21.0,1,0.5449911879670069,20.455008812032993,20.5,21.5
1032.0,20.206681143778585,20.391649959014742,-16.06767619878449,21.0,1,0.6083500409852576,20.391649959014742,20.5,21.5
1033.0,20.204426272310073,20.41294614989179,-16.06725606070147,21.0,1,0.5870538501082088,20.41294614989179,20.5,21.5
1034.0,20.20217193584347,20.349187516323404,-16.066837185418542,21.0,1,0.6508124836765958,20.349187516323404,20.5,21.5
1035.0,20.199918134019217,20.310144515780095,-16.0664195735028,21.0,1,0.6898554842199047,20.310144515780095,20.5,21.5
1036.0,20.197664866477712,20.21351372247838,-16.066003225519626,21.0,1,0.7864862775216217,20.21351372247838,20.5,21.5
1037.0,20.195412132859314,20.151779701653485,-16.065588142032702,21.0,1,0.848220298346515,20.151779701653485,20.5,21.5
1038.0,20.193159932804335,20.113664708616756,-16.065174323603983,21.0,1,0.8863352913832436,20.113664708616756,20.5,21.5
1039.0,20.190908265953052,20.140844407014377,-16.06476177079373,21.0,1,0.8591555929856227,20.140844407014377,20.5,21.5
1040.0,20.188657131945703,20.286075592177177,-16.06435048416047,21.0,1,0.7139244078228231,20.286075592177177,20.5,21.5
1041.0,20.18640653042248,20.289694697113998,-16.063940464261027,21.0,1,0.7103053028860025,20.289694697113998,20.5,21.5
1042.0,20.184156461023544,20.374341820528752,-16.063531711650512,21.0,1,0.6256581794712481,20.374341820528752,20.5,21.5
1043.0,20.18190692338901,20.475977971599672,-16.063124226882316,21.0,1,0.5240220284003279,20.475977971599672,20.5,21.5
1044.0,20.179657917158956,20.46545832020274,-16.062718010508107,21.0,1,0.5345416797972611,20.46545832020274,20.5,21.5
1045.0,20.17740944197342,20.367134169069892,-16.062313063077855,21.0,1,0.6328658309301076,20.367134169069892,20.5,21.5
1046.0,20.17516149747241,20.47232907802283,-16.061909385139792,21.0,1,0.5276709219771689,20.47232907802283,20.5,21.5
1047.0,20.172914083295886,20.373224788780654,-16.061506977240445,21.0,1,0.6267752112193463,20.373224788780654,20.5,21.5
1048.0,20.17066719908378,20.237555014678474,-16.061105839924608,21.0,1,0.762444985321526,20.237555014678474,20.5,21.5
1049.0,20.16842084447598,20.300332368065284,-16.060705973735374,21.0,1,0.6996676319347159,20.300332368065284,20.5,21.5
1050.0,20.166175019112337,20.15420581265682,-16.06030737921409,21.0,1,0.8457941873431807,20.15420581265682,20.5,21.5
1051.0,20.163929722632673,20.03207892893148,-16.059910056900407,21.0,1,0.9679210710685204,20.03207892893148,20.5,21.5
1052.0,20.161684954676765,20.1389078950255,-16.05951400733224,21.0,1,0.8610921049744995,20.1389078950255,20.5,21.5
1053.0,20.159440714884365,20.09754041202978,-16.059119231045777,21.0,1,0.9024595879702204,20.09754041202978,20.5,21.5
1054.0,20.157197002895177,20.080097956129947,-16.05872572857549,21.0,1,0.9199020438700529,20.080097956129947,20.5,21.5
1055.0,20.154953818348883,20.171061794942194,-16.058333500454125,21.0,1,0.8289382050578062,20.171061794942194,20.5,21.5
1056.0,20.152711160885122,20.25975501868931,-16.057942547212704,21.0,1,0.7402449813106884,20.25975501868931,20.5,21.5
1057.0,20.1504690301435,20.28891097055657,-16.05755286938052,21.0,1,0.7110890294434284,20.28891097055657,20.5,21.5
1058.0,20.148227425763597,20.420229332944512,-16.057164467485137,21.0,1,0.5797706670554881,20.420229332944512,20.5,21.5
1059.0,20.145986347384948,20.39918469908627,-16.0567773420524,21.0,1,0.6008153009137303,20.39918469908627,20.5,21.5
1060.0,20.14374579464706,20.447101224674107,-16.056391493606416,21.0,1,0.5528987753258932,20.447101224674107,20.5,21.5
1061.0,20.14150576718941,20.441984716728374,-16.056006922669575,21.0,1,0.5580152832716259,20.441984716728374,20.5,21.5
1062.0,20.13926626465144,20.37808540852202,-16.05562362976252,21.0,1,0.6219145914779816,20.37808540852202,20.5,21.5
1063.0,20.137027286672556,20.386236551605542,-16.055241615404178,21.0,1,0.6137634483944581,20.386236551605542,20.5,21.5
1064.0,20.13478883289214,20.417140955949883,-16.054860880111747,21.0,1,0.5828590440501173,20.417140955949883,20.5,21.5
1065.0,20.13255090294954,20.42611585937403,-16.054481424400684,21.0,1,0.5738841406259709,20.42611585937403,20.5,21.5
1066.0,20.13031349648407,20.337396681705677,-16.054103248784713,21.0,1,0.6626033182943232,20.337396681705677,20.5,21.5
1067.0,20.12807661313502,20.24058416909093,-16.053726353775833,21.0,1,0.7594158309090702,20.24058416909093,20.5,21.5
1068.0,20.125840252541636,20.211713031065102,-16.0533507398843,21.0,1,0.7882869689348979,20.211713031065102,20.5,21.5
1069.0,20.123604414343152,20.195740889174544,-16.05297640761865,21.0,1,0.8042591108254555,20.195740889174544,20.5,21.5
1070.0,20.12136909817876,20.091717823857387,-16.052603357485673,21.0,1,0.9082821761426132,20.091717823857387,20.5,21.5
1071.0,20.119134303687627,20.164262890839638,-16.052231589990413,21.0,1,0.8357371091603625,20.164262890839638,20.5,21.5
1072.0,20.11690003050889,20.29083169979372,-16.051861105636203,21.0,1,0.7091683002062794,20.29083169979372,20.5,21.5
1073.0,20.11466627828166,20.314308093076612,-16.051491904924617,21.0,1,0.6856919069233882,20.314308093076612,20.5,21.5
1074.0,20.11243304664502,20.36061184727965,-16.051123988355503,21.0,1,0.6393881527203504,20.36061184727965,20.5,21.5
1075.0,20.11020033523802,20.52544322955846,-16.050757356426967,21.0,1,0.47455677044154143,20.52544322955846,20.5,21.5
1076.0,20.107968143699686,20.58079755768612,-16.050392009635374,21.0,1,0.41920244231387827,20.58079755768612,20.5,21.5
1077.0,20.10573647166902,20.63704135784672,-16.050027948475346,21.0,1,0.36295864215328066,20.63704135784672,20.5,21.5
1078.0,20.10350531878499,20.510231623517676,-16.049665173439777,21.0,1,0.4897683764823242,20.510231623517676,20.5,21.5
1079.0,20.101274684686544,20.38586526225572,-16.04930368501981,21.0,1,0.6141347377442798,20.38586526225572,20.5,21.5
1080.0,20.0990445690126,20.305745535471026,-16.048943483704846,21.0,1,0.6942544645289743,20.305745535471026,20.5,21.5
1081.0,20.096814971402058,20.40754351467291,-16.048584569982545,21.0,1,0.5924564853270908,20.40754351467291,20.5,21.5
1082.0,20.094585891493782,20.284841433461274,-16.04822694433883,21.0,1,0.7151585665387259,20.284841433461274,20.5,21.5
1083.0,20.092357328926617,20.337769017635388,-16.047870607257863,21.0,1,0.662230982364612,20.337769017635388,20.5,21.5
1084.0,20.09012928333938,20.4190660129276,-16.047515559222077,21.0,1,0.5809339870723988,20.4190660129276,20.5,21.5
1085.0,20.08790175437087,20.368564121411644,-16.047161800712164,21.0,1,0.6314358785883556,20.368564121411644,20.5,21.5
1086.0,20.08567474165985,20.279268502120615,-16.046809332207054,21.0,1,0.7207314978793846,20.279268502120615,20.5,21.5
1087.0,20.083448244845076,20.35335892902841,-16.046458154183938,21.0,1,0.6466410709715902,20.35335892902841,20.5,21.5
1088.0,20.08122226356527,20.297070974878995,-16.046108267118264,21.0,1,0.702929025121005,20.297070974878995,20.5,21.5
1089.0,20.078996797459133,20.32235239648519,-16.045759671483722,21.0,1,0.67764760351481,20.32235239648519,20.5,21.5
1090.0,20.076771846165347,20.34387664615399,-16.04541236775227,21.0,1,0.6561233538460094,20.34387664615399,20.5,21.5
1091.0,20.074547409322562,20.36136852981133,-16.045066356394095,21.0,1,0.6386314701886704,20.36136852981133,20.5,21.5
1092.0,20.07232348656942,20.347341798481704,-16.044721637877657,21.0,1,0.652658201518296,20.347341798481704,20.5,21.5
1093.0,20.07010007754453,20.37715646840156,-16.04437821266965,21.0,1,0.6228435315984413,20.37715646840156,20.5,21.5
1094.0,20.067877181886487,20.30043460125838,-16.04403608123502,21.0,1,0.699565398741619,20.30043460125838,20.5,21.5
1095.0,20.06565479923386,20.307748201523317,-16.043695244036964,21.0,1,0.6922517984766827,20.307748201523317,20.5,21.5
1096.0,20.063432929225208,20.102132796396006,-16.04335570153693,21.0,1,0.8978672036039939,20.102132796396006,20.5,21.5
1097.0,20.061211571499054,19.984383204561976,-16.043017454194608,21.0,1,1.0156167954380244,19.984383204561976,20.5,21.5
1098.0,20.058990725693917,20.112996799508505,-16.04268050246793,21.0,1,0.8870032004914954,20.112996799508505,20.5,21.5
1099.0,20.056770391448286,20.136369470230193,-16.04234484681309,21.0,1,0.8636305297698073,20.136369470230193,20.5,21.5
1100.0,20.054550568400632,20.147484654773084,-16.04201048768451,21.0,1,0.8525153452269159,20.147484654773084,20.5,21.5
1101.0,20.052331256189415,20.29140422831907,-16.041677425534864,21.0,1,0.7085957716809297,20.29140422831907,20.5,21.5
1102.0,20.05011245445307,20.459215264745175,-16.041345660815075,21.0,1,0.5407847352548245,20.459215264745175,20.5,21.5
1103.0,20.04789416283002,20.315169820588768,-16.0410151939743,21.0,1,0.6848301794112324,20.315169820588768,20.5,21.5
1104.0,20.045676380958657,20.344145992619815,-16.04068602545994,21.0,1,0.6558540073801851,20.344145992619815,20.5,21.5
1105.0,20.04345910847737,20.391134774340774,-16.04035815571765,21.0,1,0.6088652256592262,20.391134774340774,20.5,21.5
1106.0,20.041242345024532,20.338770656174443,-16.040031585191315,21.0,1,0.661229343825557,20.338770656174443,20.5,21.5
1107.0,20.03902609023849,20.24013493915813,-16.039706314323055,21.0,1,0.7598650608418716,20.24013493915813,20.5,21.5
1108.0,20.036810343757576,20.382592947154837,-16.039382343553253,21.0,1,0.617407052845163,20.382592947154837,20.5,21.5
1109.0,20.034595105220113,20.43766586309598,-16.039059673320512,21.0,1,0.5623341369040205,20.43766586309598,20.5,21.5
1110.0,20.032380374264406,20.437116729436223,-16.03873830406168,21.0,1,0.562883270563777,20.437116729436223,20.5,21.5
1111.0,20.03016615052874,20.41652329223833,-16.038418236211847,21.0,1,0.5834767077616689,20.41652329223833,20.5,21.5
1112.0,20.02795243365139,20.36691877607298,-16.038099470204337,21.0,1,0.6330812239270216,20.36691877607298,20.5,21.5
1113.0,20.02573922327062,20.226384445881983,-16.037782006470714,21.0,1,0.7736155541180167,20.226384445881983,20.5,21.5
1114.0,20.02352651902467,20.096816415523314,-16.037465845440778,21.0,1,0.903183584476686,20.096816415523314,20.5,21.5
1115.0,20.021314320551777,20.098091537053953,-16.03715098754256,21.0,1,0.9019084629460465,20.098091537053953,20.5,21.5
1116.0,20.01910262749016,20.060215665080115,-16.036837433202344,21.0,1,0.9397843349198851,20.060215665080115,20.5,21.5
1117.0,20.01689143947802,20.141072667481296,-16.03652518284462,21.0,1,0.8589273325187037,20.141072667481296,20.5,21.5
1118.0,20.014680756153556,20.186304856538996,-16.036214236892146,21.0,1,0.813695143461004,20.186304856538996,20.5,21.5
1119.0,20.012470577154946,20.3002730954432,-16.035904595765892,21.0,1,0.6997269045568011,20.3002730954432,20.5,21.5
1120.0,20.01026090212036,20.29240581637346,-16.03559625988506,21.0,1,0.70759418362654,20.29240581637346,20.5,21.5
1121.0,20.00805173068796,20.318855401879738,-16.0352892296671,21.0,1,0.6811445981202624,20.318855401879738,20.5,21.5
1122.0,20.005843062495888,20.286984180641447,-16.034983505527688,21.0,1,0.713015819358553,20.286984180641447,20.5,21.5
1123.0,20.003634897182284,20.330430887791774,-16.034679087880725,21.0,1,0.6695691122082259,20.330430887791774,20.5,21.5
1124.0,20.00142723438527,20.273209720433677,-16.03437597713835,21.0,1,0.7267902795663232,20.273209720433677,20.5,21.5
1125.0,19.99922007374297,20.198263292823743,-16.034074173710934,21.0,1,0.8017367071762571,20.198263292823743,20.5,21.5
1126.0,19.997013414893477,20.2262623089006,-16.033773678007066,21.0,1,0.7737376910993987,20.2262623089006,20.5,21.5
1127.0,19.994807257474896,20.1399616508493,-16.033474490433584,21.0,1,0.8600383491506989,20.1399616508493,20.5,21.5
1128.0,19.992601601125315,20.14462832431431,-16.03317661139554,21.0,1,0.8553716756856886,20.14462832431431,20.5,21.5
1129.0,19.990396445482812,20.13124298969578,-16.03288004129622,21.0,1,0.8687570103042184,20.13124298969578,20.5,21.5
1130.0,19.988191790185457,20.147787752252896,-16.032584780537135,21.0,1,0.8522122477471044,20.147787752252896,20.5,21.5
1131.0,19.985987634871314,20.209960686392268,-16.03229082951803,21.0,1,0.7900393136077319,20.209960686392268,20.5,21.5
1132.0,19.983783979178437,20.24852540299126,-16.031998188636866,21.0,1,0.7514745970087411,20.24852540299126,20.5,21.5
1133.0,19.981580822744874,20.163247845404193,-16.031706858289837,21.0,1,0.836752154595807,20.163247845404193,20.5,21.5
1134.0,19.97937816520867,20.207469337200102,-16.03141683887137,21.0,1,0.7925306627998978,20.207469337200102,20.5,21.5
1135.0,19.977176006207852,20.296997063085797,-16.0311281307741,21.0,1,0.7030029369142028,20.296997063085797,20.5,21.5
1136.0,19.974974345380456,20.174454883280685,-16.0308407343889,21.0,1,0.8255451167193151,20.174454883280685,20.5,21.5
1137.0,19.972773182364502,20.147099802701188,-16.03055465010486,21.0,1,0.852900197298812,20.147099802701188,20.5,21.5
1138.0,19.970572516798008,20.163965003580902,-16.030269878309305,21.0,1,0.8360349964190981,20.163965003580902,20.5,21.5
1139.0,19.968372348318987,20.12132731542841,-16.02998641938776,21.0,1,0.8786726845715904,20.12132731542841,20.5,21.5
1140.0,19.966172676565446,19.999521710219533,-16.029704273724004,21.0,1,1.0004782897804674,19.999521710219533,20.5,21.5
1141.0,19.96397350117539,20.01810455732976,-16.02942344170001,21.0,1,0.9818954426702398,20.01810455732976,20.5,21.5
1142.0,19.961774821786815,20.05748782987405,-16.02914392369599,21.0,1,0.9425121701259513,20.05748782987405,20.5,21.5
1143.0,19.959576638037717,20.157258682447928,-16.028865720090366,21.0,1,0.8427413175520719,20.157258682447928,20.5,21.5
1144.0,19.957378949566092,20.131080133853892,-16.028588831259786,21.0,1,0.8689198661461077,20.131080133853892,20.5,21.5
1145.0,19.955181756009928,20.118238906445413,-16.02831325757912,21.0,1,0.8817610935545872,20.118238906445413,20.5,21.5
1146.0,19.95298505700721,20.13597744080751,-16.028038999421454,21.0,1,0.8640225591924917,20.13597744080751,20.5,21.5
1147.0,19.950788852195927,20.1717057365862,-16.027766057158093,21.0,1,0.8282942634137989,20.1717057365862,20.5,21.5
1148.0,19.948593141214058,20.11045324898032,-16.027494431158562,21.0,1,0.8895467510196795,20.11045324898032,20.5,21.5
1149.0,19.946397923699582,20.1710167637522,-16.027224121790603,21.0,1,0.8289832362478009,20.1710167637522,20.5,21.5
1150.0,19.944203199290484,20.2569908843426,-16.026955129420177,21.0,1,0.7430091156574008,20.2569908843426,20.5,21.5
1151.0,19.94200896762474,20.230836224195617,-16.02668745441146,21.0,1,0.7691637758043832,20.230836224195617,20.5,21.5
1152.0,19.939815228340333,20.236016638791565,-16.02642109712684,21.0,1,0.7639833612084352,20.236016638791565,20.5,21.5
1153.0,19.93762198107524,20.2225993327517,-16.026156057926933,21.0,1,0.7774006672483011,20.2225993327517,20.5,21.5
1154.0,19.935429225467438,20.119396472930706,-16.02589233717056,21.0,1,0.8806035270692938,20.119396472930706,20.5,21.5
1155.0,19.93323696115491,20.14577259201492,-16.025629935214766,21.0,1,0.8542274079850785,20.14577259201492,20.5,21.5
1156.0,19.931045187775638,20.203743081832886,-16.025368852414797,21.0,1,0.7962569181671135,20.203743081832886,20.5,21.5
1157.0,19.9288539049676,20.226584587213985,-16.02510908912413,21.0,1,0.7734154127860151,20.226584587213985,20.5,21.5
1158.0,19.926663112368782,20.272071049859754,-16.024850645694436,21.0,1,0.727928950140246,20.272071049859754,20.5,21.5
1159.0,19.92447280961717,20.314841051672204,-16.02459352247562,21.0,1,0.6851589483277962,20.314841051672204,20.5,21.5
1160.0,19.922282996350752,20.20786112184515,-16.024337719815787,21.0,1,0.7921388781548515,20.20786112184515,20.5,21.5
1161.0,19.920093672207518,20.171260676455013,-16.02408323806125,21.0,1,0.8287393235449869,20.171260676455013,20.5,21.5
1162.0,19.917904836825464,20.108780467117622,-16.023830077556553,21.0,1,0.8912195328823778,20.108780467117622,20.5,21.5
1163.0,19.915716489842588,20.02787232189595,-16.023578238644426,21.0,1,0.9721276781040515,20.02787232189595,20.5,21.5
1164.0,19.91352863089689,20.150947997366497,-16.023327721665833,21.0,1,0.8490520026335027,20.150947997366497,20.5,21.5
1165.0,19.91134125962638,20.175635719335503,-16.023078526959928,21.0,1,0.8243642806644971,20.175635719335503,20.5,21.5
1166.0,19.90915437566906,20.09985137680335,-16.022830654864094,21.0,1,0.9001486231966496,20.09985137680335,20.5,21.5
1167.0,19.906967978662955,20.068727756573445,-16.022584105713904,21.0,1,0.9312722434265552,20.068727756573445,20.5,21.5
1168.0,19.904782068246078,20.091236068323752,-16.022338879843158,21.0,1,0.9087639316762477,20.091236068323752,20.5,21.5
1169.0,19.90259664405646,19.97123948558675,-16.02209497758385,21.0,1,1.02876051441325,19.97123948558675,20.5,21.5
1170.0,19.900411705732132,19.87760933958103,-16.021852399266194,21.0,1,1.1223906604189686,19.87760933958103,20.5,21.5
1171.0,19.898227252911134,20.01702106039739,-16.021611145218603,21.0,1,0.9829789396026101,20.01702106039739,20.5,21.5
1172.0,19.896043285231507,20.064755538708585,-16.0213712157677,21.0,1,0.9352444612914148,20.064755538708585,20.5,21.5
1173.0,19.893859802331306,19.990125516633135,-16.021132611238315,21.0,1,1.0098744833668647,19.990125516633135,20.5,21.5
1174.0,19.891676803848593,20.00144094470924,-16.020895331953483,21.0,1,0.9985590552907588,20.00144094470924,20.5,21.5
1175.0,19.88949428942143,20.15287217515201,-16.02065937823445,21.0,1,0.8471278248479912,20.15287217515201,20.5,21.5
1176.0,19.8873122586879,20.101404331757454,-16.020424750400657,21.0,1,0.898595668242546,20.101404331757454,20.5,21.5
1177.0,19.88513071128608,20.08944942625412,-16.020191448769758,21.0,1,0.9105505737458799,20.08944942625412,20.5,21.5
1178.0,19.88294964685407,20.205314070678906,-16.019959473657615,21.0,1,0.7946859293210942,20.205314070678906,20.5,21.5
1179.0,19.880769065029966,20.172914588624195,-16.01972882537828,21.0,1,0.8270854113758048,20.172914588624195,20.5,21.5
1180.0,19.878588965451886,20.20021243376764,-16.01949950424402,21.0,1,0.7997875662323608,20.20021243376764,20.5,21.5
1181.0,19.876409347757946,20.132716910883865,-16.019271510565307,21.0,1,0.8672830891161354,20.132716910883865,20.5,21.5
1182.0,19.87423021158628,20.166357165034395,-16.019044844650807,21.0,1,0.8336428349656053,20.166357165034395,20.5,21.5
1183.0,19.872051556575034,20.060501917775238,-16.018819506807397,21.0,1,0.9394980822247625,20.060501917775238,20.5,21.5
1184.0,19.869873382362357,20.037345356888345,-16.018595497340147,21.0,1,0.9626546431116552,20.037345356888345,20.5,21.5
1185.0,19.867695688586416,19.996143659350047,-16.018372816552336,21.0,1,1.0038563406499534,19.996143659350047,20.5,21.5
1186.0,19.865518474885388,20.106718713019145,-16.01815146474544,21.0,1,0.8932812869808551,20.106718713019145,20.5,21.5
1187.0,19.86334174089746,20.014741886444625,-16.01793144221914,21.0,1,0.9852581135553748,20.014741886444625,20.5,21.5
1188.0,19.861165486260838,19.94087124052646,-16.01771274927131,21.0,1,1.0591287594735412,19.94087124052646,20.5,21.5
1189.0,19.85898971061373,19.991278152206327,-16.017495386198036,21.0,1,1.008721847793673,19.991278152206327,20.5,21.5
1190.0,19.856814413594368,19.92685155127222,-16.01727935329359,21.0,1,1.0731484487277783,19.92685155127222,20.5,21.5
1191.0,19.85463959484099,19.845825339317376,-16.017064650850443,21.0,1,1.1541746606826244,19.845825339317376,20.5,21.5
1192.0,19.852465253991852,19.835424992711232,-16.016851279159287,21.0,1,1.164575007288768,19.835424992711232,20.5,21.5
1193.0,19.85029139068522,19.98335444462068,-16.016639238508986,21.0,1,1.0166455553793199,19.98335444462068,20.5,21.5
1194.0,19.84811800455938,19.976521909288795,-16.016428529186612,21.0,1,1.0234780907112047,19.976521909288795,20.5,21.5
1195.0,19.84594509525263,19.969706567545956,-16.016219151477443,21.0,1,1.0302934324540445,19.969706567545956,20.5,21.5
1196.0,19.843772662403286,20.017408974032445,-16.016011105664937,21.0,1,0.9825910259675545,20.017408974032445,20.5,21.5
1197.0,19.84160070564967,20.10053075084841,-16.01580439203076,21.0,1,0.8994692491515899,20.10053075084841,20.5,21.5
1198.0,19.839429224630134,20.01968632450567,-16.01559901085477,21.0,1,0.9803136754943296,20.01968632450567,20.5,21.5
1199.0,19.837258218983038,20.068594188879874,-16.01539496241503,21.0,1,0.9314058111201255,20.068594188879874,20.5,21.5
1200.0,19.835087688346757,20.151705777821263,-16.015192246987795,21.0,1,0.8482942221787368,20.151705777821263,20.5,21.5
1201.0,19.832917632359692,20.10234048780098,-16.014990864847498,21.0,1,0.8976595121990201,20.10234048780098,20.5,21.5
1202.0,19.83074805066025,20.129389560968203,-16.01479081626679,21.0,1,0.8706104390317968,20.129389560968203,20.5,21.5
1203.0,19.828578942886864,20.188545288624645,-16.01459210151651,21.0,1,0.8114547113753545,20.188545288624645,20.5,21.5
1204.0,19.826410308677982,20.19049373960855,-16.014394720865685,21.0,1,0.8095062603914513,20.19049373960855,20.5,21.5
1205.0,19.824242147672074,20.205974225985692,-16.01419867458154,21.0,1,0.7940257740143082,20.205974225985692,20.5,21.5
1206.0,19.822074459507622,20.225050580727533,-16.014003962929493,21.0,1,0.7749494192724669,20.225050580727533,20.5,21.5
1207.0,19.819907243823135,20.122242540757888,-16.01381058617316,21.0,1,0.8777574592421118,20.122242540757888,20.5,21.5
1208.0,19.817740500257134,20.15083908514869,-16.013618544574342,21.0,1,0.8491609148513106,20.15083908514869,20.5,21.5
1209.0,19.815574228448167,20.082336915833828,-16.01342783839303,21.0,1,0.9176630841661719,20.082336915833828,20.5,21.5
1210.0,19.813408428034798,20.11769761402136,-16.01323846788742,21.0,1,0.8823023859786403,20.11769761402136,20.5,21.5
1211.0,19.811243098655613,20.109748971455524,-16.013050433313893,21.0,1,0.8902510285444762,20.109748971455524,20.5,21.5
1212.0,19.80907823994922,20.146531643788453,-16.012863734927013,21.0,1,0.8534683562115468,20.146531643788453,20.5,21.5
1213.0,19.806913851554246,20.08143942047409,-16.012678372979547,21.0,1,0.9185605795259093,20.08143942047409,20.5,21.5
1214.0,19.80474993310934,20.076380570453644,-16.012494347722452,21.0,1,0.9236194295463562,20.076380570453644,20.5,21.5
1215.0,19.802586484253172,19.97559599244615,-16.012311659404862,21.0,1,1.0244040075538514,19.97559599244615,20.5,21.5
1216.0,19.80042350462444,19.976237629502627,-16.01213030827412,21.0,1,1.0237623704973728,19.976237629502627,20.5,21.5
1217.0,19.79826099386186,19.95417774124378,-16.011950294575744,21.0,1,1.0458222587562211,19.95417774124378,20.5,21.5
1218.0,19.796098951604172,19.93914938458358,-16.011771618553446,21.0,1,1.0608506154164203,19.93914938458358,20.5,21.5
1219.0,19.793937377490142,19.919125783934017,-16.01159428044913,21.0,1,1.0808742160659826,19.919125783934017,20.5,21.5
1220.0,19.791776271158554,19.997049461617536,-16.011418280502888,21.0,1,1.0029505383824642,19.997049461617536,20.5,21.5
1221.0,19.78961563224822,20.0227433795773,-16.011243618952996,21.0,1,0.9772566204227005,20.0227433795773,20.5,21.5
1222.0,19.787455460397982,20.104459177776935,-16.011070296035918,21.0,1,0.8955408222230652,20.104459177776935,20.5,21.5
1223.0,19.785295755246697,20.127918373799503,-16.01089831198631,21.0,1,0.8720816262004973,20.127918373799503,20.5,21.5
1224.0,19.78313651643325,20.151482941613185,-16.01072766703701,21.0,1,0.8485170583868147,20.151482941613185,20.5,21.5
1225.0,19.780977743596555,20.089055015430652,-16.010558361419058,21.0,1,0.9109449845693476,20.089055015430652,20.5,21.5
1226.0,19.778819436375553,20.084033174844137,-16.010390395361654,21.0,1,0.9159668251558628,20.084033174844137,20.5,21.5
1227.0,19.776661594409205,19.889055405632547,-16.01022376909221,21.0,1,1.110944594367453,19.889055405632547,20.5,21.5
1228.0,19.774504217336506,19.918994344337428,-16.010058482836314,21.0,1,1.0810056556625725,19.918994344337428,20.5,21.5
1229.0,19.772347304796472,19.86388104162776,-16.009894536817733,21.0,1,1.13611895837224,19.86388104162776,20.5,21.5
1230.0,19.77019085642815,19.83036057721264,-16.00973193125843,21.0,1,1.169639422787359,19.83036057721264,20.5,21.5
1231.0,19.768034871870615,19.826914436647378,-16.00957066637855,21.0,1,1.1730855633526218,19.826914436647378,20.5,21.5
1232.0,19.765879350762965,19.91649065528633,-16.00941074239642,21.0,1,1.0835093447136686,19.91649065528633,20.5,21.5
1233.0,19.76372429274433,19.929811582437345,-16.009252159528558,21.0,1,1.0701884175626546,19.929811582437345,20.5,21.5
1234.0,19.761569697453876,19.959171622705377,-16.009094917989657,21.0,1,1.0408283772946234,19.959171622705377,20.5,21.5
1235.0,19.759415564530787,19.98610238243001,-16.008939017992603,21.0,1,1.0138976175699916,19.98610238243001,20.5,21.5
1236.0,19.75726189361428,19.982278955740497,-16.00878445974846,21.0,1,1.0177210442595026,19.982278955740497,20.5,21.5
1237.0,19.755108684343607,20.107344693676325,-16.008631243466475,21.0,1,0.8926553063236753,20.107344693676325,20.5,21.5
1238.0,19.752955936358045,20.134974085762053,-16.008479369354088,21.0,1,0.8650259142379468,20.134974085762053,20.5,21.5
1239.0,19.750803649296902,20.208542915630012,-16.008328837616908,21.0,1,0.7914570843699877,20.208542915630012,20.5,21.5
1240.0,19.74865182279952,20.113120891925824,-16.008179648458736,21.0,1,0.8868791080741758,20.113120891925824,20.5,21.5
1241.0,19.746500456505267,20.184528771277662,-16.008031802081554,21.0,1,0.8154712287223376,20.184528771277662,20.5,21.5
1242.0,19.74434955005355,20.089528861351646,-16.007885298685522,21.0,1,0.9104711386483544,20.089528861351646,20.5,21.5
1243.0,19.742199103083802,19.977019316898684,-16.007740138468982,21.0,1,1.0229806831013164,19.977019316898684,20.5,21.5
1244.0,19.740049115235493,19.879795526571762,-16.00759632162847,21.0,1,1.1202044734282381,19.879795526571762,20.5,21.5
1245.0,19.73789958614812,19.987634790539634,-16.00745384835868,21.0,1,1.0123652094603663,19.987634790539634,20.5,21.5
1246.0,19.73575051546122,19.89496885298821,-16.007312718852504,21.0,1,1.1050311470117897,19.89496885298821,20.5,21.5
1247.0,19.733601902814357,19.819246878163888,-16.007172933301018,21.0,1,1.180753121836112,19.819246878163888,20.5,21.5
1248.0,19.731453747847134,19.838360610054714,-16.007034491893464,21.0,1,1.161639389945286,19.838360610054714,20.5,21.5
1249.0,19.729306050199185,19.834153414934615,-16.006897394817273,21.0,1,1.1658465850653847,19.834153414934615,20.5,21.5
1250.0,19.727158809510183,19.816739198781807,-16.006761642258056,21.0,1,1.1832608012181929,19.816739198781807,20.5,21.5
1251.0,19.72501202541983,19.91209463150654,-16.006627234399602,21.0,1,1.087905368493459,19.91209463150654,20.5,21.5
1252.0,19.722865697567865,20.002402647011383,-16.00649417142388,21.0,1,0.9975973529886168,20.002402647011383,20.5,21.5
1253.0,19.720719825594067,20.02604169056522,-16.006362453511038,21.0,1,0.9739583094347815,20.02604169056522,20.5,21.5
1254.0,19.718574409138245,20.09822938358645,-16.006232080839403,21.0,1,0.9017706164135504,20.09822938358645,20.5,21.5
1255.0,19.716429447840248,20.092840371141847,-16.00610305358548,21.0,1,0.9071596288581532,20.092840371141847,20.5,21.5
1256.0,19.71428494133996,20.07267718935037,-16.005975371923952,21.0,1,0.9273228106496312,20.07267718935037,20.5,21.5
1257.0,19.712140889277308,20.103259078618308,-16.005849036027683,21.0,1,0.8967409213816921,20.103259078618308,20.5,21.5
1258.0,19.709997291292247,20.1077080932489,-16.005724046067716,21.0,1,0.892291906751101,20.1077080932489,20.5,21.5
1259.0,19.707854147024776,20.04484622015915,-16.005600402213265,21.0,1,0.9551537798408489,20.04484622015915,20.5,21.5
1260.0,19.70571145611493,20.02320052021759,-16.005478104631727,21.0,1,0.9767994797824109,20.02320052021759,20.5,21.5
1261.0,19.70356921820278,19.990840331141612,-16.005357153488674,21.0,1,1.0091596688583877,19.990840331141612,20.5,21.5
1262.0,19.70142743292844,19.875154582961265,-16.00523754894786,21.0,1,1.1248454170387348,19.875154582961265,20.5,21.5
1263.0,19.699286099932067,19.910667537649704,-16.005119291171212,21.0,1,1.0893324623502956,19.910667537649704,20.5,21.5
1264.0,19.697145218853848,19.850119730928064,-16.005002380318828,21.0,1,1.1498802690719359,19.850119730928064,20.5,21.5
1265.0,19.695004789334014,19.855171899153245,-16.004886816548996,21.0,1,1.1448281008467553,19.855171899153245,20.5,21.5
1266.0,19.69286481101284,19.76718666006156,-16.00477260001817,21.0,1,1.2328133399384384,19.76718666006156,20.5,21.5
1267.0,19.690725283530632,19.85343824327567,-16.00465973088098,21.0,1,1.1465617567243314,19.85343824327567,20.5,21.5
1268.0,19.68858620652775,19.780168594639704,-16.004548209290235,21.0,1,1.2198314053602957,19.780168594639704,20.5,21.5
1269.0,19.686447579644586,19.819588030107717,-16.00443803539692,21.0,1,1.1804119698922833,19.819588030107717,20.5,21.5
1270.0,19.684309402521578,19.882347846057975,-16.004329209350196,21.0,1,1.117652153942025,19.882347846057975,20.5,21.5
1271.0,19.682171674799203,19.862361237625127,-16.004221731297395,21.0,1,1.1376387623748734,19.862361237625127,20.5,21.5
1272.0,19.680034396117986,19.820334427113913,-16.00411560138403,21.0,1,1.179665572886087,19.820334427113913,20.5,21.5
1273.0,19.677897566118485,19.827532283211305,-16.00401081975378,21.0,1,1.1724677167886952,19.827532283211305,20.5,21.5
1274.0,19.67576118444131,19.89435216485028,-16.003907386548512,21.0,1,1.1056478351497212,19.89435216485028,20.5,21.5
1275.0,19.673625250727113,19.872831954634655,-16.003805301908255,21.0,1,1.1271680453653445,19.872831954634655,20.5,21.5
1276.0,19.671489764616584,19.933957223987598,-16.003704565971216,21.0,1,1.0660427760124023,19.933957223987598,20.5,21.5
1277.0,19.669354725750466,19.934132161977097,-16.003605178873777,21.0,1,1.0658678380229034,19.934132161977097,20.5,21.5
1278.0,19.66722013376954,19.938976016053992,-16.003507140750497,21.0,1,1.0610239839460078,19.938976016053992,20.5,21.5
1279.0,19.665085988314637,19.949915256175007,-16.003410451734098,21.0,1,1.0500847438249927,19.949915256175007,20.5,21.5
1280.0,19.662952289026627,19.869119306582313,-16.003315111955494,21.0,1,1.1308806934176872,19.869119306582313,20.5,21.5
1281.0,19.66081903554643,19.851097585613388,-16.003221121543753,21.0,1,1.1489024143866118,19.851097585613388,20.5,21.5
1282.0,19.658686227515012,19.82417075226818,-16.003128480626124,21.0,1,1.1758292477318193,19.82417075226818,20.5,21.5
1283.0,19.656553864573386,19.81866372061665,-16.003037189328037,21.0,1,1.1813362793833484,19.81866372061665,20.5,21.5
1284.0,19.654421946362607,19.756515732216435,-16.00294724777308,21.0,1,1.2434842677835647,19.756515732216435,20.5,21.5
1285.0,19.65229047252378,19.884081834678746,-16.00285865608302,21.0,1,1.1159181653212542,19.884081834678746,20.5,21.5
1286.0,19.650159442698058,19.896124528778028,-16.002771414377804,21.0,1,1.103875471221972,19.896124528778028,20.5,21.5
1287.0,19.648028856526643,19.90085155016082,-16.002685522775543,21.0,1,1.0991484498391806,19.90085155016082,20.5,21.5
1288.0,19.645898713650784,19.875905378100974,-16.002600981392515,21.0,1,1.124094621899026,19.875905378100974,20.5,21.5
1289.0,19.643769013711776,19.940738398838924,-16.002517790343184,21.0,1,1.0592616011610758,19.940738398838924,20.5,21.5
1290.0,19.641639756350965,19.71632797631803,-16.002435949740175,21.0,1,1.2836720236819694,19.71632797631803,20.5,21.5
1291.0,19.639510941209746,19.669263656805686,-16.002355459694293,21.0,1,1.3307363431943138,19.669263656805686,20.5,21.5
1292.0,19.637382567929567,19.769648312511645,-16.0022763203145,21.0,1,1.2303516874883549,19.769648312511645,20.5,21.5
1293.0,19.635254636151917,19.76877442921425,-16.00219853170795,21.0,1,1.2312255707857496,19.76877442921425,20.5,21.5
1294.0,19.633127145518344,19.757902137269397,-16.002122093979953,21.0,1,1.2420978627306027,19.757902137269397,20.5,21.5
1295.0,19.631000095670444,19.868838563081702,-16.00204700723399,21.0,1,1.1311614369182976,19.868838563081702,20.5,21.5
1296.0,19.628873486249862,19.840348403054804,-16.001973271571728,21.0,1,1.1596515969451957,19.840348403054804,20.5,21.5
1297.0,19.6267473168983,19.781116155686064,-16.001900887092987,21.0,1,1.218883844313936,19.781116155686064,20.5,21.5
1298.0,19.6246215872575,19.845259508716197,-16.001829853895764,21.0,1,1.1547404912838033,19.845259508716197,20.5,21.5
1299.0,19.62249629696927,19.799189251954456,-16.001760172076235,21.0,1,1.2008107480455443,19.799189251954456,20.5,21.5
1300.0,19.62037144567546,19.831903361485303,8.998308158271268,21.0,1,1.1680966385146974,19.831903361485303,20.5,21.5
1301.0,19.62324703301798,19.81753487598308,8.998375137054234,21.0,1,1.1824651240169217,19.81753487598308,20.5,21.5
1302.0,19.626122058638785,19.78904795459586,8.99844076418198,21.0,1,1.2109520454041416,19.78904795459586,20.5,21.5
1303.0,19.628996522379893,19.758746064436632,8.99850503956566,21.0,1,1.2412539355633676,19.758746064436632,20.5,21.5
1304.0,19.63187042408333,19.828816136050857,8.998567963118255,21.0,1,1.1711838639491425,19.828816136050857,20.5,21.5
1305.0,19.63474376359114,19.82039501815193,8.998629534754574,21.0,1,1.179604981848069,19.82039501815193,20.5,21.5
1306.0,19.637616540745373,19.938576352124237,8.998689754391258,21.0,1,1.0614236478757633,19.938576352124237,20.5,21.5
1307.0,19.640488755388102,19.934847271088476,8.998748621946776,21.0,1,1.0651527289115243,19.934847271088476,20.5,21.5
1308.0,19.643360407361413,19.921135392417405,8.998806137341434,21.0,1,1.0788646075825952,19.921135392417405,20.5,21.5
1309.0,19.646231496507408,19.818468455319703,8.998862300497363,21.0,1,1.181531544680297,19.818468455319703,20.5,21.5
1310.0,19.649102022668206,19.74951154147708,8.998917111338525,21.0,1,1.25048845852292,19.74951154147708,20.5,21.5
1311.0,19.65197198568594,19.71151788703729,8.998970569790714,21.0,1,1.2884821129627113,19.71151788703729,20.5,21.5
1312.0,19.65484138540276,19.725385404999123,8.999022675781557,21.0,1,1.2746145950008767,19.725385404999123,20.5,21.5
1313.0,19.65771022166084,19.813060530315443,8.99907342924051,21.0,1,1.1869394696845568,19.813060530315443,20.5,21.5
1314.0,19.660578494302356,20.008603841527652,8.999122830098859,21.0,1,0.9913961584723481,20.008603841527652,20.5,21.5
1315.0,19.663446203169517,20.001564995499272,8.999170878289721,21.0,1,0.9984350045007275,20.001564995499272,20.5,21.5
1316.0,19.66631334810454,20.08312092968806,8.999217573748048,21.0,1,0.9168790703119392,20.08312092968806,20.5,21.5
1317.0,19.66917992894967,20.08459701213753,8.999262916410622,21.0,1,0.9154029878624712,20.08459701213753,20.5,21.5
1318.0,19.67204594554716,20.002545541679268,8.999306906216052,21.0,1,0.9974544583207319,20.002545541679268,20.5,21.5
1319.0,19.674911397739294,19.71647292873278,8.999349543104785,21.0,1,1.283527071267219,19.71647292873278,20.5,21.5
1320.0,19.677776285368367,19.723508921224017,8.999390827019095,21.0,1,1.2764910787759831,19.723508921224017,20.5,21.5
1321.0,19.680640608276697,19.540902856810618,8.999430757903092,21.0,1,1.459097143189382,19.540902856810618,20.5,21.5
1322.0,19.68350436630662,19.554171593852374,8.999469335702713,21.0,1,1.4458284061476263,19.554171593852374,20.5,21.5
1323.0,19.6863675593005,19.525502028154612,8.999506560365731,21.0,1,1.4744979718453877,19.525502028154612,20.5,21.5
1324.0,19.689230187100712,19.636062293675007,8.999542431841748,21.0,1,1.3639377063249931,19.636062293675007,20.5,21.5
1325.0,19.69209224954966,19.725041607979893,8.9995769500822,21.0,1,1.2749583920201069,19.725041607979893,20.5,21.5
1326.0,19.694953746489766,19.861157981211896,8.999610115040355,21.0,1,1.1388420187881039,19.861157981211896,20.5,21.5
1327.0,19.697814677763475,19.8972185446813,8.999641926671309,21.0,1,1.1027814553186985,19.8972185446813,20.5,21.5
1328.0,19.700675043213256,19.88785754941108,8.999672384931998,21.0,1,1.1121424505889195,19.88785754941108,20.5,21.5
1329.0,19.7035348426816,19.960122259147397,8.999701489781183,21.0,1,1.039877740852603,19.960122259147397,20.5,21.5
1330.0,19.70639407601102,20.011628615459223,8.999729241179462,21.0,1,0.9883713845407769,20.011628615459223,20.5,21.5
1331.0,19.709252743044054,19.875802551452626,8.999755639089262,21.0,1,1.124197448547374,19.875802551452626,20.5,21.5
1332.0,19.712110843623265,19.845735024970924,8.999780683474846,21.0,1,1.1542649750290757,19.845735024970924,20.5,21.5
1333.0,19.714968377591234,19.824696990773212,8.999804374302306,21.0,1,1.1753030092267878,19.824696990773212,20.5,21.5
1334.0,19.717825344790576,19.80226273227198,8.999826711539567,21.0,1,1.1977372677280194,19.80226273227198,20.5,21.5
1335.0,19.720681745063924,19.60495610686212,8.999847695156392,21.0,1,1.3950438931378812,19.60495610686212,20.5,21.5
1336.0,19.723537578253943,19.73939070469039,8.999867325124367,21.0,1,1.2606092953096102,19.73939070469039,20.5,21.5
1337.0,19.726392844203318,19.763008903940488,8.999885601416919,21.0,1,1.236991096059512,19.763008903940488,20.5,21.5
1338.0,19.72924754275476,19.734654705657466,8.999902524009304,21.0,1,1.2653452943425343,19.734654705657466,20.5,21.5
1339.0,19.73210167375101,19.771949543813413,8.99991809287861,21.0,1,1.2280504561865868,19.771949543813413,20.5,21.5
1340.0,19.734955237034836,19.89402619479665,8.999932308003762,21.0,1,1.1059738052033516,19.89402619479665,20.5,21.5
1341.0,19.73780823244903,19.960745711912296,8.999945169365512,21.0,1,1.0392542880877045,19.960745711912296,20.5,21.5
1342.0,19.740660659836415,19.981311655295052,8.999956676946448,21.0,1,1.0186883447049482,19.981311655295052,20.5,21.5
1343.0,19.743512519039836,20.136434161849788,8.999966830730992,21.0,1,0.8635658381502118,20.136434161849788,20.5,21.5
1344.0,19.746363809902174,20.10154974523433,8.999975630705395,21.0,1,0.8984502547656703,20.10154974523433,20.5,21.5
1345.0,19.749214532266336,20.093600558614252,8.999983076857744,21.0,1,0.9063994413857479,20.093600558614252,20.5,21.5
1346.0,19.752064685975256,20.028654986676933,8.999989169177958,21.0,1,0.9713450133230666,20.028654986676933,20.5,21.5
1347.0,19.754914270871897,20.074708771057708,8.99999390765779,21.0,1,0.9252912289422923,20.074708771057708,20.5,21.5
1348.0,19.757763286799253,20.08102905068152,8.999997292290823,21.0,1,0.9189709493184814,20.08102905068152,20.5,21.5
1349.0,19.760611733600353,20.055626989206488,8.999999323072476,21.0,1,0.9443730107935124,20.055626989206488,20.5,21.5
1350.0,19.763459611118247,20.137813671253078,9.0,21.0,1,0.8621863287469225,20.137813671253078,20.5,21.5
1351.0,19.766306919196023,20.176629424316296,8.999999323072476,21.0,1,0.823370575683704,20.176629424316296,20.5,21.5
1352.0,19.7691536576768,20.159177506587763,8.999997292290823,21.0,1,0.8408224934122366,20.159177506587763,20.5,21.5
1353.0,19.77199982640372,20.103046828528505,8.99999390765779,21.0,1,0.8969531714714947,20.103046828528505,20.5,21.5
1354.0,19.774845425219972,20.095871370793326,8.999989169177958,21.0,1,0.9041286292066744,20.095871370793326,20.5,21.5
1355.0,19.777690453968763,20.09429961945719,8.999983076857744,21.0,1,0.905700380542811,20.09429961945719,20.5,21.5
1356.0,19.78053491249334,19.99561143610946,8.999975630705395,21.0,1,1.00438856389054,19.99561143610946,20.5,21.5
1357.0,19.78337880063698,20.00193301463017,8.999966830730992,21.0,1,0.9980669853698316,20.00193301463017,20.5,21.5
1358.0,19.786222118243,19.91259587121291,8.999956676946448,21.0,1,1.0874041287870888,19.91259587121291,20.5,21.5
1359.0,19.78906486515474,20.051022937938587,8.999945169365512,21.0,1,0.9489770620614131,20.051022937938587,20.5,21.5
1360.0,19.79190704121558,19.990674582011486,8.999932308003762,21.0,1,1.0093254179885136,19.990674582011486,20.5,21.5
1361.0,19.79474864626894,20.106620512412785,8.99991809287861,21.0,1,0.8933794875872145,20.106620512412785,20.5,21.5
1362.0,19.79758968015826,20.06694477907887,8.999902524009304,21.0,1,0.9330552209211298,20.06694477907887,20.5,21.5
1363.0,19.80043014272703,20.18503070375097,8.999885601416919,21.0,1,0.8149692962490285,20.18503070375097,20.5,21.5
1364.0,19.80327003381877,20.0131131012192,8.999867325124367,21.0,1,0.9868868987807993,20.0131131012192,20.5,21.5
1365.0,19.80610935327703,20.00269498838398,8.999847695156392,21.0,1,0.9973050116160209,20.00269498838398,20.5,21.5
1366.0,19.808948100945408,19.955813536690705,8.999826711539567,21.0,1,1.0441864633092948,19.955813536690705,20.5,21.5
1367.0,19.811786276667526,19.952786274957784,8.999804374302306,21.0,1,1.0472137250422158,19.952786274957784,20.5,21.5
1368.0,19.81462388028705,20.00985640778098,8.999780683474846,21.0,1,0.9901435922190203,20.00985640778098,20.5,21.5
1369.0,19.81746091164769,20.06189257188454,8.999755639089262,21.0,1,0.9381074281154618,20.06189257188454,20.5,21.5
1370.0,19.820297370593178,20.13736909399852,8.999729241179462,21.0,1,0.8626309060014812,20.13736909399852,20.5,21.5
1371.0,19.823133256967296,20.138808417377753,8.999701489781183,21.0,1,0.8611915826222472,20.138808417377753,20.5,21.5
1372.0,19.82596857061386,20.127144505118785,8.999672384931998,21.0,1,0.8728554948812146,20.127144505118785,20.5,21.5
1373.0,19.828803311376724,20.05110006754513,8.999641926671309,21.0,1,0.9488999324548715,20.05110006754513,20.5,21.5
1374.0,19.831637479099783,20.138648834108615,8.999610115040355,21.0,1,0.861351165891385,20.138648834108615,20.5,21.5
1375.0,19.834471073626972,20.12483428120121,8.9995769500822,21.0,1,0.8751657187987902,20.12483428120121,20.5,21.5
1376.0,19.837304094802263,20.104606310856862,8.999542431841748,21.0,1,0.8953936891431375,20.104606310856862,20.5,21.5
1377.0,19.840136542469672,20.124674458149357,8.999506560365731,21.0,1,0.8753255418506427,20.124674458149357,20.5,21.5
1378.0,19.84296841647325,20.06739330027499,8.999469335702713,21.0,1,0.9326066997250102,20.06739330027499,20.5,21.5
1379.0,19.845799716657098,20.021874469403947,8.999430757903092,21.0,1,0.9781255305960528,20.021874469403947,20.5,21.5
1380.0,19.848630442865346,19.972499890634996,8.999390827019095,21.0,1,1.027500109365004,19.972499890634996,20.5,21.5
1381.0,19.85146059494218,19.900672615694464,8.999349543104785,21.0,1,1.0993273843055356,19.900672615694464,20.5,21.5
1382.0,19.85429017273181,19.826612245479662,8.999306906216052,21.0,1,1.1733877545203377,19.826612245479662,20.5,21.5
1383.0,19.85711917607851,19.896600282941268,8.999262916410622,21.0,1,1.103399717058732,19.896600282941268,20.5,21.5
1384.0,19.859947604826576,19.975086595946102,8.999217573748048,21.0,1,1.0249134040538976,19.975086595946102,20.5,21.5
1385.0,19.862775458820362,19.945441435763676,8.999170878289721,21.0,1,1.0545585642363235,19.945441435763676,20.5,21.5
1386.0,19.865602737904258,19.9958048573272,8.999122830098859,21.0,1,1.004195142672799,19.9958048573272,20.5,21.5
1387.0,19.868429441922697,19.998208157318352,8.99907342924051,21.0,1,1.001791842681648,19.998208157318352,20.5,21.5
1388.0,19.87125557072016,19.976340969619198,8.999022675781557,21.0,1,1.0236590303808022,19.976340969619198,20.5,21.5
1389.0,19.87408112414117,19.876040546193064,8.998970569790714,21.0,1,1.1239594538069362,19.876040546193064,20.5,21.5
1390.0,19.8769061020303,19.878624015089432,8.998917111338525,21.0,1,1.1213759849105678,19.878624015089432,20.5,21.5
1391.0,19.879730504232164,19.88337050933894,8.998862300497363,21.0,1,1.1166294906610617,19.88337050933894,20.5,21.5
1392.0,19.882554330591418,19.942333131922794,8.998806137341434,21.0,1,1.057666868077206,19.942333131922794,20.5,21.5
1393.0,19.885377580952767,20.022434552517588,8.998748621946776,21.0,1,0.9775654474824123,20.022434552517588,20.5,21.5
1394.0,19.888200255160967,20.093285055335272,8.998689754391258,21.0,1,0.9067149446647278,20.093285055335272,20.5,21.5
1395.0,19.891022353060812,20.112087256696807,8.998629534754574,21.0,1,0.8879127433031933,20.112087256696807,20.5,21.5
1396.0,19.89384387449715,20.12765447992775,8.998567963118255,21.0,1,0.8723455200722512,20.12765447992775,20.5,21.5
1397.0,19.896664819314875,20.147146723946996,8.998505039565662,21.0,1,0.8528532760530041,20.147146723946996,20.5,21.5
1398.0,19.899485187358923,20.11356565347719,8.99844076418198,21.0,1,0.8864343465228117,20.11356565347719,20.5,21.5
1399.0,19.902304978474287,19.98501320837998,8.998375137054234,21.0,1,1.0149867916200215,19.98501320837998,20.5,21.5
1400.0,19.905124192506005,20.119578006345094,8.998308158271268,21.0,1,0.880421993654906,20.119578006345094,20.5,21.5
1401.0,19.90794282929916,20.117603635784263,8.998239827923765,21.0,1,0.8823963642157366,20.117603635784263,20.5,21.5
1402.0,19.910760888698885,19.97975042653045,8.998170146104234,21.0,1,1.020249573469549,19.97975042653045,20.5,21.5
1403.0,19.913578370550365,20.011840877651302,8.998099112907013,21.0,1,0.9881591223486978,20.011840877651302,20.5,21.5
1404.0,19.916395274698836,20.021161072404258,8.998026728428272,21.0,1,0.9788389275957421,20.021161072404258,20.5,21.5
1405.0,19.91921160098958,19.89328334546114,8.997952992766008,21.0,1,1.106716654538861,19.89328334546114,20.5,21.5
1406.0,19.922027349267935,19.867563718155417,8.997877906020047,21.0,1,1.1324362818445834,19.867563718155417,20.5,21.5
1407.0,19.924842519379286,19.956800701558315,8.99780146829205,21.0,1,1.0431992984416851,19.956800701558315,20.5,21.5
1408.0,19.92765711116907,19.93083493227587,8.9977236796855,21.0,1,1.0691650677241284,19.93083493227587,20.5,21.5
1409.0,19.93047112448277,19.953602142462554,8.997644540305709,21.0,1,1.0463978575374462,19.953602142462554,20.5,21.5
1410.0,19.933284559165937,19.97069798560592,8.997564050259824,21.0,1,1.02930201439408,19.97069798560592,20.5,21.5
1411.0,19.936097415064157,20.07927437151377,8.997482209656816,21.0,1,0.9207256284862311,20.07927437151377,20.5,21.5
1412.0,19.938909692023078,20.208201311850182,8.997399018607485,21.0,1,0.791798688149818,20.208201311850182,20.5,21.5
1413.0,19.941721389888393,20.166737259459296,8.997314477224458,21.0,1,0.8332627405407038,20.166737259459296,20.5,21.5
1414.0,19.94453250850586,20.207734863895745,8.997228585622194,21.0,1,0.7922651361042554,20.207734863895745,20.5,21.5
1415.0,19.947343047721283,20.330454323210073,8.997141343916978,21.0,1,0.6695456767899266,20.330454323210073,20.5,21.5
1416.0,19.95015300738052,20.283253885904863,8.99705275222692,21.0,1,0.7167461140951374,20.283253885904863,20.5,21.5
1417.0,19.952962387329492,20.250259220051884,8.996962810671963,21.0,1,0.7497407799481159,20.250259220051884,20.5,21.5
1418.0,19.95577118741416,20.290425651971695,8.996871519373874,21.0,1,0.7095743480283048,20.290425651971695,20.5,21.5
1419.0,19.958579407480553,20.3354219864877,8.996778878456247,21.0,1,0.6645780135123012,20.3354219864877,20.5,21.5
1420.0,19.961387047374746,20.30083193002211,8.996684888044506,21.0,1,0.6991680699778904,20.30083193002211,20.5,21.5
1421.0,19.96419410694288,20.306413346928846,8.9965895482659,21.0,1,0.6935866530711543,20.306413346928846,20.5,21.5
1422.0,19.967000586031144,20.26236220214242,8.996492859249503,21.0,1,0.7376377978575803,20.26236220214242,20.5,21.5
1423.0,19.969806484485787,20.23575673933376,8.996394821126223,21.0,1,0.764243260666241,20.23575673933376,20.5,21.5
1424.0,19.972611802153114,20.221429352105254,8.996295434028784,21.0,1,0.7785706478947461,20.221429352105254,20.5,21.5
1425.0,19.97541653887949,20.171937033669458,8.996194698091745,21.0,1,0.8280629663305419,20.171937033669458,20.5,21.5
1426.0,19.978220694511332,20.163084662047204,8.996092613451488,21.0,1,0.8369153379527958,20.163084662047204,20.5,21.5
1427.0,19.98102426889512,20.155190850282825,8.995989180246218,21.0,1,0.8448091497171752,20.155190850282825,20.5,21.5
1428.0,19.98382726187739,20.17561064730331,8.99588439861597,21.0,1,0.8243893526966914,20.17561064730331,20.5,21.5
1429.0,19.986629673304737,20.219962345650845,8.995778268702605,21.0,1,0.7800376543491545,20.219962345650845,20.5,21.5
1430.0,19.989431503023816,20.120031368094615,8.995670790649804,21.0,1,0.8799686319053848,20.120031368094615,20.5,21.5
1431.0,19.992232750881342,20.221133633944014,8.99556196460308,21.0,1,0.7788663660559862,20.221133633944014,20.5,21.5
1432.0,19.995033416724088,20.313975410821694,8.995451790709765,21.0,1,0.6860245891783059,20.313975410821694,20.5,21.5
1433.0,19.997833500398883,20.27653989425911,8.995340269119021,21.0,1,0.7234601057408909,20.27653989425911,20.5,21.5
1434.0,20.00063300175263,20.32584179821697,8.99522739998183,21.0,1,0.6741582017830297,20.32584179821697,20.5,21.5
1435.0,20.003431920632273,20.409306393262458,8.995113183451004,21.0,1,0.5906936067375419,20.409306393262458,20.5,21.5
1436.0,20.006230256884837,20.360251908325875,8.99499761968117,21.0,1,0.6397480916741252,20.360251908325875,20.5,21.5
1437.0,20.009028010357397,20.280207766456414,8.994880708828788,21.0,1,0.7197922335435862,20.280207766456414,20.5,21.5
1438.0,20.01182518089709,20.28939786704362,8.994762451052138,21.0,1,0.7106021329563816,20.28939786704362,20.5,21.5
1439.0,20.014621768351123,20.294698260241145,8.994642846511324,21.0,1,0.7053017397588555,20.294698260241145,20.5,21.5
1440.0,20.017417772566755,20.469597003537494,8.994521895368273,21.0,1,0.5304029964625059,20.469597003537494,20.5,21.5
1441.0,20.020213193391317,20.424755364660967,8.994399597786735,21.0,1,0.5752446353390326,20.424755364660967,20.5,21.5
1442.0,20.023008030672198,20.43201301134948,8.994275953932284,21.0,1,0.5679869886505209,20.43201301134948,20.5,21.5
1443.0,20.02580228425685,20.40948833525828,8.994150963972315,21.0,1,0.5905116647417188,20.40948833525828,20.5,21.5
1444.0,20.028595953992795,20.450273041254903,8.994024628076048,21.0,1,0.5497269587450972,20.450273041254903,20.5,21.5
1445.0,20.03138903972761,20.239983320110756,8.99389694641452,21.0,1,0.7600166798892438,20.239983320110756,20.5,21.5
1446.0,20.034181541308946,20.26912260837579,8.993767919160597,21.0,1,0.7308773916242117,20.26912260837579,20.5,21.5
1447.0,20.036973458584516,20.253499458349133,8.99363754648896,21.0,1,0.7465005416508674,20.253499458349133,20.5,21.5
1448.0,20.039764791402096,20.2877093921364,8.993505828576119,21.0,1,0.7122906078636007,20.2877093921364,20.5,21.5
1449.0,20.04255553960953,20.095460204959785,8.993372765600396,21.0,1,0.9045397950402148,20.095460204959785,20.5,21.5
1450.0,20.04534570305473,20.102096937327808,8.993238357741943,21.0,1,0.8979030626721922,20.102096937327808,20.5,21.5
1451.0,20.048135281585665,20.09004697962225,8.993102605182727,21.0,1,0.9099530203777491,20.09004697962225,20.5,21.5
1452.0,20.050924275050384,20.102439177887412,8.992965508106536,21.0,1,0.8975608221125881,20.102439177887412,20.5,21.5
1453.0,20.053712683296997,20.188113422929145,8.992827066698982,21.0,1,0.8118865770708545,20.188113422929145,20.5,21.5
1454.0,20.056500506173677,20.215452403808406,8.992687281147495,21.0,1,0.7845475961915938,20.215452403808406,20.5,21.5
1455.0,20.05928774352867,20.237572603158732,8.992546151641323,21.0,1,0.762427396841268,20.237572603158732,20.5,21.5
1456.0,20.062074395210292,20.263317491055584,8.992403678371533,21.0,1,0.7366825089444156,20.263317491055584,20.5,21.5
1457.0,20.064860461066925,20.296533521612975,8.992259861531016,21.0,1,0.7034664783870248,20.296533521612975,20.5,21.5
1458.0,20.067645940947017,20.220301891804986,8.992114701314478,21.0,1,0.7796981081950136,20.220301891804986,20.5,21.5
1459.0,20.070430834699092,20.17109051637856,8.991968197918444,21.0,1,0.828909483621441,20.17109051637856,20.5,21.5
1460.0,20.073215142171737,20.272905850133522,8.991820351541262,21.0,1,0.7270941498664776,20.272905850133522,20.5,21.5
1461.0,20.07599886321361,20.22306418360077,8.99167116238309,21.0,1,0.7769358163992308,20.22306418360077,20.5,21.5
1462.0,20.078781997673442,20.142926330041075,8.991520630645912,21.0,1,0.8570736699589254,20.142926330041075,20.5,21.5
1463.0,20.081564545400035,20.206095586967965,8.991368756533523,21.0,1,0.7939044130320347,20.206095586967965,20.5,21.5
1464.0,20.084346506242262,20.311750333083438,8.991215540251542,21.0,1,0.6882496669165619,20.311750333083438,20.5,21.5
1465.0,20.087127880049064,20.182634131193577,8.991060982007399,21.0,1,0.8173658688064229,20.182634131193577,20.5,21.5
1466.0,20.089908666669455,20.147918160818055,8.990905082010343,21.0,1,0.8520818391819454,20.147918160818055,20.5,21.5
1467.0,20.092688865952525,20.289276885226986,8.990747840471444,21.0,1,0.710723114773014,20.289276885226986,20.5,21.5
1468.0,20.095468477747428,20.287619386401293,8.99058925760358,21.0,1,0.7123806135987074,20.287619386401293,20.5,21.5
1469.0,20.098247501903398,20.29859970851258,8.990429333621451,21.0,1,0.7014002914874204,20.29859970851258,20.5,21.5
1470.0,20.101025938269743,20.391253193290186,8.990268068741571,21.0,1,0.6087468067098136,20.391253193290186,20.5,21.5
1471.0,20.10380378669584,20.37686946193072,8.990105463182267,21.0,1,0.6231305380692795,20.37686946193072,20.5,21.5
1472.0,20.106581047031135,20.338232512385197,8.989941517163688,21.0,1,0.661767487614803,20.338232512385197,20.5,21.5
1473.0,20.10935771912516,20.25968657792553,8.98977623090779,21.0,1,0.7403134220744683,20.25968657792553,20.5,21.5
1474.0,20.11213380282752,20.320717215058743,8.989609604638344,21.0,1,0.6792827849412575,20.320717215058743,20.5,21.5
1475.0,20.11490929798788,20.240859859526743,8.989441638580944,21.0,1,0.7591401404732565,20.240859859526743,20.5,21.5
1476.0,20.117684204455998,20.42629967558863,8.989272332962988,21.0,1,0.5737003244113694,20.42629967558863,20.5,21.5
1477.0,20.120458522081698,20.332053374237322,8.989101688013692,21.0,1,0.6679466257626778,20.332053374237322,20.5,21.5
1478.0,20.123232250714885,20.37095267496133,8.988929703964084,21.0,1,0.6290473250386697,20.37095267496133,20.5,21.5
1479.0,20.126005390205535,20.285802452737858,8.988756381047006,21.0,1,0.7141975472621418,20.285802452737858,20.5,21.5
1480.0,20.128777940403705,20.398290780117,8.988581719497112,21.0,1,0.6017092198829985,20.398290780117,20.5,21.5
1481.0,20.131549901159524,20.2599749852262,8.988405719550867,21.0,1,0.7400250147737992,20.2599749852262,20.5,21.5
1482.0,20.134321272323202,20.33966695216459,8.988228381446552,21.0,1,0.6603330478354117,20.33966695216459,20.5,21.5
1483.0,20.137092053745025,20.34957552020375,8.988049705424256,21.0,1,0.65042447979625,20.34957552020375,20.5,21.5
1484.0,20.13986224527536,20.20503783152376,8.98786969172588,21.0,1,0.7949621684762391,20.20503783152376,20.5,21.5
1485.0,20.14263184676465,20.14871641871223,8.987688340595138,21.0,1,0.8512835812877704,20.14871641871223,20.5,21.5
1486.0,20.145400858063418,20.244152848510357,8.98750565227755,21.0,1,0.7558471514896432,20.244152848510357,20.5,21.5
1487.0,20.148169279022262,20.24277860786176,8.987321627020453,21.0,1,0.7572213921382414,20.24277860786176,20.5,21.5
1488.0,20.150937109491863,20.277690987190628,8.987136265072987,21.0,1,0.7223090128093723,20.277690987190628,20.5,21.5
1489.0,20.15370434932298,20.56250626024571,8.986949566686109,21.0,1,0.4374937397542915,20.56250626024571,20.5,21.5
1490.0,20.15647099836645,20.567241805783972,8.98676153211258,21.0,1,0.4327581942160279,20.567241805783972,20.5,21.5
1491.0,20.159237056473202,20.477947124319385,8.98657216160697,21.0,1,0.5220528756806146,20.477947124319385,20.5,21.5
1492.0,20.16200252349423,20.534560693162092,8.98638145542566,21.0,1,0.4654393068379079,20.534560693162092,20.5,21.5
1493.0,20.164767399280617,20.396600485245223,8.986189413826839,21.0,1,0.603399514754777,20.396600485245223,20.5,21.5
1494.0,20.167531683683528,20.243618371073246,8.985996037070505,21.0,1,0.7563816289267535,20.243618371073246,20.5,21.5
1495.0,20.170295376554204,20.2170882612399,8.98580132541846,21.0,1,0.7829117387600988,20.2170882612399,20.5,21.5
1496.0,20.173058477743975,20.21872781029563,8.985605279134315,21.0,1,0.7812721897043708,20.21872781029563,20.5,21.5
1497.0,20.175820987104252,20.207502366876188,8.98540789848349,21.0,1,0.792497633123812,20.207502366876188,20.5,21.5
1498.0,20.17858290448653,20.33418985617333,8.98520918373321,21.0,1,0.6658101438266684,20.33418985617333,20.5,21.5
1499.0,20.18134422974238,20.324130804758124,8.985009135152502,21.0,1,0.6758691952418765,20.324130804758124,20.5,21.5
1500.0,20.18410496272346,20.31756661334733,8.984807753012207,21.0,1,0.6824333866526686,20.31756661334733,20.5,21.5
1501.0,20.186865103281516,20.272297751263913,8.984605037584968,21.0,1,0.7277022487360867,20.272297751263913,20.5,21.5
1502.0,20.189624651268378,20.298090102620783,8.984400989145229,21.0,1,0.7019098973792168,20.298090102620783,20.5,21.5
1503.0,20.192383606535955,20.33659633928863,8.984195607969243,21.0,1,0.6634036607113707,20.33659633928863,20.5,21.5
1504.0,20.19514196893624,20.27802851147349,8.983988894335065,21.0,1,0.7219714885265098,20.27802851147349,20.5,21.5
1505.0,20.197899738321322,20.256229139181404,8.983780848522558,21.0,1,0.7437708608185964,20.256229139181404,20.5,21.5
1506.0,20.200656914543362,20.372918556692856,8.983571470813386,21.0,1,0.6270814433071443,20.372918556692856,20.5,21.5
1507.0,20.203413497454616,20.28418048774136,8.983360761491014,21.0,1,0.7158195122586406,20.28418048774136,20.5,21.5
1508.0,20.206169486907424,20.257312551478115,8.983148720840713,21.0,1,0.7426874485218846,20.257312551478115,20.5,21.5
1509.0,20.20892488275421,20.38846803283208,8.982935349149555,21.0,1,0.6115319671679202,20.38846803283208,20.5,21.5
1510.0,20.21167968484749,20.488021089030912,8.982720646706413,21.0,1,0.5119789109690878,20.488021089030912,20.5,21.5
1511.0,20.21443389303986,20.46316397867179,8.982504613801966,21.0,1,0.5368360213282095,20.46316397867179,20.5,21.5
1512.0,20.21718750718401,20.48706519183279,8.982287250728689,21.0,1,0.5129348081672092,20.48706519183279,20.5,21.5
1513.0,20.21994052713272,20.47623298699924,8.98206855778086,21.0,1,0.5237670130007608,20.47623298699924,20.5,21.5
1514.0,20.22269295273885,20.418917593956248,8.98184853525456,21.0,1,0.5810824060437518,20.418917593956248,20.5,21.5
1515.0,20.22544478385535,20.363298298671904,8.981627183447664,21.0,1,0.6367017013280964,20.363298298671904,20.5,21.5
1516.0,20.22819602033527,20.32615716141001,8.981404502659853,21.0,1,0.6738428385899908,20.32615716141001,20.5,21.5
1517.0,20.230946662031737,20.347259503402203,8.981180493192603,21.0,1,0.6527404965977972,20.347259503402203,20.5,21.5
1518.0,20.233696708797968,20.313927261060826,8.980955155349191,21.0,1,0.6860727389391741,20.313927261060826,20.5,21.5
1519.0,20.23644616048728,20.396010256451735,8.980728489434693,21.0,1,0.6039897435482651,20.396010256451735,20.5,21.5
1520.0,20.23919501695307,20.4490109636863,8.98050049575598,21.0,1,0.5509890363137018,20.4490109636863,20.5,21.5
1521.0,20.24194327804883,20.56144205455383,8.980271174621722,21.0,1,0.43855794544617055,20.56144205455383,20.5,21.5
1522.0,20.244690943628143,20.6127675562751,8.980040526342387,21.0,1,0.3872324437249013,20.6127675562751,20.5,21.5
1523.0,20.247438013544684,20.629753394076488,8.979808551230242,21.0,1,0.3702466059235121,20.629753394076488,20.5,21.5
1524.0,20.25018448765222,20.587993511034163,8.979575249599344,21.0,1,0.4120064889658366,20.587993511034163,20.5,21.5
1525.0,20.25293036580461,20.60197846608508,8.979340621765552,21.0,1,0.3980215339149211,20.60197846608508,20.5,21.5
1526.0,20.255675647855803,20.548622183114524,8.979104668046515,21.0,1,0.4513778168854756,20.548622183114524,20.5,21.5
1527.0,20.258420333659842,20.453410390773207,8.978867388761685,21.0,1,0.5465896092267926,20.453410390773207,20.5,21.5
1528.0,20.261164423070863,20.495150283663953,8.9786287842323,21.0,1,0.5048497163360466,20.495150283663953,20.5,21.5
1529.0,20.263907915943093,20.535460408843527,8.978388854781397,21.0,1,0.46453959115647336,20.535460408843527,20.5,21.5
1530.0,20.266650812130862,20.56334220927408,8.978147600733806,21.0,1,0.4366577907259206,20.56334220927408,20.5,21.5
1531.0,20.269393111488583,20.48815164945347,8.977905022416149,21.0,1,0.5118483505465292,20.48815164945347,20.5,21.5
1532.0,20.272134813870768,20.46895229952109,8.977661120156842,21.0,1,0.5310477004789114,20.46895229952109,20.5,21.5
1533.0,20.274875919132025,20.418942255792825,8.977415894286096,21.0,1,0.5810577442071754,20.418942255792825,20.5,21.5
1534.0,20.277616427127057,20.297571306899762,8.977169345135907,21.0,1,0.7024286931002379,20.297571306899762,20.5,21.5
1535.0,20.28035633771066,20.19004766253016,8.976921473040072,21.0,1,0.8099523374698414,20.19004766253016,20.5,21.5
1536.0,20.283095650737728,20.222616064943928,8.976672278334167,21.0,1,0.7773839350560721,20.222616064943928,20.5,21.5
1537.0,20.28583436606325,20.219538497610124,8.976421761355573,21.0,1,0.7804615023898762,20.219538497610124,20.5,21.5
1538.0,20.288572483542307,20.260961379062582,8.976169922443448,21.0,1,0.7390386209374178,20.260961379062582,20.5,21.5
1539.0,20.291310003030087,20.353009027269138,8.975916761938748,21.0,1,0.6469909727308618,20.353009027269138,20.5,21.5
1540.0,20.29404692438187,20.41527904800572,8.975662280184213,21.0,1,0.5847209519942815,20.41527904800572,20.5,21.5
1541.0,20.296783247453032,20.47736000051872,8.97540647752438,21.0,1,0.5226399994812816,20.47736000051872,20.5,21.5
1542.0,20.299518972099047,20.549477823603016,8.975149354305563,21.0,1,0.45052217639698355,20.549477823603016,20.5,21.5
1543.0,20.30225409817549,20.553798901298816,8.974890910875873,21.0,1,0.4462010987011844,20.553798901298816,20.5,21.5
1544.0,20.30498862553803,20.523622287986335,8.974631147585203,21.0,1,0.4763777120136652,20.523622287986335,20.5,21.5
1545.0,20.30772255404244,20.475156679603902,8.974370064785235,21.0,1,0.5248433203960978,20.475156679603902,20.5,21.5
1546.0,20.310455883544588,20.51795753392679,8.97410766282944,21.0,1,0.4820424660732101,20.51795753392679,20.5,21.5
1547.0,20.313188613900444,20.559105539013807,8.973843942073067,21.0,1,0.44089446098619334,20.559105539013807,20.5,21.5
1548.0,20.31592074496608,20.60492293400241,8.973578902873161,21.0,1,0.3950770659975902,20.60492293400241,20.5,21.5
1549.0,20.31865227659766,20.69918937713413,8.973312545588543,21.0,1,0.3008106228658711,20.69918937713413,20.5,21.5
1550.0,20.321383208651458,20.676896139451326,8.973044870579823,21.0,1,0.3231038605486738,20.676896139451326,20.5,21.5
1551.0,20.324113540983845,20.658481294562204,8.972775878209397,21.0,1,0.34151870543779594,20.658481294562204,20.5,21.5
1552.0,20.32684327345129,20.56202416010074,8.972505568841438,21.0,1,0.43797583989925926,20.56202416010074,20.5,21.5
1553.0,20.329572405910366,20.467530566852496,8.972233942841907,21.0,1,0.5324694331475044,20.467530566852496,20.5,21.5
1554.0,20.332300938217752,20.485895253453243,8.971961000578546,21.0,1,0.5141047465467565,20.485895253453243,20.5,21.5
1555.0,20.335028870230225,20.46734170205312,8.97168674242088,21.0,1,0.532658297946881,20.46734170205312,20.5,21.5
1556.0,20.337756201804662,20.37519660217537,8.971411168740214,21.0,1,0.6248033978246283,20.37519660217537,20.5,21.5
1557.0,20.34048293279805,20.438049882074434,8.971134279909636,21.0,1,0.5619501179255657,20.438049882074434,20.5,21.5
1558.0,20.343209063067473,20.420673213164363,8.970856076304011,21.0,1,0.5793267868356367,20.420673213164363,20.5,21.5
1559.0,20.34593459247012,20.26830189289398,8.97057655829999,21.0,1,0.7316981071060198,20.26830189289398,20.5,21.5
1560.0,20.348659520863286,20.27918957678191,8.970295726275996,21.0,1,0.7208104232180901,20.27918957678191,20.5,21.5
1561.0,20.35138384810437,20.336529665485877,8.970013580612237,21.0,1,0.6634703345141233,20.336529665485877,20.5,21.5
1562.0,20.35410757405087,20.31043887165405,8.969730121690697,21.0,1,0.6895611283459502,20.31043887165405,20.5,21.5
1563.0,20.3568306985604,20.282973304395945,8.969445349895139,21.0,1,0.717026695604055,20.282973304395945,20.5,21.5
1564.0,20.359553221490668,20.408417368938753,8.9691592656111,21.0,1,0.5915826310612466,20.408417368938753,20.5,21.5
1565.0,20.36227514269949,20.417787602786163,8.9688718692259,21.0,1,0.5822123972138371,20.417787602786163,20.5,21.5
1566.0,20.364996462044797,20.49681121323304,8.968583161128631,21.0,1,0.5031887867669589,20.49681121323304,20.5,21.5
1567.0,20.367717179384613,20.54885432481137,8.968293141710161,21.0,1,0.4511456751886307,20.54885432481137,20.5,21.5
1568.0,20.370437294577076,20.61783011475867,8.968001811363134,21.0,1,0.38216988524132844,20.61783011475867,20.5,21.5
1569.0,20.373156807480434,20.51818274077366,8.967709170481971,21.0,1,0.48181725922633944,20.51818274077366,20.5,21.5
1570.0,20.375875717953036,20.626376348373103,8.967415219462865,21.0,1,0.3736236516268967,20.626376348373103,20.5,21.5
1571.0,20.37859402585334,20.54248868152083,8.96711995870378,21.0,1,0.45751131847917037,20.54248868152083,20.5,21.5
1572.0,20.381311731039908,20.537476766318807,8.96682338860446,21.0,1,0.46252323368119264,20.537476766318807,20.5,21.5
1573.0,20.38402883337142,20.687319232966438,8.966525509566415,21.0,1,0.3126807670335623,20.687319232966438,20.5,21.5
1574.0,20.38674533270666,20.806806504146312,8.966226321992933,21.0,1,0.19319349585368784,20.806806504146312,20.5,21.5
1575.0,20.389461228904516,20.84722314251755,8.965925826289068,21.0,1,0.15277685748245062,20.84722314251755,20.5,21.5
1576.0,20.39217652182399,20.90497162382984,8.96562402286165,21.0,1,0.09502837617015913,20.90497162382984,20.5,21.5
1577.0,20.3948912113242,20.850797691179363,8.965320912119275,21.0,1,0.14920230882063734,20.850797691179363,20.5,21.5
1578.0,20.39760529726436,20.694553644186026,8.965016494472312,21.0,1,0.3054463558139737,20.694553644186026,20.5,21.5
1579.0,20.400318779503802,20.667816229729095,8.964710770332898,21.0,1,0.3321837702709054,20.667816229729095,20.5,21.5
1580.0,20.40303165790197,20.541686491104183,8.964403740114939,21.0,1,0.45831350889581657,20.541686491104183,20.5,21.5
1581.0,20.405743932318412,20.562137048159276,8.96409540423411,21.0,1,0.43786295184072443,20.562137048159276,20.5,21.5
1582.0,20.408455602612793,20.63401107632241,8.963785763107854,21.0,1,0.36598892367759106,20.63401107632241,20.5,21.5
1583.0,20.411166668644892,20.64930414250513,8.963474817155378,21.0,1,0.35069585749486976,20.64930414250513,20.5,21.5
1584.0,20.413877130274596,20.55892462194798,8.963162566797658,21.0,1,0.4410753780520196,20.55892462194798,20.5,21.5
1585.0,20.4165869873619,20.662612911655984,8.962849012457438,21.0,1,0.3373870883440162,20.662612911655984,20.5,21.5
1586.0,20.41929623976692,20.54678834650007,8.962534154559222,21.0,1,0.4532116534999311,20.54678834650007,20.5,21.5
1587.0,20.42200488734988,20.505408980963832,8.962217993529286,21.0,1,0.494591019036168,20.505408980963832,20.5,21.5
1588.0,20.424712929971115,20.470627040321112,8.961900529795662,21.0,1,0.5293729596788879,20.470627040321112,20.5,21.5
1589.0,20.42742036749108,20.55523573960911,8.961581763788152,21.0,1,0.44476426039089034,20.55523573960911,20.5,21.5
1590.0,20.43012719977034,20.42431226419326,8.961261695938319,21.0,1,0.5756877358067385,20.42431226419326,20.5,21.5
1591.0,20.432833426669575,20.41918438333852,8.960940326679488,21.0,1,0.5808156166614786,20.41918438333852,20.5,21.5
1592.0,20.435539048049577,20.475906380047945,8.960617656446747,21.0,1,0.5240936199520547,20.475906380047945,20.5,21.5
1593.0,20.438244063771258,20.57937492479686,8.960293685676943,21.0,1,0.42062507520314085,20.57937492479686,20.5,21.5
1594.0,20.440948473695638,20.45703424215123,8.959968414808687,21.0,1,0.5429657578487692,20.45703424215123,20.5,21.5
1595.0,20.44365227768386,20.525738252967937,8.959641844282348,21.0,1,0.47426174703206314,20.525738252967937,20.5,21.5
1596.0,20.44635547559718,20.53099336448568,8.959313974540057,21.0,1,0.46900663551431876,20.53099336448568,20.5,21.5
1597.0,20.449058067296967,20.455426132988713,8.9589848060257,21.0,1,0.5445738670112874,20.455426132988713,20.5,21.5
1598.0,20.451760052644712,20.390144772071146,8.958654339184925,21.0,1,0.609855227928854,20.390144772071146,20.5,21.5
1599.0,20.45446143150202,20.481291639691463,8.958322574465134,21.0,1,0.518708360308537,20.481291639691463,20.5,21.5
1600.0,20.45716220373061,20.55488924490054,8.95798951231549,21.0,1,0.44511075509945996,20.55488924490054,20.5,21.5
1601.0,20.45986236919233,20.532424303800887,8.95765515318691,21.0,1,0.46757569619911266,20.532424303800887,20.5,21.5
1602.0,20.462561927749128,20.540733125368718,8.957319497532067,21.0,1,0.45926687463128246,20.540733125368718,20.5,21.5
1603.0,20.465260879263084,20.646986777653822,8.956982545805392,21.0,1,0.3530132223461777,20.646986777653822,20.5,21.5
1604.0,20.46795922359639,20.7254654706675,8.95664429846307,21.0,1,0.2745345293324988,20.7254654706675,20.5,21.5
1605.0,20.470656960611365,20.707671491845385,8.956304755963036,21.0,1,0.29232850815461475,20.707671491845385,20.5,21.5
1606.0,20.473354090170435,20.79777165688368,8.955963918764981,21.0,1,0.20222834311632099,20.79777165688368,20.5,21.5
1607.0,20.476050612136156,20.919668427790953,8.955621787330353,21.0,1,0.08033157220904741,20.919668427790953,20.5,21.5
1608.0,20.478746526371193,20.832784573660184,8.955278362122344,21.0,1,0.16721542633981556,20.832784573660184,20.5,21.5
1609.0,20.481441832738344,20.774661275663757,8.954933643605903,21.0,1,0.22533872433624325,20.774661275663757,20.5,21.5
1610.0,20.484136531100518,20.688734869072963,8.954587632247732,21.0,1,0.3112651309270369,20.688734869072963,20.5,21.5
1611.0,20.486830621320745,20.66995379738205,8.954240328516278,21.0,1,0.33004620261795026,20.66995379738205,20.5,21.5
1612.0,20.489524103262184,20.58014876807922,8.953891732881738,21.0,1,0.4198512319207808,20.58014876807922,20.5,21.5
1613.0,20.492216976788107,20.529704319808175,8.953541845816062,21.0,1,0.47029568019182477,20.529704319808175,20.5,21.5
1614.0,20.494909241761913,20.520640079623753,8.953190667792947,21.0,1,0.47935992037624686,20.520640079623753,20.5,21.5
1615.0,20.49760089804712,20.594925351595755,8.952838199287836,21.0,1,0.4050746484042449,20.594925351595755,20.5,21.5
1616.0,20.50029194550737,20.72069037045963,8.952484440777921,21.0,1,0.2793096295403714,20.72069037045963,20.5,21.5
1617.0,20.502982384006426,20.64680251715577,8.952129392742139,21.0,1,0.35319748284423014,20.64680251715577,20.5,21.5
1618.0,20.50567221340817,20.722769269409135,8.951773055661175,21.0,1,0.27723073059086545,20.722769269409135,20.5,21.5
1619.0,20.50836143357662,20.655816255283394,8.951415430017454,21.0,1,0.34418374471660584,20.655816255283394,20.5,21.5
1620.0,20.51105004437591,20.643690451927124,8.951056516295154,21.0,1,0.3563095480728755,20.643690451927124,20.5,21.5
1621.0,20.513738045670294,20.437032554490163,8.950696314980188,21.0,1,0.5629674455098375,20.437032554490163,20.5,21.5
1622.0,20.516425437324155,20.568701851931994,8.950334826560221,21.0,1,0.4312981480680058,20.568701851931994,20.5,21.5
1623.0,20.519112219202004,20.612621717031907,8.949972051524652,21.0,1,0.3873782829680934,20.612621717031907,20.5,21.5
1624.0,20.521798391168467,20.690531759435817,8.949607990364628,21.0,1,0.30946824056418265,20.690531759435817,20.5,21.5
1625.0,20.524483953088307,20.711295420631494,8.949242643573033,21.0,1,0.28870457936850613,20.711295420631494,20.5,21.5
1626.0,20.527168904826404,20.849554345115422,8.948876011644497,21.0,1,0.15044565488457806,20.849554345115422,20.5,21.5
1627.0,20.529853246247768,20.87258599013751,8.948508095075383,21.0,1,0.12741400986249118,20.87258599013751,20.5,21.5
1628.0,20.532536977217532,20.75602153575758,8.948138894363797,21.0,1,0.24397846424242076,20.75602153575758,20.5,21.5
1629.0,20.535220097600963,20.748898841478642,8.947768410009585,21.0,1,0.25110115852135806,20.748898841478642,20.5,21.5
1630.0,20.537902607263444,20.76564586052441,8.94739664251433,21.0,1,0.2343541394755917,20.76564586052441,20.5,21.5
1631.0,20.540584506070495,20.80287489956012,8.947023592381347,21.0,1,0.19712510043988019,20.80287489956012,20.5,21.5
1632.0,20.543265793887755,20.793411514982786,8.946649260115697,21.0,1,0.20658848501721394,20.793411514982786,20.5,21.5
1633.0,20.545946470581,20.893459091712,8.946273646224167,21.0,1,0.10654090828800022,20.893459091712,20.5,21.5
1634.0,20.54862653601613,20.934237768988147,8.945896751215287,21.0,1,0.06576223101185263,20.934237768988147,20.5,21.5
1635.0,20.55130599005917,20.871469641334485,8.945518575599317,21.0,1,0.12853035866551465,20.871469641334485,20.5,21.5
1636.0,20.553984832576276,20.758028217286164,8.945139119888251,21.0,1,0.24197178271383635,20.758028217286164,20.5,21.5
1637.0,20.55666306343374,20.711424079029396,8.94475838459582,21.0,1,0.28857592097060447,20.711424079029396,20.5,21.5
1638.0,20.55934068249797,20.674320191637587,8.944376370237482,21.0,1,0.3256798083624126,20.674320191637587,20.5,21.5
1639.0,20.56201768963552,20.65738551664981,8.943993077330427,21.0,1,0.3426144833501894,20.65738551664981,20.5,21.5
1640.0,20.56469408471306,20.701045993587904,8.943608506393584,21.0,1,0.2989540064120959,20.701045993587904,20.5,21.5
1641.0,20.567369867597396,20.677939769885413,8.9432226579476,21.0,1,0.3220602301145874,20.677939769885413,20.5,21.5
1642.0,20.570045038155467,20.715197073373798,8.942835532514863,21.0,1,0.28480292662620244,20.715197073373798,20.5,21.5
1643.0,20.572719596254338,20.7470185025017,8.942447130619481,21.0,1,0.25298149749830046,20.7470185025017,20.5,21.5
1644.0,20.575393541761212,20.791828240726122,8.942057452787296,21.0,1,0.20817175927387765,20.791828240726122,20.5,21.5
1645.0,20.578066874543417,20.77216562945904,8.941666499545875,21.0,1,0.22783437054096112,20.77216562945904,20.5,21.5
1646.0,20.58073959446842,20.8825157953125,8.941274271424511,21.0,1,0.11748420468749998,20.8825157953125,20.5,21.5
1647.0,20.58341170140381,20.82170172298713,8.940880768954225,21.0,1,0.17829827701287115,20.82170172298713,20.5,21.5
1648.0,20.58608319521732,20.777880930699904,8.940485992667762,21.0,1,0.22211906930009562,20.777880930699904,20.5,21.5
1649.0,20.58875407577681,20.684215515867045,8.940089943099592,21.0,1,0.3157844841329549,20.684215515867045,20.5,21.5
1650.0,20.591424342950273,20.709120021108607,8.939692620785909,21.0,1,0.29087997889139316,20.709120021108607,20.5,21.5
1651.0,20.59409399660584,20.709576063896087,8.939294026264628,21.0,1,0.29042393610391315,20.709576063896087,20.5,21.5
1652.0,20.59676303661177,20.74178361687114,8.93889416007539,21.0,1,0.2582163831288611,20.74178361687114,20.5,21.5
1653.0,20.59943146283646,20.74184716299392,8.938493022759555,21.0,1,0.2581528370060795,20.74184716299392,20.5,21.5
1654.0,20.602099275148444,20.829350539089887,8.938090614860206,21.0,1,0.1706494609101128,20.829350539089887,20.5,21.5
1655.0,20.604766473416387,20.80481247897668,8.937686936922145,21.0,1,0.19518752102332115,20.80481247897668,20.5,21.5
1656.0,20.607433057509088,20.770264527584576,8.937281989491892,21.0,1,0.2297354724154239,20.770264527584576,20.5,21.5
1657.0,20.610099027295483,20.871441162762096,8.936875773117688,21.0,1,0.12855883723790384,20.871441162762096,20.5,21.5
1658.0,20.61276438264465,20.902358831591922,8.93646828834949,21.0,1,0.09764116840807802,20.902358831591922,20.5,21.5
1659.0,20.61542912342579,20.903647062776162,8.936059535738973,21.0,1,0.09635293722383764,20.903647062776162,20.5,21.5
1660.0,20.618093249508252,20.950546725830815,8.93564951583953,21.0,1,0.04945327416918488,20.950546725830815,20.5,21.5
1661.0,20.62075676076152,21.01364885994508,8.935238229206272,21.0,1,-0.013648859945078584,21.01364885994508,20.5,21.5
1662.0,20.62341965705521,20.879699381496913,8.934825676396015,21.0,1,0.12030061850308726,20.879699381496913,20.5,21.5
1663.0,20.626081938259077,21.003724400611198,8.934411857967298,21.0,1,-0.003724400611197609,21.003724400611198,20.5,21.5
1664.0,20.62874360424302,20.900102659096568,8.933996774480374,21.0,1,0.09989734090343205,20.900102659096568,20.5,21.5
1665.0,20.631404654877066,20.871006968068208,8.933580426497201,21.0,1,0.1289930319317918,20.871006968068208,20.5,21.5
1666.0,20.63406509003139,20.87924870554816,8.933162814581458,21.0,1,0.12075129445183919,20.87924870554816,20.5,21.5
1667.0,20.6367249095763,20.908467743121076,8.93274393929853,21.0,1,0.0915322568789243,20.908467743121076,20.5,21.5
1668.0,20.639384113382246,20.82767995982442,8.932323801215512,21.0,1,0.1723200401755811,20.82767995982442,20.5,21.5
1669.0,20.642042701319813,20.90118447124508,8.931902400901212,21.0,1,0.09881552875491906,20.90118447124508,20.5,21.5
1670.0,20.64470067325973,20.863800959826175,8.931479738926143,21.0,1,0.13619904017382467,20.863800959826175,20.5,21.5
1671.0,20.647358029072866,20.78966328946492,8.931055815862528,21.0,1,0.2103367105350813,20.78966328946492,20.5,21.5
1672.0,20.650014768630225,20.908578717461882,8.9306306322843,21.0,1,0.09142128253811777,20.908578717461882,20.5,21.5
1673.0,20.652670891802956,20.826341393772207,8.930204188767092,21.0,1,0.17365860622779294,20.826341393772207,20.5,21.5
1674.0,20.65532639846235,20.824439069332406,8.929776485888251,21.0,1,0.1755609306675936,20.824439069332406,20.5,21.5
1675.0,20.657981288479835,20.898120822434475,8.929347524226822,21.0,1,0.10187917756552523,20.898120822434475,20.5,21.5
1676.0,20.660635561726984,20.950676747013265,8.928917304363559,21.0,1,0.0493232529867349,20.950676747013265,20.5,21.5
1677.0,20.663289218075512,20.911214236455493,8.928485826880914,21.0,1,0.08878576354450729,20.911214236455493,20.5,21.5
1678.0,20.665942257397273,20.994696281815536,8.928053092363047,21.0,1,0.005303718184464401,20.994696281815536,20.5,21.5
1679.0,20.668594679564265,21.078602465531002,8.927619101395818,21.0,1,-0.07860246553100225,21.078602465531002,20.5,21.5
1680.0,20.67124648444863,21.115108218285453,8.927183854566788,21.0,1,-0.11510821828545303,21.115108218285453,20.5,21.5
1681.0,20.673897671922653,21.11169217792659,8.926747352465217,21.0,1,-0.1116921779265887,21.11169217792659,20.5,21.5
1682.0,20.67654824185876,21.08580516679795,8.926309595682065,21.0,1,-0.08580516679795025,21.08580516679795,20.5,21.5
1683.0,20.679198194129526,21.055035101710367,8.925870584809994,21.0,1,-0.05503510171036652,21.055035101710367,20.5,21.5
1684.0,20.681847528607662,20.99733958728126,8.92543032044336,21.0,1,0.0026604127187397353,20.99733958728126,20.5,21.5
1685.0,20.68449624516603,20.90188703779155,8.924988803178216,21.0,1,0.09811296220845023,20.90188703779155,20.5,21.5
1686.0,20.687144343677634,20.8996265575551,8.924546033612312,21.0,1,0.10037344244490143,20.8996265575551,20.5,21.5
1687.0,20.68979182401562,20.813172158796764,8.924102012345097,21.0,1,0.18682784120323603,20.813172158796764,20.5,21.5
1688.0,20.692438686053286,20.84342550913454,8.923656739977709,21.0,1,0.15657449086545938,20.84342550913454,20.5,21.5
1689.0,20.69508492966407,20.908585708838196,8.923210217112981,21.0,1,0.09141429116180433,20.908585708838196,20.5,21.5
1690.0,20.69773055472156,20.989273631454612,8.922762444355442,21.0,1,0.010726368545387999,20.989273631454612,20.5,21.5
1691.0,20.700375561099484,21.007040432151296,8.922313422311312,21.0,1,-0.007040432151296017,21.007040432151296,20.5,21.5
1692.0,20.703019948671727,21.067358483966625,8.9218631515885,21.0,1,-0.06735848396662547,21.067358483966625,20.5,21.5
1693.0,20.705663717312312,21.108428787585982,8.921411632796609,21.0,1,-0.10842878758598218,21.108428787585982,20.5,21.5
1694.0,20.70830686689541,21.07979366750321,8.920958866546929,21.0,1,-0.07979366750321049,21.07979366750321,20.5,21.5
1695.0,20.71094939729534,21.014658687197976,8.92050485345244,21.0,1,-0.014658687197975695,21.014658687197976,20.5,21.5
1696.0,20.713591308386572,21.016686283622203,8.92004959412781,21.0,1,-0.016686283622203035,21.016686283622203,20.5,21.5
1697.0,20.71623260004372,20.942150474998563,8.919593089189394,21.0,1,0.05784952500143703,20.942150474998563,20.5,21.5
1698.0,20.71887327214155,20.91949441465711,8.919135339255234,21.0,1,0.0805055853428911,20.91949441465711,20.5,21.5
1699.0,20.721513324554973,20.849851501526807,8.918676344945057,21.0,1,0.15014849847319311,20.849851501526807,20.5,21.5
1700.0,20.72415275715905,20.89856736971121,8.918216106880275,21.0,1,0.1014326302887909,20.89856736971121,20.5,21.5
1701.0,20.726791569828993,20.877217874062325,8.917754625683981,21.0,1,0.12278212593767535,20.877217874062325,20.5,21.5
1702.0,20.729429762440166,20.922155651085973,8.917291901980956,21.0,1,0.07784434891402725,20.922155651085973,20.5,21.5
1703.0,20.732067334868074,20.882458758345905,8.916827936397663,21.0,1,0.11754124165409507,20.882458758345905,20.5,21.5
1704.0,20.73470428698838,20.841547388048475,8.91636272956224,21.0,1,0.1584526119515246,20.841547388048475,20.5,21.5
1705.0,20.737340618676892,20.873352314130315,8.91589628210451,21.0,1,0.12664768586968478,20.873352314130315,20.5,21.5
1706.0,20.73997632980958,20.908617429847084,8.91542859465598,21.0,1,0.09138257015291629,20.908617429847084,20.5,21.5
1707.0,20.74261142026255,20.99769992674686,8.914959667849825,21.0,1,0.0023000732531386348,20.99769992674686,20.5,21.5
1708.0,20.745245889912066,20.990800657172247,8.914489502320906,21.0,1,0.009199342827752588,20.990800657172247,20.5,21.5
1709.0,20.74787973863455,20.993034090632477,8.914018098705762,21.0,1,0.006965909367522727,20.993034090632477,20.5,21.5
1710.0,20.750512966306562,20.981989409317045,8.9135454576426,21.0,1,0.018010590682955296,20.981989409317045,20.5,21.5
1711.0,20.75314557280483,20.953155440468144,8.913071579771312,21.0,1,0.04684455953185562,20.953155440468144,20.5,21.5
1712.0,20.755777558006223,20.886635886041155,8.912596465733458,21.0,1,0.11336411395884483,20.886635886041155,20.5,21.5
1713.0,20.75840892178777,20.902444536578837,8.912120116172273,21.0,1,0.09755546342116261,20.902444536578837,20.5,21.5
1714.0,20.761039664026647,20.9930664455489,8.911642531732666,21.0,1,0.006933554451098445,20.9930664455489,20.5,21.5
1715.0,20.76366978460019,20.95703046211151,8.911163713061217,21.0,1,0.042969537888488674,20.95703046211151,20.5,21.5
1716.0,20.76629928338588,20.963598395285427,8.910683660806177,21.0,1,0.03640160471457321,20.963598395285427,20.5,21.5
1717.0,20.768928160261364,21.004394074235336,8.910202375617468,21.0,1,-0.0043940742353356654,21.004394074235336,20.5,21.5
1718.0,20.771556415104435,20.91016460965279,8.909719858146678,21.0,1,0.08983539034721133,20.91016460965279,20.5,21.5
1719.0,20.774184047793042,20.865467040394314,8.909236109047068,21.0,1,0.13453295960568568,20.865467040394314,20.5,21.5
1720.0,20.776811058205293,20.849646319625705,8.908751128973565,21.0,1,0.15035368037429464,20.849646319625705,20.5,21.5
1721.0,20.779437446219447,20.86273776868338,8.908264918582757,21.0,1,0.13726223131661897,20.86273776868338,20.5,21.5
1722.0,20.78206321171392,20.875344238311527,8.907777478532909,21.0,1,0.12465576168847292,20.875344238311527,20.5,21.5
1723.0,20.784688354567283,21.01016191699502,8.907288809483939,21.0,1,-0.010161916995020448,21.01016191699502,20.5,21.5
1724.0,20.787312874658266,21.028088920139417,8.906798912097436,21.0,1,-0.02808892013941744,21.028088920139417,20.5,21.5
1725.0,20.789936771865754,21.008130177378963,8.90630778703665,21.0,1,-0.0081301773789626,21.008130177378963,20.5,21.5
1726.0,20.79256004606879,20.943538078963066,8.905815434966494,21.0,1,0.05646192103693437,20.943538078963066,20.5,21.5
1727.0,20.79518269714657,20.896604241950705,8.905321856553538,21.0,1,0.10339575804929524,20.896604241950705,20.5,21.5
1728.0,20.79780472497845,20.827325622777984,8.90482705246602,21.0,1,0.17267437722201606,20.827325622777984,20.5,21.5
1729.0,20.80042612944395,20.86669800595999,8.90433102337383,21.0,1,0.13330199404001064,20.86669800595999,20.5,21.5
1730.0,20.803046910422736,20.865570958353114,8.90383376994852,21.0,1,0.13442904164688585,20.865570958353114,20.5,21.5
1731.0,20.80566706779464,20.92481099596769,8.9033352928633,21.0,1,0.07518900403231044,20.92481099596769,20.5,21.5
1732.0,20.808286601439654,20.926844027996164,8.902835592793036,21.0,1,0.0731559720038355,20.926844027996164,20.5,21.5
1733.0,20.810905511237927,21.11131028774317,8.902334670414248,21.0,1,-0.11131028774316931,21.11131028774317,20.5,21.5
1734.0,20.813523797069763,21.08149098577929,8.901832526405114,21.0,1,-0.08149098577928982,21.08149098577929,20.5,21.5
1735.0,20.81614145881563,21.136563869775262,8.901329161445462,21.0,1,-0.13656386977526225,21.136563869775262,20.5,21.5
1736.0,20.818758496356153,21.163107709530266,8.900824576216777,21.0,1,-0.16310770953026577,21.163107709530266,20.5,21.5
1737.0,20.821374909572125,21.202063983342875,8.900318771402194,21.0,1,-0.20206398334287456,21.202063983342875,20.5,21.5
1738.0,20.823990698344492,21.07082741535221,8.899811747686497,21.0,1,-0.07082741535220904,21.07082741535221,20.5,21.5
1739.0,20.82660586255436,21.078651580719487,8.899303505756126,21.0,1,-0.07865158071948741,21.078651580719487,20.5,21.5
1740.0,20.829220402083,21.03172047478392,8.898794046299168,21.0,1,-0.031720474783920594,21.03172047478392,20.5,21.5
1741.0,20.831834316811843,20.889858830765068,8.898283370005352,21.0,1,0.11014116923493233,20.889858830765068,20.5,21.5
1742.0,20.834447606622483,20.80847423599082,8.897771477566064,21.0,1,0.19152576400918164,20.80847423599082,20.5,21.5
1743.0,20.837060271396673,20.835116521217035,8.89725836967433,21.0,1,0.16488347878296494,20.835116521217035,20.5,21.5
1744.0,20.83967231101633,20.774347495018084,8.896744047024823,21.0,1,0.22565250498191602,20.774347495018084,20.5,21.5
1745.0,20.84228372536353,20.83763595975156,8.896228510313863,21.0,1,0.1623640402484412,20.83763595975156,20.5,21.5
1746.0,20.84489451432052,20.964016921587834,8.895711760239413,21.0,1,0.035983078412165526,20.964016921587834,20.5,21.5
1747.0,20.847504677769702,20.94858725183793,8.895193797501076,21.0,1,0.05141274816206831,20.94858725183793,20.5,21.5
1748.0,20.85011421559365,20.90165810222738,8.894674622800098,21.0,1,0.09834189777262026,20.90165810222738,20.5,21.5
1749.0,20.85272312767509,20.909818954346488,8.894154236839368,21.0,1,0.09018104565351237,20.909818954346488,20.5,21.5
1750.0,20.855331413896923,20.79159252218141,8.893632640323412,21.0,1,0.20840747781858937,20.79159252218141,20.5,21.5
1751.0,20.85793907414221,20.80667466330292,8.893109833958396,21.0,1,0.19332533669707885,20.80667466330292,20.5,21.5
1752.0,20.860546108294173,20.922132611322176,8.892585818452126,21.0,1,0.07786738867782361,20.922132611322176,20.5,21.5
1753.0,20.863152516236205,20.94085611444003,8.89206059451404,21.0,1,0.05914388555996908,20.94085611444003,20.5,21.5
1754.0,20.865758297851862,20.961701032043813,8.891534162855217,21.0,1,0.03829896795618737,20.961701032043813,20.5,21.5
1755.0,20.868363453024863,21.111298799404928,8.891006524188368,21.0,1,-0.1112987994049277,21.111298799404928,20.5,21.5
1756.0,20.870967981639094,21.118388404235198,8.89047767922784,21.0,1,-0.1183884042351977,21.118388404235198,20.5,21.5
1757.0,20.873571883578613,21.033563471934723,8.889947628689614,21.0,1,-0.03356347193472331,21.033563471934723,20.5,21.5
1758.0,20.876175158727634,20.98470582784003,8.889416373291297,21.0,1,0.015294172159968866,20.98470582784003,20.5,21.5
1759.0,20.878777806970547,20.972267240985385,8.888883913752137,21.0,1,0.027732759014615027,20.972267240985385,20.5,21.5
1760.0,20.881379828191903,20.971075226289003,8.888350250793003,21.0,1,0.028924773710997442,20.971075226289003,20.5,21.5
1761.0,20.883981222276425,21.006977092848533,8.8878153851364,21.0,1,-0.006977092848533317,21.006977092848533,20.5,21.5
1762.0,20.886581989108997,21.055586957215034,8.88727931750646,21.0,1,-0.05558695721503426,21.055586957215034,20.5,21.5
1763.0,20.889182128574678,21.136802865376048,8.886742048628935,21.0,1,-0.13680286537604758,21.136802865376048,20.5,21.5
1764.0,20.89178164055869,21.215903635382155,8.886203579231214,21.0,1,-0.21590363538215485,21.215903635382155,20.5,21.5
1765.0,20.894380524946424,21.095668684142446,8.885663910042306,21.0,1,-0.09566868414244567,21.095668684142446,20.5,21.5
1766.0,20.896978781623442,21.071791989656383,8.885123041792843,21.0,1,-0.07179198965638278,21.071791989656383,20.5,21.5
1767.0,20.899576410475476,21.11042477200085,8.884580975215083,21.0,1,-0.11042477200085088,21.11042477200085,20.5,21.5
1768.0,20.902173411388425,21.0770099545122,8.884037711042907,21.0,1,-0.07700995451219939,21.0770099545122,20.5,21.5
1769.0,20.904769784248355,21.058500316642444,8.883493250011815,21.0,1,-0.05850031664244426,21.058500316642444,20.5,21.5
1770.0,20.907365528941508,21.193096627832023,8.882947592858928,21.0,1,-0.19309662783202342,21.193096627832023,20.5,21.5
1771.0,20.909960645354293,21.22848374165627,8.882400740322986,21.0,1,-0.2284837416562695,21.22848374165627,20.5,21.5
1772.0,20.912555133373285,21.241628807001504,8.881852693144348,21.0,1,-0.24162880700150424,21.241628807001504,20.5,21.5
1773.0,20.91514899288524,21.28770065695925,8.881303452064992,21.0,1,-0.28770065695924885,21.28770065695925,20.5,21.5
1774.0,20.917742223777076,21.287521346761288,8.88075301782851,21.0,1,-0.28752134676128804,21.287521346761288,20.5,21.5
1775.0,20.920334825935885,21.325525677761128,8.880201391180112,21.0,1,-0.32552567776112795,21.325525677761128,20.5,21.5
1776.0,20.922926799248934,21.312105932662046,8.879648572866616,21.0,1,-0.3121059326620461,21.312105932662046,20.5,21.5
1777.0,20.925518143603657,21.25249453261684,8.879094563636462,21.0,1,-0.25249453261683996,21.25249453261684,20.5,21.5
1778.0,20.928108858887665,21.193939837353692,8.878539364239698,21.0,1,-0.19393983735369247,21.193939837353692,20.5,21.5
1779.0,20.930698944988734,21.160801644335457,8.877982975427981,21.0,1,-0.16080164433545718,21.160801644335457,20.5,21.5
1780.0,20.933288401794822,21.06172483351363,8.877425397954582,21.0,1,-0.06172483351362956,21.06172483351363,20.5,21.5
1781.0,20.935877229194055,21.041872851463125,8.87686663257438,21.0,1,-0.04187285146312547,21.041872851463125,20.5,21.5
1782.0,20.938465427074732,20.976669361982243,8.876306680043864,21.0,1,0.023330638017757366,20.976669361982243,20.5,21.5
1783.0,20.941052995325325,21.117307041273683,8.875745541121127,21.0,1,-0.11730704127368341,21.117307041273683,20.5,21.5
1784.0,20.943639933834483,21.18181891151854,8.875183216565867,21.0,1,-0.18181891151854046,21.18181891151854,20.5,21.5
1785.0,20.94622624249103,21.322066246586036,8.874619707139395,21.0,1,-0.32206624658603644,21.322066246586036,20.5,21.5
1786.0,20.94881192118396,21.250606069148695,8.87405501360462,21.0,1,-0.2506060691486951,21.250606069148695,20.5,21.5
1787.0,20.951396969802445,21.317633523385027,8.873489136726052,21.0,1,-0.3176335233850267,21.317633523385027,20.5,21.5
1788.0,20.95398138823583,21.23713119849106,8.87292207726981,21.0,1,-0.2371311984910598,21.23713119849106,20.5,21.5
1789.0,20.956565176373637,21.195530101649005,8.872353836003608,21.0,1,-0.19553010164900542,21.195530101649005,20.5,21.5
1790.0,20.959148334105564,21.15885008720213,8.871784413696762,21.0,1,-0.15885008720212923,21.15885008720213,20.5,21.5
1791.0,20.96173086132148,21.235188583789647,8.871213811120189,21.0,1,-0.2351885837896468,21.235188583789647,20.5,21.5
1792.0,20.96431275791144,21.29284377706273,8.870642029046401,21.0,1,-0.29284377706272835,21.29284377706273,20.5,21.5
1793.0,20.96689402376567,21.328552251196875,8.87006906824951,21.0,1,-0.32855225119687503,21.328552251196875,20.5,21.5
1794.0,20.969474658774566,21.46598144483064,8.869494929505219,21.0,1,-0.4659814448306392,21.46598144483064,20.5,21.5
1795.0,20.97205466282871,21.40618791131966,8.86891961359083,21.0,1,-0.4061879113196589,21.40618791131966,20.5,21.5
1796.0,20.974634035818863,21.334447703991827,8.868343121285237,21.0,1,-0.33444770399182744,21.334447703991827,20.5,21.5
1797.0,20.977212777635955,21.324735548915218,8.867765453368929,21.0,1,-0.3247355489152177,21.324735548915218,20.5,21.5
1798.0,20.979790888171102,21.362345044125583,8.867186610623982,21.0,1,-0.36234504412558266,21.362345044125583,20.5,21.5
1799.0,20.982368367315594,21.293540590163914,8.866606593834065,21.0,1,-0.2935405901639143,21.293540590163914,20.5,21.5
1800.0,20.9849452149609,21.234121107956096,8.86602540378444,21.0,1,-0.23412110795609564,21.234121107956096,20.5,21.5
1801.0,20.98752143099866,21.22233950855165,8.86544304126195,21.0,1,-0.22233950855164863,21.22233950855165,20.5,21.5
1802.0,20.990097015320714,21.288024062819577,8.86485950705503,21.0,1,-0.28802406281957715,21.288024062819577,20.5,21.5
1803.0,20.99267196781906,21.163202364884704,8.864274801953705,21.0,1,-0.16320236488470385,21.163202364884704,20.5,21.5
1804.0,20.995246288385886,21.082123932033262,8.863688926749576,21.0,1,-0.08212393203326229,21.082123932033262,20.5,21.5
1805.0,20.997819976913558,21.145505480569796,8.863101882235837,21.0,1,-0.1455054805697955,21.145505480569796,20.5,21.5
1806.0,21.00039303329462,21.252749512589993,8.862513669207258,21.0,1,-0.25274951258999323,21.252749512589993,20.5,21.5
1807.0,21.002965457421805,21.206007783900468,8.861924288460195,21.0,1,-0.2060077839004677,21.206007783900468,20.5,21.5
1808.0,21.005537249188013,21.273063245189824,8.861333740792585,21.0,1,-0.2730632451898245,21.273063245189824,20.5,21.5
1809.0,21.008108408486333,21.398856536929113,8.860742027003944,21.0,1,-0.39885653692911305,21.398856536929113,20.5,21.5
1810.0,21.010678935210038,21.41985404171138,8.860149147895365,21.0,1,-0.4198540417113783,21.41985404171138,20.5,21.5
1811.0,21.013248829252575,21.473501592012102,8.859555104269523,21.0,1,-0.4735015920121022,21.473501592012102,20.5,21.5
1812.0,21.01581809050758,21.403968165258178,8.858959896930665,21.0,1,-0.4039681652581777,21.403968165258178,20.5,21.5
1813.0,21.018386718868864,21.420472313730777,8.858363526684615,21.0,1,-0.42047231373077665,21.420472313730777,20.5,21.5
1814.0,21.020954714230427,21.34381413801795,8.857765994338774,21.0,1,-0.3438141380179509,21.34381413801795,20.5,21.5
1815.0,21.02352207648645,21.423283359119246,8.857167300702113,21.0,1,-0.42328335911924597,21.423283359119246,20.5,21.5
1816.0,21.026088805531295,21.27292013914755,8.856567446585176,21.0,1,-0.2729201391475513,21.27292013914755,20.5,21.5
1817.0,21.028654901259504,21.28960398605106,8.855966432800079,21.0,1,-0.2896039860510591,21.28960398605106,20.5,21.5
1818.0,21.03122036356581,21.248247309102045,8.855364260160506,21.0,1,-0.2482473091020445,21.248247309102045,20.5,21.5
1819.0,21.03378519234513,21.253105215453136,8.854760929481715,21.0,1,-0.2531052154531359,21.253105215453136,20.5,21.5
1820.0,21.03634938749256,21.195777398827907,8.854156441580525,21.0,1,-0.19577739882790723,21.195777398827907,20.5,21.5
1821.0,21.038912948903377,21.198764421041865,8.853550797275327,21.0,1,-0.1987644210418651,21.198764421041865,20.5,21.5
1822.0,21.04147587647305,21.198842296562106,8.852943997386076,21.0,1,-0.1988422965621055,21.198842296562106,20.5,21.5
1823.0,21.044038170097235,21.172196696023352,8.852336042734288,21.0,1,-0.1721966960233523,21.172196696023352,20.5,21.5
1824.0,21.046599829671763,21.194481871675446,8.851726934143048,21.0,1,-0.19448187167544617,21.194481871675446,20.5,21.5
1825.0,21.04916085509266,21.087811113316516,8.851116672437,21.0,1,-0.08781111331651559,21.087811113316516,20.5,21.5
1826.0,21.05172124625613,21.156091756626285,8.85050525844235,21.0,1,-0.15609175662628516,21.156091756626285,20.5,21.5
1827.0,21.054281003058566,21.188977842811504,8.849892692986863,21.0,1,-0.18897784281150365,21.188977842811504,20.5,21.5
1828.0,21.05684012539655,21.23823518965187,8.849278976899868,21.0,1,-0.23823518965187063,21.23823518965187,20.5,21.5
1829.0,21.059398613166852,21.281838470062276,8.84866411101224,21.0,1,-0.2818384700622758,21.281838470062276,20.5,21.5
1830.0,21.06195646626642,21.27662304055071,8.848048096156425,21.0,1,-0.2766230405507102,21.27662304055071,20.5,21.5
1831.0,21.0645136845924,21.31893818752992,8.847430933166416,21.0,1,-0.31893818752991976,21.31893818752992,20.5,21.5
1832.0,21.067070268042112,21.30176306805095,8.846812622877762,21.0,1,-0.3017630680509491,21.30176306805095,20.5,21.5
1833.0,21.06962621651308,21.25429576122972,8.846193166127565,21.0,1,-0.2542957612297201,21.25429576122972,20.5,21.5
1834.0,21.072181529903002,21.097995830453094,8.845572563754478,21.0,1,-0.0979958304530939,21.097995830453094,20.5,21.5
1835.0,21.074736208109773,21.211561736605486,8.844950816598711,21.0,1,-0.2115617366054856,21.211561736605486,20.5,21.5
1836.0,21.07729025103147,21.130549823469966,8.844327925502014,21.0,1,-0.13054982346996624,21.130549823469966,20.5,21.5
1837.0,21.079843658566364,21.132000505829414,8.843703891307698,21.0,1,-0.13200050582941358,21.132000505829414,20.5,21.5
1838.0,21.082396430612913,21.094321773607092,8.843078714860608,21.0,1,-0.09432177360709204,21.094321773607092,20.5,21.5
1839.0,21.084948567069763,21.277150785772186,8.842452397007147,21.0,1,-0.27715078577218577,21.277150785772186,20.5,21.5
1840.0,21.08750006783575,21.280678711019796,8.841824938595257,21.0,1,-0.2806787110197959,21.280678711019796,20.5,21.5
1841.0,21.090050932809902,21.419166600679922,8.841196340474426,21.0,1,-0.4191666006799224,21.419166600679922,20.5,21.5
1842.0,21.092601161891434,21.4671468318381,8.840566603495684,21.0,1,-0.46714683183810024,21.4671468318381,20.5,21.5
1843.0,21.095150754979755,21.499374456553994,8.839935728511605,21.0,1,-0.49937445655399415,21.499374456553994,20.5,21.5
1844.0,21.09769971197446,21.40792809228497,8.8393037163763,21.0,1,-0.40792809228496907,21.40792809228497,20.5,21.5
1845.0,21.10024803277534,21.379468107627183,8.838670567945424,21.0,1,-0.37946810762718286,21.379468107627183,20.5,21.5
1846.0,21.102795717282373,21.230682451520085,8.838036284076168,21.0,1,-0.23068245152008515,21.230682451520085,20.5,21.5
1847.0,21.105342765395733,21.144494766075734,8.83740086562726,21.0,1,-0.1444947660757343,21.144494766075734,20.5,21.5
1848.0,21.107889177015778,21.21360752219703,8.836764313458962,21.0,1,-0.21360752219703016,21.21360752219703,20.5,21.5
1849.0,21.110434952043068,21.217566120266003,8.836126628433076,21.0,1,-0.21756612026600308,21.217566120266003,20.5,21.5
1850.0,21.112980090378347,21.24400171229299,8.835487811412936,21.0,1,-0.2440017122929916,21.24400171229299,20.5,21.5
1851.0,21.115524591922554,21.237597023691567,8.834847863263407,21.0,1,-0.237597023691567,21.237597023691567,20.5,21.5
1852.0,21.11806845657682,21.345818950697524,8.834206784850885,21.0,1,-0.3458189506975238,21.345818950697524,20.5,21.5
1853.0,21.120611684242476,21.350020521226995,8.833564577043296,21.0,1,-0.3500205212269947,21.350020521226995,20.5,21.5
1854.0,21.123154274821037,21.271914980367466,8.8329212407101,21.0,1,-0.2719149803674661,21.271914980367466,20.5,21.5
1855.0,21.125696228214213,21.264983994894926,8.832276776722278,21.0,1,-0.2649839948949264,21.264983994894926,20.5,21.5
1856.0,21.128237544323916,21.291080024015027,8.831631185952341,21.0,1,-0.2910800240150273,21.291080024015027,20.5,21.5
1857.0,21.130778223052243,21.2947227703036,8.830984469274329,21.0,1,-0.2947227703036006,21.2947227703036,20.5,21.5
1858.0,21.133318264301487,21.249592318688237,8.830336627563797,21.0,1,-0.2495923186882365,21.249592318688237,20.5,21.5
1859.0,21.13585766797414,21.25756726848089,8.829687661697832,21.0,1,-0.25756726848089073,21.25756726848089,20.5,21.5
1860.0,21.138396433972883,21.20690133270225,8.829037572555041,21.0,1,-0.20690133270225175,21.20690133270225,20.5,21.5
1861.0,21.1409345622006,21.26556328548192,8.828386361015548,21.0,1,-0.265563285481921,21.26556328548192,20.5,21.5
1862.0,21.143472052560362,21.204980530942358,8.827734027961,21.0,1,-0.20498053094235757,21.204980530942358,20.5,21.5
1863.0,21.146008904955444,21.304201194227126,8.827080574274563,21.0,1,-0.3042011942271259,21.304201194227126,20.5,21.5
1864.0,21.14854511928931,21.357056122464407,8.826426000840915,21.0,1,-0.35705612246440666,21.357056122464407,20.5,21.5
1865.0,21.15108069546562,21.324404100185795,8.825770308546254,21.0,1,-0.32440410018579513,21.324404100185795,20.5,21.5
1866.0,21.153615633388235,21.29873280812248,8.825113498278295,21.0,1,-0.29873280812248026,21.29873280812248,20.5,21.5
1867.0,21.156149932961213,21.287624884902367,8.824455570926263,21.0,1,-0.2876248849023675,21.287624884902367,20.5,21.5
1868.0,21.158683594088807,21.198250413987427,8.823796527380896,21.0,1,-0.19825041398742727,21.198250413987427,20.5,21.5
1869.0,21.161216616675464,21.175875132110136,8.823136368534442,21.0,1,-0.17587513211013572,21.175875132110136,20.5,21.5
1870.0,21.163749000625835,21.28615660173923,8.822475095280662,21.0,1,-0.2861566017392292,21.28615660173923,20.5,21.5
1871.0,21.166280745844766,21.25159294652615,8.821812708514825,21.0,1,-0.2515929465261486,21.25159294652615,20.5,21.5
1872.0,21.1688118522373,21.218539887241896,8.821149209133704,21.0,1,-0.21853988724189577,21.218539887241896,20.5,21.5
1873.0,21.171342319708682,21.32941692136755,8.820484598035582,21.0,1,-0.3294169213675495,21.32941692136755,20.5,21.5
1874.0,21.173872148164346,21.359692973454038,8.819818876120248,21.0,1,-0.35969297345403817,21.359692973454038,20.5,21.5
1875.0,21.176401337509937,21.249638069493404,8.819152044288991,21.0,1,-0.24963806949340395,21.249638069493404,20.5,21.5
1876.0,21.178929887651293,21.375183499914083,8.818484103444606,21.0,1,-0.3751834999140833,21.375183499914083,20.5,21.5
1877.0,21.181457798494453,21.48206167340425,8.817815054491387,21.0,1,-0.48206167340424955,21.48206167340425,20.5,21.5
1878.0,21.183985069945653,21.39612930400856,8.817144898335128,21.0,1,-0.3961293040085607,21.39612930400856,20.5,21.5
1879.0,21.186511701911332,21.53905030457215,8.816473635883126,21.0,0,-0.5390503045721502,21.53905030457215,20.5,21.5
1880.0,21.184037694298127,21.5204722271395,8.815801268044172,21.0,0,-0.5204722271394999,21.5204722271395,20.5,21.5
1881.0,21.181564047012877,21.448659636853034,8.815127795728554,21.0,0,-0.44865963685303356,21.448659636853034,20.5,21.5
1882.0,21.17909075976262,21.43855093942881,8.814453219848057,21.0,0,-0.4385509394288114,21.43855093942881,20.5,21.5
1883.0,21.176617832254635,21.491674248662157,8.813777541315957,21.0,0,-0.49167424866215725,21.491674248662157,20.5,21.5
1884.0,21.174145264196447,21.433599047174674,8.813100761047028,21.0,0,-0.433599047174674,21.433599047174674,20.5,21.5
1885.0,21.171673055295816,21.53119985874355,8.812422879957529,21.0,0,-0.5311998587435482,21.53119985874355,20.5,21.5
1886.0,21.169201205260748,21.523685262100457,8.811743898965215,21.0,0,-0.5236852621004573,21.523685262100457,20.5,21.5
1887.0,21.16672971379949,21.477285155092183,8.811063818989327,21.0,0,-0.47728515509218283,21.477285155092183,20.5,21.5
1888.0,21.16425858062053,21.40860728699952,8.810382640950595,21.0,0,-0.4086072869995192,21.40860728699952,20.5,21.5
1889.0,21.161787805432596,21.39971777391425,8.809700365771235,21.0,0,-0.3997177739142508,21.39971777391425,20.5,21.5
1890.0,21.159317387944665,21.274075740360338,8.809016994374947,21.0,0,-0.2740757403603382,21.274075740360338,20.5,21.5
1891.0,21.15684732786595,21.22368103583677,8.80833252768692,21.0,0,-0.22368103583676913,21.22368103583677,20.5,21.5
1892.0,21.154377624905916,21.120501486268687,8.807646966633822,21.0,0,-0.12050148626868662,21.120501486268687,20.5,21.5
1893.0,21.15190827877426,21.162290343510712,8.806960312143802,21.0,0,-0.16229034351071192,21.162290343510712,20.5,21.5
1894.0,21.149439289180936,20.987610200629742,8.806272565146491,21.0,0,0.012389799370257748,20.987610200629742,20.5,21.5
1895.0,21.146970655836128,21.08430411215541,8.805583726573,21.0,0,-0.08430411215541156,21.08430411215541,20.5,21.5
1896.0,21.144502378450277,21.073597295434364,8.804893797355914,21.0,0,-0.07359729543436444,21.073597295434364,20.5,21.5
1897.0,21.14203445673406,21.200141659028322,8.8042027784293,21.0,0,-0.20014165902832204,21.200141659028322,20.5,21.5
1898.0,21.1395668903984,21.087893664131208,8.803510670728695,21.0,0,-0.08789366413120803,21.087893664131208,20.5,21.5
1899.0,21.137099679154463,21.199288008426695,8.802817475191114,21.0,0,-0.19928800842669503,21.199288008426695,20.5,21.5
1900.0,21.13463282271367,21.28790371987365,8.802123192755044,21.0,0,-0.2879037198736505,21.28790371987365,20.5,21.5
1901.0,21.13216632078768,21.303260410965756,8.801427824360442,21.0,0,-0.3032604109657555,21.303260410965756,20.5,21.5
1902.0,21.129700173088395,21.4102364831471,8.800731370948734,21.0,0,-0.4102364831470986,21.4102364831471,20.5,21.5
1903.0,21.127234379327966,21.523406610703102,8.80003383346282,21.0,0,-0.5234066107031019,21.523406610703102,20.5,21.5
1904.0,21.124768939218793,21.55343639124581,8.799335212847062,21.0,0,-0.5534363912458105,21.55343639124581,20.5,21.5
1905.0,21.122303852473518,21.436011850194564,8.798635510047292,21.0,0,-0.43601185019456423,21.436011850194564,20.5,21.5
1906.0,21.119839118805032,21.49568394029969,8.797934726010809,21.0,0,-0.49568394029968843,21.49568394029969,20.5,21.5
1907.0,21.117374737926472,21.3951163945894,8.79723286168637,21.0,0,-0.39511639458940095,21.3951163945894,20.5,21.5
1908.0,21.114910709551225,21.32194295618898,8.796529918024197,21.0,0,-0.3219429561889804,21.32194295618898,20.5,21.5
1909.0,21.112447033392918,21.27166695213139,8.795825895975975,21.0,0,-0.27166695213139036,21.27166695213139,20.5,21.5
1910.0,21.109983709165434,21.347537216110403,8.795120796494848,21.0,0,-0.34753721611040334,21.347537216110403,20.5,21.5
1911.0,21.1075207365829,21.365640276465403,8.794414620535418,21.0,0,-0.36564027646540254,21.365640276465403,20.5,21.5
1912.0,21.10505811535969,21.279276915199663,8.793707369053745,21.0,0,-0.279276915199663,21.279276915199663,20.5,21.5
1913.0,21.102595845210427,21.24235070440796,8.792999043007347,21.0,0,-0.24235070440796136,21.24235070440796,20.5,21.5
1914.0,21.100133925849985,21.30031934036011,8.79228964335519,21.0,0,-0.30031934036011165,21.30031934036011,20.5,21.5
1915.0,21.097672356993485,21.21977869542658,8.791579171057704,21.0,0,-0.21977869542658013,21.21977869542658,20.5,21.5
1916.0,21.095211138356298,21.249202240488707,8.79086762707676,21.0,0,-0.24920224048870665,21.249202240488707,20.5,21.5
1917.0,21.092750269654044,21.297845671733008,8.79015501237569,21.0,0,-0.2978456717330076,21.297845671733008,20.5,21.5
1918.0,21.090289750602587,21.40174911178188,8.789441327919269,21.0,0,-0.40174911178187855,21.40174911178188,20.5,21.5
1919.0,21.08782958091805,21.329385880738748,8.788726574673722,21.0,0,-0.32938588073874797,21.329385880738748,20.5,21.5
1920.0,21.0853697603168,21.42456671686194,8.788010753606722,21.0,0,-0.42456671686193914,21.42456671686194,20.5,21.5
1921.0,21.08291028851546,21.403523479988404,8.787293865687387,21.0,0,-0.40352347998840443,21.403523479988404,20.5,21.5
1922.0,21.080451165230894,21.457972752410633,8.786575911886278,21.0,0,-0.4579727524106332,21.457972752410633,20.5,21.5
1923.0,21.077992390180224,21.38673919456366,8.785856893175403,21.0,0,-0.3867391945636598,21.38673919456366,20.5,21.5
1924.0,21.075533963080822,21.438119668265394,8.785136810528206,21.0,0,-0.4381196682653936,21.438119668265394,20.5,21.5
1925.0,21.07307588365031,21.392247253821388,8.784415664919576,21.0,0,-0.39224725382138814,21.392247253821388,20.5,21.5
1926.0,21.070618151606567,21.271121746641064,8.783693457325839,21.0,0,-0.2711217466410645,21.271121746641064,20.5,21.5
1927.0,21.06816076666771,21.244456054800292,8.782970188724763,21.0,0,-0.24445605480029187,21.244456054800292,20.5,21.5
1928.0,21.065703728552123,21.208043688640807,8.782245860095543,21.0,0,-0.20804368864080658,21.208043688640807,20.5,21.5
1929.0,21.06324703697843,21.169737756842935,8.78152047241882,21.0,0,-0.16973775684293457,21.169737756842935,20.5,21.5
1930.0,21.06079069166552,21.15104400416288,8.78079402667666,21.0,0,-0.15104400416288044,21.15104400416288,20.5,21.5
1931.0,21.058334692332522,21.17662973691757,8.780066523852566,21.0,0,-0.1766297369175689,21.17662973691757,20.5,21.5
1932.0,21.055879038698826,21.09912637817525,8.779337964931473,21.0,0,-0.09912637817524939,21.09912637817525,20.5,21.5
1933.0,21.053423730484074,21.14884925713825,8.778608350899745,21.0,0,-0.1488492571382487,21.14884925713825,20.5,21.5
1934.0,21.050968767408158,21.207483412808422,8.77787768274517,21.0,0,-0.20748341280842197,21.207483412808422,20.5,21.5
1935.0,21.048514149191224,21.257919364071178,8.777145961456972,21.0,0,-0.2579193640711779,21.257919364071178,20.5,21.5
1936.0,21.046059875553677,21.314529284537308,8.776413188025789,21.0,0,-0.3145292845373078,21.314529284537308,20.5,21.5
1937.0,21.04360594621617,21.333512493240214,8.775679363443695,21.0,0,-0.3335124932402138,21.333512493240214,20.5,21.5
1938.0,21.041152360899616,21.35553320363109,8.774944488704179,21.0,0,-0.3555332036310901,21.35553320363109,20.5,21.5
1939.0,21.038699119325177,21.299477343032677,8.774208564802159,21.0,0,-0.29947734303267737,21.299477343032677,20.5,21.5
1940.0,21.036246221214274,21.207444897306686,8.773471592733964,21.0,0,-0.20744489730668647,21.207444897306686,20.5,21.5
1941.0,21.033793666288577,21.192079442028977,8.772733573497352,21.0,0,-0.19207944202897664,21.192079442028977,20.5,21.5
1942.0,21.03134145427002,21.290368764870927,8.77199450809149,21.0,0,-0.29036876487092655,21.290368764870927,20.5,21.5
1943.0,21.028889584880783,21.242382175231285,8.77125439751697,21.0,0,-0.2423821752312847,21.242382175231285,20.5,21.5
1944.0,21.02643805784331,21.313020295328318,8.77051324277579,21.0,0,-0.3130202953283181,21.313020295328318,20.5,21.5
1945.0,21.023986872880297,21.39594072094474,8.769771044871367,21.0,0,-0.39594072094473987,21.39594072094474,20.5,21.5
1946.0,21.021536029714696,21.5189998297996,8.769027804808532,21.0,0,-0.5189998297996006,21.5189998297996,20.5,21.5
1947.0,21.019085528069713,21.516560766913354,8.768283523593523,21.0,0,-0.5165607669133543,21.516560766913354,20.5,21.5
1948.0,21.01663536766882,21.614582703381394,8.76753820223399,21.0,0,-0.6145827033813944,21.614582703381394,20.5,21.5
1949.0,21.014185548235734,21.534374398984045,8.766791841738986,21.0,0,-0.5343743989840455,21.534374398984045,20.5,21.5
1950.0,21.011736069494436,21.56156431120411,8.766044443118979,21.0,0,-0.5615643112041084,21.56156431120411,20.5,21.5
1951.0,21.00928693116916,21.4304024082886,8.765296007385835,21.0,0,-0.4304024082886002,21.4304024082886,20.5,21.5
1952.0,21.006838132984406,21.429816483490832,8.764546535552832,21.0,0,-0.429816483490832,21.429816483490832,20.5,21.5
1953.0,21.00438967466492,21.388225866147536,8.763796028634642,21.0,0,-0.3882258661475362,21.388225866147536,20.5,21.5
1954.0,21.001941555935716,21.35330133834018,8.763044487647345,21.0,0,-0.35330133834018085,21.35330133834018,20.5,21.5
1955.0,20.99949377652206,21.245512093372252,8.762291913608419,21.0,0,-0.24551209337225188,21.245512093372252,20.5,21.5
1956.0,20.997046336149477,21.262509279115708,8.761538307536737,21.0,0,-0.262509279115708,21.262509279115708,20.5,21.5
1957.0,20.994599234543756,21.216538500872776,8.760783670452575,21.0,0,-0.21653850087277604,21.216538500872776,20.5,21.5
1958.0,20.992152471430938,21.150225328044066,8.760028003377602,21.0,0,-0.15022532804406552,21.150225328044066,20.5,21.5
1959.0,20.98970604653733,21.179493047474946,8.759271307334881,21.0,0,-0.17949304747494566,21.179493047474946,20.5,21.5
1960.0,20.987259959589487,21.18201365291749,8.758513583348869,21.0,0,-0.18201365291749028,21.18201365291749,20.5,21.5
1961.0,20.984814210314237,21.13015615083293,8.757754832445414,21.0,0,-0.13015615083293142,21.13015615083293,20.5,21.5
1962.0,20.982368798438664,21.027416611090917,8.756995055651757,21.0,0,-0.027416611090917087,21.027416611090917,20.5,21.5
1963.0,20.979923723690106,21.02656842973333,8.756234253996523,21.0,0,-0.026568429733330845,21.02656842973333,20.5,21.5
1964.0,20.977478985796168,20.992025997295137,8.755472428509727,21.0,0,0.007974002704862926,20.992025997295137,20.5,21.5
1965.0,20.97503458448471,20.990567710151318,8.754709580222773,21.0,0,0.009432289848682274,20.990567710151318,20.5,21.5
1966.0,20.97259051948386,20.99578552728705,8.753945710168443,21.0,0,0.004214472712948947,20.99578552728705,20.5,21.5
1967.0,20.970146790521994,21.04947741264014,8.75318081938091,21.0,0,-0.04947741264014027,21.04947741264014,20.5,21.5
1968.0,20.967703397327767,21.063324023225405,8.752414908895725,21.0,0,-0.06332402322540531,21.063324023225405,20.5,21.5
1969.0,20.96526033963008,21.041364638532325,8.751647979749817,21.0,0,-0.041364638532325415,21.041364638532325,20.5,21.5
1970.0,20.962817617158105,21.06272051290133,8.750880032981499,21.0,0,-0.06272051290132907,21.06272051290133,20.5,21.5
1971.0,20.96037522964127,21.119795236826043,8.75011106963046,21.0,0,-0.1197952368260431,21.119795236826043,20.5,21.5
1972.0,20.957933176809266,21.167039399900524,8.749341090737763,21.0,0,-0.1670393999005242,21.167039399900524,20.5,21.5
1973.0,20.955491458392054,21.254953565552785,8.74857009734585,21.0,0,-0.2549535655527855,21.254953565552785,20.5,21.5
1974.0,20.953050074119844,21.337788667143396,8.747798090498533,21.0,0,-0.3377886671433963,21.337788667143396,20.5,21.5
1975.0,20.95060902372312,21.343577071982338,8.747025071240996,21.0,0,-0.3435770719823381,21.343577071982338,20.5,21.5
1976.0,20.948168306932626,21.29909945269317,8.746251040619798,21.0,0,-0.29909945269317006,21.29909945269317,20.5,21.5
1977.0,20.945727923479364,21.411681864468864,8.745475999682862,21.0,0,-0.41168186446886423,21.411681864468864,20.5,21.5
1978.0,20.943287873094604,21.299810615260835,8.744699949479482,21.0,0,-0.2998106152608351,21.299810615260835,20.5,21.5
1979.0,20.940848155509883,21.287327711711804,8.743922891060318,21.0,0,-0.2873277117118036,21.287327711711804,20.5,21.5
1980.0,20.93840877045699,21.263802455014854,8.743144825477394,21.0,0,-0.26380245501485433,21.263802455014854,20.5,21.5
1981.0,20.935969717667994,21.214377877166473,8.742365753784098,21.0,0,-0.2143778771664735,21.214377877166473,20.5,21.5
1982.0,20.933530996875216,21.06638472583915,8.741585677035179,21.0,0,-0.0663847258391499,21.06638472583915,20.5,21.5
1983.0,20.931092607811248,20.968734269852238,8.74080459628675,21.0,0,0.03126573014776213,20.968734269852238,20.5,21.5
1984.0,20.928654550208943,21.035227457782355,8.74002251259628,21.0,0,-0.03522745778235503,21.035227457782355,20.5,21.5
1985.0,20.926216823801422,21.057477710040274,8.739239427022596,21.0,0,-0.05747771004027413,21.057477710040274,20.5,21.5
1986.0,20.923779428322067,21.04179551174179,8.738455340625883,21.0,0,-0.04179551174178897,21.04179551174179,20.5,21.5
1987.0,20.92134236350453,21.137875645173082,8.737670254467682,21.0,0,-0.13787564517308226,21.137875645173082,20.5,21.5
1988.0,20.918905629082722,21.239467348394747,8.736884169610883,21.0,0,-0.23946734839474715,21.239467348394747,20.5,21.5
1989.0,20.916469224790827,21.145086774747323,8.736097087119735,21.0,0,-0.14508677474732323,21.145086774747323,20.5,21.5
1990.0,20.91403315036329,21.117693285822288,8.73530900805983,21.0,0,-0.11769328582228766,21.117693285822288,20.5,21.5
1991.0,20.91159740553483,21.104759544144656,8.734519933498111,21.0,0,-0.10475954414465605,21.104759544144656,20.5,21.5
1992.0,20.909161990040424,20.932289877555235,8.733729864502877,21.0,0,0.06771012244476537,20.932289877555235,20.5,21.5
1993.0,20.906726903615315,20.96137788230947,8.732938802143762,21.0,0,0.03862211769052948,20.96137788230947,20.5,21.5
1994.0,20.904292145995022,21.02087417431261,8.73214674749175,21.0,0,-0.02087417431260974,21.02087417431261,20.5,21.5
1995.0,20.901857716915323,21.096062083983405,8.73135370161917,21.0,0,-0.09606208398340499,21.096062083983405,20.5,21.5
1996.0,20.899423616112266,21.1662258630788,8.73055966559969,21.0,0,-0.16622586307880027,21.1662258630788,20.5,21.5
1997.0,20.896989843322164,21.200971792948657,8.729764640508321,21.0,0,-0.20097179294865697,21.200971792948657,20.5,21.5
1998.0,20.8945563982816,21.15692908021083,8.728968627421413,21.0,0,-0.15692908021082985,21.15692908021083,20.5,21.5
1999.0,20.89212328072743,21.102235400456387,8.728171627416646,21.0,0,-0.10223540045638657,21.102235400456387,20.5,21.5
2000.0,20.889690490396767,21.07541164115718,8.727373641573049,21.0,0,-0.07541164115718146,21.07541164115718,20.5,21.5
2001.0,20.887258027027002,21.060098396431393,8.726574670970976,21.0,0,-0.06009839643139259,21.060098396431393,20.5,21.5
2002.0,20.884825890355792,21.07266930177281,8.725774716692118,21.0,0,-0.07266930177280884,21.07266930177281,20.5,21.5
2003.0,20.88239408012106,21.096350111213326,8.724973779819498,21.0,0,-0.09635011121332582,21.096350111213326,20.5,21.5
2004.0,20.879962596061,21.089958405632366,8.724171861437467,21.0,0,-0.08995840563236612,21.089958405632366,20.5,21.5
2005.0,20.877531437914072,21.062554336530564,8.723368962631708,21.0,0,-0.06255433653056386,21.062554336530564,20.5,21.5
2006.0,20.875100605419014,21.12537756584236,8.722565084489228,21.0,0,-0.12537756584235993,21.12537756584236,20.5,21.5
2007.0,20.872670098314828,21.07019689496901,8.721760228098363,21.0,0,-0.07019689496900838,21.07019689496901,20.5,21.5
2008.0,20.870239916340786,21.042066974140646,8.72095439454877,21.0,0,-0.04206697414064564,21.042066974140646,20.5,21.5
2009.0,20.867810059236426,20.9841215889049,8.720147584931432,21.0,0,0.015878411095098244,20.9841215889049,20.5,21.5
2010.0,20.865380526741564,21.008063472074127,8.719339800338652,21.0,0,-0.008063472074127276,21.008063472074127,20.5,21.5
2011.0,20.862951318596284,20.991979599474107,8.718531041864052,21.0,0,0.008020400525893479,20.991979599474107,20.5,21.5
2012.0,20.860522434540936,21.074589094548095,8.717721310602577,21.0,0,-0.07458909454809515,21.074589094548095,20.5,21.5
2013.0,20.858093874316147,21.164458451561835,8.716910607650483,21.0,0,-0.1644584515618348,21.164458451561835,20.5,21.5
2014.0,20.855665637662813,21.171215963388022,8.716098934105345,21.0,0,-0.17121596338802192,21.171215963388022,20.5,21.5
2015.0,20.853237724322103,21.092462750844344,8.715286291066052,21.0,0,-0.0924627508443443,21.092462750844344,20.5,21.5
2016.0,20.850810134035452,21.000859876192127,8.714472679632804,21.0,0,-0.0008598761921270182,21.000859876192127,20.5,21.5
2017.0,20.848382866544572,20.965120435548098,8.713658100907113,21.0,0,0.03487956445190221,20.965120435548098,20.5,21.5
2018.0,20.845955921591443,20.895070382919332,8.7128425559918,21.0,0,0.10492961708066773,20.895070382919332,20.5,21.5
2019.0,20.843529298918323,20.8734095478195,8.712026045990996,21.0,0,0.12659045218050125,20.8734095478195,20.5,21.5
2020.0,20.841102998267736,20.895696066606973,8.711208572010138,21.0,0,0.10430393339302668,20.895696066606973,20.5,21.5
2021.0,20.838677019382484,20.937004434112197,8.710390135155963,21.0,0,0.0629955658878032,20.937004434112197,20.5,21.5
2022.0,20.836251362005637,20.87319481100016,8.709570736536522,21.0,0,0.12680518899983895,20.87319481100016,20.5,21.5
2023.0,20.833826025880544,20.934923619200752,8.708750377261156,21.0,0,0.0650763807992476,20.934923619200752,20.5,21.5
2024.0,20.83140101075082,21.075735032807945,8.707929058440516,21.0,0,-0.07573503280794469,21.075735032807945,20.5,21.5
2025.0,20.828976316360357,21.06608972299288,8.707106781186548,21.0,0,-0.0660897229928814,21.06608972299288,20.5,21.5
2026.0,20.82655194245332,21.190737160031762,8.706283546612495,21.0,0,-0.19073716003176244,21.190737160031762,20.5,21.5
2027.0,20.824127888774154,21.322726994609802,8.7054593558329,21.0,0,-0.3227269946098019,21.322726994609802,20.5,21.5
2028.0,20.821704155067565,21.238280244391436,8.704634209963595,21.0,0,-0.23828024439143647,21.238280244391436,20.5,21.5
2029.0,20.819280741078543,21.224753263902148,8.70380811012171,21.0,0,-0.2247532639021479,21.224753263902148,20.5,21.5
2030.0,20.816857646552354,21.17915484052498,8.702981057425662,21.0,0,-0.17915484052497987,21.17915484052498,20.5,21.5
2031.0,20.81443487123453,20.956206389092856,8.702153052995163,21.0,0,0.0437936109071444,20.956206389092856,20.5,21.5
2032.0,20.812012414870882,20.877425822314414,8.70132409795121,21.0,0,0.12257417768558554,20.877425822314414,20.5,21.5
2033.0,20.809590277207498,20.92744646347913,8.700494193416088,21.0,0,0.07255353652087138,20.92744646347913,20.5,21.5
2034.0,20.80716845799074,20.81645048432882,8.699663340513366,21.0,0,0.1835495156711815,20.81645048432882,20.5,21.5
2035.0,20.804746956967247,20.88148314042727,8.6988315403679,21.0,0,0.11851685957272906,20.88148314042727,20.5,21.5
2036.0,20.802325773883926,21.007390925413283,8.697998794105827,21.0,0,-0.0073909254132829005,21.007390925413283,20.5,21.5
2037.0,20.79990490848797,20.99582515843031,8.697165102854564,21.0,0,0.0041748415696893915,20.99582515843031,20.5,21.5
2038.0,20.797484360526845,20.899736005371032,8.69633046774281,21.0,0,0.10026399462896762,20.899736005371032,20.5,21.5
2039.0,20.795064129748287,20.999950957861255,8.695494889900537,21.0,0,4.904213874468155e-05,20.999950957861255,20.5,21.5
2040.0,20.792644215900317,21.00520956049109,8.694658370458997,21.0,0,-0.005209560491088894,21.00520956049109,20.5,21.5
2041.0,20.79022461873123,20.98587104756291,8.693820910550718,21.0,0,0.014128952437090447,20.98587104756291,20.5,21.5
2042.0,20.787805337989592,21.02207014186248,8.692982511309497,21.0,0,-0.022070141862478465,21.02207014186248,20.5,21.5
2043.0,20.785386373424256,21.144653954698224,8.692143173870408,21.0,0,-0.1446539546982244,21.144653954698224,20.5,21.5
2044.0,20.782967724784346,21.114553057643242,8.691302899369788,21.0,0,-0.11455305764324208,21.114553057643242,20.5,21.5
2045.0,20.780549391819264,21.137886655880624,8.69046168894525,21.0,0,-0.13788665588062443,21.137886655880624,20.5,21.5
2046.0,20.77813137427869,21.071386779289597,8.68961954373567,21.0,0,-0.0713867792895968,21.071386779289597,20.5,21.5
2047.0,20.77571367191258,21.034995876578467,8.68877646488119,21.0,0,-0.03499587657846703,21.034995876578467,20.5,21.5
2048.0,20.773296284471176,21.005762235127598,8.687932453523219,21.0,0,-0.005762235127598103,21.005762235127598,20.5,21.5
2049.0,20.770879211704987,20.927465353095698,8.687087510804423,21.0,0,0.07253464690430178,20.927465353095698,20.5,21.5
2050.0,20.76846245336481,20.890006018289085,8.686241637868733,21.0,0,0.10999398171091457,20.890006018289085,20.5,21.5
2051.0,20.76604600920171,20.927720525203092,8.68539483586134,21.0,0,0.07227947479690755,20.927720525203092,20.5,21.5
2052.0,20.76362987896704,20.907147106623622,8.684547105928688,21.0,0,0.09285289337637792,20.907147106623622,20.5,21.5
2053.0,20.761214062412435,20.879461890649353,8.683698449218484,21.0,0,0.12053810935064746,20.879461890649353,20.5,21.5
2054.0,20.758798559289797,21.069702457767704,8.682848866879683,21.0,0,-0.06970245776770412,21.069702457767704,20.5,21.5
2055.0,20.756383369351315,21.05154365708595,8.681998360062499,21.0,0,-0.051543657085950656,21.05154365708595,20.5,21.5
2056.0,20.753968492349458,21.031418610592105,8.681146929918393,21.0,0,-0.03141861059210527,21.031418610592105,20.5,21.5
2057.0,20.751553928036973,21.107591236581335,8.680294577600078,21.0,0,-0.10759123658133518,21.107591236581335,20.5,21.5
2058.0,20.749139676166884,21.093619961093108,8.679441304261516,21.0,0,-0.09361996109310766,21.093619961093108,20.5,21.5
2059.0,20.746725736492504,20.912886354605405,8.678587111057917,21.0,0,0.0871136453945951,20.912886354605405,20.5,21.5
2060.0,20.744312108767417,20.865269721119475,8.677731999145733,21.0,0,0.13473027888052513,20.865269721119475,20.5,21.5
2061.0,20.74189879274549,20.853028994033288,8.67687596968266,21.0,0,0.1469710059667122,20.853028994033288,20.5,21.5
2062.0,20.73948578818088,20.810688831981448,8.676019023827642,21.0,0,0.18931116801855197,20.810688831981448,20.5,21.5
2063.0,20.73707309482801,20.809883090180158,8.675161162740856,21.0,0,0.1901169098198423,20.809883090180158,20.5,21.5
2064.0,20.734660712441592,20.855749281654575,8.674302387583724,21.0,0,0.14425071834542535,20.855749281654575,20.5,21.5
2065.0,20.73224864077662,20.86380883738172,8.673442699518901,21.0,0,0.13619116261828168,20.86380883738172,20.5,21.5
2066.0,20.72983687958837,20.752142897302644,8.67258209971028,21.0,0,0.24785710269735617,20.752142897302644,20.5,21.5
2067.0,20.727425428632394,20.77643467057033,8.671720589322991,21.0,0,0.22356532942966822,20.77643467057033,20.5,21.5
2068.0,20.725014287664532,20.77600761120298,8.67085816952339,21.0,0,0.22399238879701855,20.77600761120298,20.5,21.5
2069.0,20.722603456440904,20.81517156236211,8.669994841479074,21.0,0,0.18482843763788992,20.81517156236211,20.5,21.5
2070.0,20.72019293471791,20.819506282202916,8.66913060635886,21.0,0,0.18049371779708423,20.819506282202916,20.5,21.5
2071.0,20.717782722252238,20.954028643909986,8.668265465332796,21.0,0,0.045971356090014126,20.954028643909986,20.5,21.5
2072.0,20.715372818800855,20.916036055676944,8.66739941957216,21.0,0,0.08396394432305598,20.916036055676944,20.5,21.5
2073.0,20.712963224121008,20.95538728590392,8.666532470249452,21.0,0,0.04461271409607903,20.95538728590392,20.5,21.5
2074.0,20.710553937970232,20.89901976603167,8.665664618538397,21.0,0,0.100980233968329,20.89901976603167,20.5,21.5
2075.0,20.708144960106345,20.973746833678355,8.664795865613938,21.0,0,0.026253166321644983,20.973746833678355,20.5,21.5
2076.0,20.705736290287447,20.906612382863536,8.663926212652242,21.0,0,0.09338761713646448,20.906612382863536,20.5,21.5
2077.0,20.70332792827192,20.86716565644108,8.663055660830691,21.0,0,0.132834343558919,20.86716565644108,20.5,21.5
2078.0,20.70091987381843,20.88186253464017,8.66218421132789,21.0,0,0.11813746535982972,20.88186253464017,20.5,21.5
2079.0,20.698512126685934,20.894730557712876,8.661311865323652,21.0,0,0.1052694422871241,20.894730557712876,20.5,21.5
2080.0,20.69610468663366,20.91188072341954,8.660438623999008,21.0,0,0.08811927658046059,20.91188072341954,20.5,21.5
2081.0,20.693697553421135,21.070796584946283,8.6595644885362,21.0,0,-0.07079658494628305,21.070796584946283,20.5,21.5
2082.0,20.69129072680816,21.13104305242956,8.65868946011868,21.0,0,-0.13104305242956116,21.13104305242956,20.5,21.5
2083.0,20.68888420655482,21.122237699891805,8.657813539931112,21.0,0,-0.12223769989180511,21.122237699891805,20.5,21.5
2084.0,20.686477992421498,20.969702639890848,8.656936729159362,21.0,0,0.030297360109152294,20.969702639890848,20.5,21.5
2085.0,20.684072084168847,20.96602695438712,8.656059028990507,21.0,0,0.033973045612878394,20.96602695438712,20.5,21.5
2086.0,20.681666481557812,20.872508852330704,8.655180440612826,21.0,0,0.12749114766929637,20.872508852330704,20.5,21.5
2087.0,20.679261184349624,20.890820472869645,8.654300965215796,21.0,0,0.10917952713035461,20.890820472869645,20.5,21.5
2088.0,20.6768561923058,20.853849873664082,8.653420603990106,21.0,0,0.14615012633591817,20.853849873664082,20.5,21.5
2089.0,20.674451505188134,20.972686500642226,8.652539358127632,21.0,0,0.027313499357774162,20.972686500642226,20.5,21.5
2090.0,20.672047122758723,20.95730102228186,8.651657228821456,21.0,0,0.04269897771813902,20.95730102228186,20.5,21.5
2091.0,20.669643044779935,20.94738553779152,8.650774217265852,21.0,0,0.05261446220848143,20.94738553779152,20.5,21.5
2092.0,20.66723927101443,20.88364186315634,8.649890324656289,21.0,0,0.1163581368436617,20.88364186315634,20.5,21.5
2093.0,20.66483580122516,20.882042156809085,8.649005552189431,21.0,0,0.11795784319091496,20.882042156809085,20.5,21.5
2094.0,20.662432635175353,20.90371424536749,8.648119901063131,21.0,0,0.0962857546325111,20.90371424536749,20.5,21.5
2095.0,20.66002977262853,20.81565900941751,8.647233372476432,21.0,0,0.18434099058249132,20.81565900941751,20.5,21.5
2096.0,20.657627213348498,20.827443817486547,8.646345967629566,21.0,0,0.1725561825134534,20.827443817486547,20.5,21.5
2097.0,20.655224957099353,20.836321472111397,8.645457687723951,21.0,0,0.16367852788860304,20.836321472111397,20.5,21.5
2098.0,20.652823003645477,20.850898536641132,8.644568533962186,21.0,0,0.14910146335886765,20.850898536641132,20.5,21.5
2099.0,20.65042135275154,20.814527128430274,8.643678507548062,21.0,0,0.18547287156972558,20.814527128430274,20.5,21.5
2100.0,20.6480200041825,20.815458695436686,8.64278760968654,21.0,0,0.1845413045633144,20.815458695436686,20.5,21.5
2101.0,20.6456189577036,20.836756598058876,8.641895841583768,21.0,0,0.16324340194112352,20.836756598058876,20.5,21.5
2102.0,20.643218213080377,20.8729843504075,8.641003204447074,21.0,0,0.12701564959250078,20.8729843504075,20.5,21.5
2103.0,20.64081777007865,20.800404479532077,8.640109699484956,21.0,0,0.1995955204679234,20.800404479532077,20.5,21.5
2104.0,20.638417628464534,20.85442366456178,8.63921532790709,21.0,0,0.14557633543822135,20.85442366456178,20.5,21.5
2105.0,20.636017788004423,20.753129938026778,8.638320090924328,21.0,0,0.24687006197322248,20.753129938026778,20.5,21.5
2106.0,20.63361824846501,20.621979663786846,8.63742398974869,21.0,0,0.37802033621315445,20.621979663786846,20.5,21.5
2107.0,20.631219009613265,20.558322081560796,8.636527025593367,21.0,0,0.4416779184392041,20.558322081560796,20.5,21.5
2108.0,20.62882007121646,20.545745967497798,8.635629199672717,21.0,0,0.4542540325022024,20.545745967497798,20.5,21.5
2109.0,20.62642143304215,20.40769223379774,8.634730513202268,21.0,1,0.5923077662022607,20.40769223379774,20.5,21.5
2110.0,20.629023094858184,20.578942521013545,8.63383096739871,21.0,1,0.4210574789864552,20.578942521013545,20.5,21.5
2111.0,20.631624056432692,20.680900369073026,8.6329305634799,21.0,1,0.31909963092697424,20.680900369073026,20.5,21.5
2112.0,20.634224317734102,20.74120285123579,8.63202930266485,21.0,1,0.25879714876420934,20.74120285123579,20.5,21.5
2113.0,20.63682387873109,20.807289597911048,8.631127186173742,21.0,1,0.1927104020889523,20.807289597911048,20.5,21.5
2114.0,20.63942273939258,20.972398542045255,8.630224215227907,21.0,1,0.027601457954745,20.972398542045255,20.5,21.5
2115.0,20.642020899687747,20.871396866427684,8.629320391049838,21.0,1,0.1286031335723159,20.871396866427684,20.5,21.5
2116.0,20.64461835958602,20.91324343506705,8.62841571486318,21.0,1,0.08675656493295136,20.91324343506705,20.5,21.5
2117.0,20.647215119057076,20.849529140386373,8.627510187892739,21.0,1,0.15047085961362683,20.849529140386373,20.5,21.5
2118.0,20.649811178070845,20.795878560144125,8.626603811364461,21.0,1,0.20412143985587505,20.795878560144125,20.5,21.5
2119.0,20.652406536597503,20.694043633199584,8.625696586505452,21.0,1,0.30595636680041594,20.694043633199584,20.5,21.5
2120.0,20.655001194607486,20.735968910142738,8.62478851454396,21.0,1,0.2640310898572622,20.735968910142738,20.5,21.5
2121.0,20.657595152071472,20.791593455872025,8.623879596709386,21.0,1,0.20840654412797477,20.791593455872025,20.5,21.5
2122.0,20.6601884089604,20.82559378089863,8.622969834232272,21.0,1,0.1744062191013711,20.82559378089863,20.5,21.5
2123.0,20.662780965245457,20.86146503597928,8.622059228344304,21.0,1,0.13853496402072096,20.86146503597928,20.5,21.5
2124.0,20.665372820898078,20.886798285025563,8.62114778027831,21.0,1,0.1132017149744371,20.886798285025563,20.5,21.5
2125.0,20.667963975889954,20.91651861595279,8.62023549126826,21.0,1,0.08348138404721084,20.91651861595279,20.5,21.5
2126.0,20.67055443019303,20.879914233431837,8.61932236254926,21.0,1,0.12008576656816317,20.879914233431837,20.5,21.5
2127.0,20.6731441837795,20.874553704971586,8.618408395357555,21.0,1,0.1254462950284143,20.874553704971586,20.5,21.5
2128.0,20.675733236621813,20.891265235330046,8.617493590930522,21.0,1,0.10873476466995413,20.891265235330046,20.5,21.5
2129.0,20.678321588692675,20.91173568704901,8.616577950506674,21.0,1,0.08826431295099013,20.91173568704901,20.5,21.5
2130.0,20.68090923996504,20.910409831004973,8.615661475325659,21.0,1,0.08959016899502714,20.910409831004973,20.5,21.5
2131.0,20.68349619041211,20.922105113994263,8.614744166628247,21.0,1,0.07789488600573691,20.922105113994263,20.5,21.5
2132.0,20.686082440007354,20.93868308827162,8.613826025656342,21.0,1,0.06131691172837961,20.93868308827162,20.5,21.5
2133.0,20.688667988724482,20.86798521026145,8.612907053652977,21.0,1,0.13201478973855174,20.86798521026145,20.5,21.5
2134.0,20.69125283653747,20.888437325559657,8.611987251862303,21.0,1,0.11156267444034285,20.888437325559657,20.5,21.5
2135.0,20.693836983420535,20.82370101629582,8.6110666215296,21.0,1,0.17629898370417862,20.82370101629582,20.5,21.5
2136.0,20.69642042934816,20.681033585103314,8.610145163901267,21.0,1,0.31896641489668554,20.681033585103314,20.5,21.5
2137.0,20.69900317429507,20.67977910570007,8.609222880224827,21.0,1,0.32022089429992917,20.67977910570007,20.5,21.5
2138.0,20.701585218236254,20.706255599917533,8.608299771748914,21.0,1,0.29374440008246694,20.706255599917533,20.5,21.5
2139.0,20.704166561146955,20.800156449819344,8.607375839723286,21.0,1,0.19984355018065614,20.800156449819344,20.5,21.5
2140.0,20.70674720300267,20.864567442340103,8.606451085398813,21.0,1,0.1354325576598967,20.864567442340103,20.5,21.5
2141.0,20.70932714377915,21.015245029568998,8.605525510027478,21.0,1,-0.015245029568998092,21.015245029568998,20.5,21.5
2142.0,20.711906383452398,21.030696298793526,8.604599114862374,21.0,1,-0.030696298793525756,21.030696298793526,20.5,21.5
2143.0,20.71448492199868,21.037773988803238,8.603671901157709,21.0,1,-0.03777398880323801,21.037773988803238,20.5,21.5
2144.0,20.717062759394512,20.98140745726787,8.602743870168794,21.0,1,0.018592542732129402,20.98140745726787,20.5,21.5
2145.0,20.719639895616666,21.043398642597264,8.601815023152048,21.0,1,-0.043398642597264114,21.043398642597264,20.5,21.5
2146.0,20.722216330642173,20.952118113359614,8.600885361364996,21.0,1,0.047881886640386284,20.952118113359614,20.5,21.5
2147.0,20.724792064448316,20.942347169090244,8.599954886066266,21.0,1,0.05765283090975615,20.942347169090244,20.5,21.5
2148.0,20.72736709701264,21.000782503851276,8.599023598515586,21.0,1,-0.0007825038512763172,21.000782503851276,20.5,21.5
2149.0,20.72994142831294,20.986103723106,8.598091499973783,21.0,1,0.013896276893998305,20.986103723106,20.5,21.5
2150.0,20.732515058327273,20.921739370292507,8.597158591702787,21.0,1,0.07826062970749348,20.921739370292507,20.5,21.5
2151.0,20.73508798703395,21.068074751360236,8.596224874965616,21.0,1,-0.06807475136023555,21.068074751360236,20.5,21.5
2152.0,20.737660214411537,21.002567663527532,8.59529035102639,21.0,1,-0.00256766352753246,21.002567663527532,20.5,21.5
2153.0,20.740231740438862,21.002976543513405,8.594355021150317,21.0,1,-0.002976543513405261,21.002976543513405,20.5,21.5
2154.0,20.742802565095005,20.939398677688196,8.593418886603702,21.0,1,0.06060132231180404,20.939398677688196,20.5,21.5
2155.0,20.745372688359307,21.002164992713624,8.59248194865393,21.0,1,-0.0021649927136238034,21.002164992713624,20.5,21.5
2156.0,20.747942110211365,20.8372370797163,8.591544208569484,21.0,1,0.16276292028370065,20.8372370797163,20.5,21.5
2157.0,20.750510830631036,20.868171638536232,8.590605667619926,21.0,1,0.13182836146376786,20.868171638536232,20.5,21.5
2158.0,20.753078849598435,20.825297067775654,8.589666327075903,21.0,1,0.17470293222434563,20.825297067775654,20.5,21.5
2159.0,20.75564616709393,20.80462476889317,8.588726188209149,21.0,1,0.19537523110682997,20.80462476889317,20.5,21.5
2160.0,20.758212783098152,20.706024839874182,8.587785252292473,21.0,1,0.29397516012581804,20.706024839874182,20.5,21.5
2161.0,20.76077869759199,20.807972805555373,8.586843520599768,21.0,1,0.19202719444462701,20.807972805555373,20.5,21.5
2162.0,20.763343910556593,20.90532658761423,8.585900994406,21.0,1,0.0946734123857702,20.90532658761423,20.5,21.5
2163.0,20.765908421973364,20.942614825496786,8.584957674987216,21.0,1,0.057385174503213676,20.942614825496786,20.5,21.5
2164.0,20.768472231823967,21.021845194468387,8.58401356362053,21.0,1,-0.021845194468387064,21.021845194468387,20.5,21.5
2165.0,20.771035340090325,21.101075563439984,8.583068661584134,21.0,1,-0.10107556343998425,21.101075563439984,20.5,21.5
2166.0,20.773597746754625,21.032159412593735,8.58212297015729,21.0,1,-0.032159412593735226,21.032159412593735,20.5,21.5
2167.0,20.776159451799305,21.01285783866864,8.581176490620324,21.0,1,-0.012857838668640653,21.01285783866864,20.5,21.5
2168.0,20.77872045520707,20.978380579596298,8.580229224254634,21.0,1,0.02161942040370235,20.978380579596298,20.5,21.5
2169.0,20.78128075696088,20.958941909100982,8.579281172342679,21.0,1,0.041058090899017685,20.958941909100982,20.5,21.5
2170.0,20.783840357043957,20.900389930548858,8.578332336167986,21.0,1,0.09961006945114192,20.900389930548858,20.5,21.5
2171.0,20.786399255439783,20.896514897485435,8.577382717015142,21.0,1,0.10348510251456489,20.896514897485435,20.5,21.5
2172.0,20.7889574521321,20.821497768681457,8.576432316169793,21.0,1,0.17850223131854293,20.821497768681457,20.5,21.5
2173.0,20.791514947104908,20.823980759502632,8.575481134918643,21.0,1,0.17601924049736795,20.823980759502632,20.5,21.5
2174.0,20.79407174034247,20.874137904310622,8.574529174549456,21.0,1,0.1258620956893779,20.874137904310622,20.5,21.5
2175.0,20.796627831829312,20.9687436518951,8.573576436351045,21.0,1,0.03125634810490041,20.9687436518951,20.5,21.5
2176.0,20.799183221550216,21.077503259069303,8.572622921613283,21.0,1,-0.077503259069303,21.077503259069303,20.5,21.5
2177.0,20.801737909490228,21.18263716563925,8.57166863162709,21.0,1,-0.1826371656392496,21.18263716563925,20.5,21.5
2178.0,20.804291895634655,21.25593137021091,8.570713567684432,21.0,1,-0.2559313702109094,21.25593137021091,20.5,21.5
2179.0,20.806845179969066,21.202218878136712,8.569757731078331,21.0,1,-0.20221887813671202,21.202218878136712,20.5,21.5
2180.0,20.80939776247929,21.136499711783863,8.568801123102851,21.0,1,-0.13649971178386267,21.136499711783863,20.5,21.5
2181.0,20.811949643151415,21.110723332020225,8.567843745053102,21.0,1,-0.11072333202022477,21.110723332020225,20.5,21.5
2182.0,20.814500821971794,21.01487477124077,8.56688559822523,21.0,1,-0.014874771240769746,21.01487477124077,20.5,21.5
2183.0,20.817051298927044,21.02368250587093,8.565926683916434,21.0,1,-0.023682505870930015,21.02368250587093,20.5,21.5
2184.0,20.81960107400404,21.029965265472704,8.564967003424938,21.0,1,-0.02996526547270406,21.029965265472704,20.5,21.5
2185.0,20.822150147189927,21.000720423606808,8.564006558050014,21.0,1,-0.0007204236068076852,21.000720423606808,20.5,21.5
2186.0,20.824698518472097,20.96846763169342,8.563045349091967,21.0,1,0.03153236830657846,20.96846763169342,20.5,21.5
2187.0,20.82724618783822,20.983733845217376,8.562083377852131,21.0,1,0.016266154782623943,20.983733845217376,20.5,21.5
2188.0,20.829793155276224,20.976565685169295,8.561120645632878,21.0,1,0.02343431483070546,20.976565685169295,20.5,21.5
2189.0,20.832339420774296,21.001278070093264,8.560157153737608,21.0,1,-0.00127807009326375,21.001278070093264,20.5,21.5
2190.0,20.83488498432089,20.95644789050253,8.559192903470747,21.0,1,0.043552109497468905,20.95644789050253,20.5,21.5
2191.0,20.83742984590472,20.96062721331629,8.558227896137753,21.0,1,0.03937278668371036,20.96062721331629,20.5,21.5
2192.0,20.839974005514765,21.012462417094632,8.557262133045104,21.0,1,-0.012462417094631917,21.012462417094632,20.5,21.5
2193.0,20.842517463140272,20.9991751838378,8.556295615500305,21.0,1,0.0008248161622006478,20.9991751838378,20.5,21.5
2194.0,20.845060218770744,20.930716597396557,8.55532834481188,21.0,1,0.06928340260344257,20.930716597396557,20.5,21.5
2195.0,20.847602272395953,21.032245504667625,8.554360322289371,21.0,1,-0.03224550466762466,21.032245504667625,20.5,21.5
2196.0,20.85014362400593,20.989918001249528,8.553391549243344,21.0,1,0.01008199875047211,20.989918001249528,20.5,21.5
2197.0,20.852684273590977,20.950028539932966,8.552422026985376,21.0,1,0.04997146006703446,20.950028539932966,20.5,21.5
2198.0,20.855224221141658,21.01410090619944,8.551451756828056,21.0,1,-0.01410090619944171,21.01410090619944,20.5,21.5
2199.0,20.857763466648795,21.07442555142876,8.550480740084996,21.0,1,-0.07442555142876017,21.07442555142876,20.5,21.5
2200.0,20.86030201010348,21.09407669261345,8.549508978070806,21.0,1,-0.09407669261344864,21.09407669261345,20.5,21.5
2201.0,20.862839851497075,21.114883503987546,8.548536472101114,21.0,1,-0.11488350398754577,21.114883503987546,20.5,21.5
2202.0,20.865376990821197,21.16234541802552,8.547563223492551,21.0,1,-0.16234541802552016,21.16234541802552,20.5,21.5
2203.0,20.86791342806773,21.11645894707555,8.546589233562754,21.0,1,-0.11645894707555016,21.11645894707555,20.5,21.5
2204.0,20.87044916322883,21.12175283098219,8.545614503630365,21.0,1,-0.1217528309821887,21.12175283098219,20.5,21.5
2205.0,20.872984196296912,21.096231424979344,8.544639035015027,21.0,1,-0.09623142497934367,21.096231424979344,20.5,21.5
2206.0,20.875518527264656,21.050549572228697,8.543662829037384,21.0,1,-0.050549572228696604,21.050549572228697,20.5,21.5
2207.0,20.878052156125012,21.12851067628624,8.542685887019076,21.0,1,-0.1285106762862398,21.12851067628624,20.5,21.5
2208.0,20.88058508287119,21.12845043954824,8.54170821028274,21.0,1,-0.12845043954823865,21.12845043954824,20.5,21.5
2209.0,20.883117307496672,21.143440175632332,8.540729800152011,21.0,1,-0.1434401756323318,21.143440175632332,20.5,21.5
2210.0,20.885648829995205,21.210775067299284,8.539750657951513,21.0,1,-0.2107750672992843,21.210775067299284,20.5,21.5
2211.0,20.888179650360797,21.31028789421202,8.538770785006863,21.0,1,-0.31028789421202063,21.31028789421202,20.5,21.5
2212.0,20.890709768587726,21.300057944649975,8.537790182644667,21.0,1,-0.30005794464997493,21.300057944649975,20.5,21.5
2213.0,20.893239184670538,21.316548178545986,8.536808852192518,21.0,1,-0.31654817854598605,21.316548178545986,20.5,21.5
2214.0,20.895767898604042,21.30980537845274,8.535826794978997,21.0,1,-0.30980537845274014,21.30980537845274,20.5,21.5
2215.0,20.898295910383318,21.249030169029595,8.534844012333664,21.0,1,-0.24903016902959507,21.249030169029595,20.5,21.5
2216.0,20.90082322000371,21.205871212390697,8.533860505587068,21.0,1,-0.20587121239069717,21.205871212390697,20.5,21.5
2217.0,20.903349827460826,21.08754699741872,8.53287627607073,21.0,1,-0.08754699741871974,21.08754699741872,20.5,21.5
2218.0,20.90587573275055,21.043765304375995,8.531891325117158,21.0,1,-0.04376530437599513,21.043765304375995,20.5,21.5
2219.0,20.90840093586902,21.05420333812116,8.530905654059831,21.0,1,-0.05420333812115885,21.05420333812116,20.5,21.5
2220.0,20.91092543681266,21.02283521367871,8.529919264233206,21.0,1,-0.022835213678710886,21.02283521367871,20.5,21.5
2221.0,20.913449235578145,21.064517805772773,8.52893215697271,21.0,1,-0.06451780577277333,21.064517805772773,20.5,21.5
2222.0,20.915972332162426,21.21919581433834,8.527944333614743,21.0,1,-0.21919581433834168,21.21919581433834,20.5,21.5
2223.0,20.918494726562717,21.280474384944107,8.526955795496677,21.0,1,-0.2804743849441067,21.280474384944107,20.5,21.5
2224.0,20.921016418776503,21.205808421734,8.525966543956848,21.0,1,-0.2058084217340017,21.205808421734,20.5,21.5
2225.0,20.92353740880154,21.295879309330566,8.52497658033456,21.0,1,-0.29587930933056583,21.295879309330566,20.5,21.5
2226.0,20.926057696635848,21.305456476681343,8.523985905970079,21.0,1,-0.3054564766813428,21.305456476681343,20.5,21.5
2227.0,20.928577282277715,21.231452968809826,8.522994522204636,21.0,1,-0.23145296880982613,21.231452968809826,20.5,21.5
2228.0,20.9310961657257,21.135929130204516,8.522002430380418,21.0,1,-0.13592913020451647,21.135929130204516,20.5,21.5
2229.0,20.933614346978633,21.180266301086547,8.521009631840577,21.0,1,-0.1802663010865473,21.180266301086547,20.5,21.5
2230.0,20.936131826035606,21.13360654593379,8.520016127929216,21.0,1,-0.13360654593379095,21.13360654593379,20.5,21.5
2231.0,20.938648602895984,21.176174356208058,8.519021919991395,21.0,1,-0.1761743562080582,21.176174356208058,20.5,21.5
2232.0,20.941164677559403,21.144355569101577,8.51802700937313,21.0,1,-0.14435556910157743,21.144355569101577,20.5,21.5
2233.0,20.943680050025765,21.036838478659913,8.517031397421384,21.0,1,-0.036838478659912965,21.036838478659913,20.5,21.5
2234.0,20.946194720295246,21.047251021675244,8.516035085484072,21.0,1,-0.047251021675243976,21.047251021675244,20.5,21.5
2235.0,20.948708688368285,21.013354214655656,8.515038074910054,21.0,1,-0.013354214655656449,21.013354214655656,20.5,21.5
2236.0,20.951221954245593,20.90922475360652,8.514040367049141,21.0,1,0.09077524639348056,20.90922475360652,20.5,21.5
2237.0,20.953734517928154,20.938297338575364,8.513041963252082,21.0,1,0.06170266142463632,20.938297338575364,20.5,21.5
2238.0,20.95624637941722,21.150493207107843,8.51204286487057,21.0,1,-0.15049320710784286,21.150493207107843,20.5,21.5
2239.0,20.95875753871431,21.193944036018213,8.511043073257245,21.0,1,-0.19394403601821253,21.193944036018213,20.5,21.5
2240.0,20.961267995821217,21.165750689667483,8.510042589765675,21.0,1,-0.1657506896674832,21.165750689667483,20.5,21.5
2241.0,20.963777750740007,21.094515169081696,8.50904141575037,21.0,1,-0.09451516908169566,21.094515169081696,20.5,21.5
2242.0,20.96628680347301,21.117510872591847,8.508039552566778,21.0,1,-0.117510872591847,21.117510872591847,20.5,21.5
2243.0,20.96879515402283,21.118902062192255,8.507037001571273,21.0,1,-0.11890206219225519,21.118902062192255,20.5,21.5
2244.0,20.971302802392337,21.231811814843006,8.506033764121163,21.0,1,-0.23181181484300595,21.231811814843006,20.5,21.5
2245.0,20.97380974858468,21.370600154417797,8.50502984157469,21.0,1,-0.37060015441779726,21.370600154417797,20.5,21.5
2246.0,20.97631599260328,21.53250335387494,8.504025235291017,21.0,0,-0.5325033538749402,21.53250335387494,20.5,21.5
2247.0,20.973821534451815,21.53820106224163,8.503019946630236,21.0,0,-0.5382010622416296,21.53820106224163,20.5,21.5
2248.0,20.97132737413425,21.507979960986443,8.50201397695336,21.0,0,-0.507979960986443,21.507979960986443,20.5,21.5
2249.0,20.968833511454815,21.381467445860515,8.501007327622329,21.0,0,-0.3814674458605154,21.381467445860515,20.5,21.5
2250.0,20.96633994621805,21.337652911711285,8.5,21.0,0,-0.33765291171128453,21.337652911711285,20.5,21.5
2251.0,20.963846678228805,21.285550560580667,8.498991995450147,21.0,0,-0.28555056058066697,21.285550560580667,20.5,21.5
2252.0,20.96135370729225,21.175550021614363,8.497983315337464,21.0,0,-0.17555002161436306,21.175550021614363,20.5,21.5
2253.0,20.95886103321386,21.206572474199795,8.496973961027555,21.0,0,-0.2065724741997954,21.206572474199795,20.5,21.5
2254.0,20.956368655799423,21.24697371771765,8.495963933886943,21.0,0,-0.2469737177176512,21.24697371771765,20.5,21.5
2255.0,20.95387657485504,21.20297263625958,8.494953235283054,21.0,0,-0.20297263625958095,21.20297263625958,20.5,21.5
2256.0,20.951384790187127,21.27762291191792,8.493941866584231,21.0,0,-0.2776229119179199,21.27762291191792,20.5,21.5
2257.0,20.948893301602407,21.280517419943596,8.492929829159719,21.0,0,-0.280517419943596,21.280517419943596,20.5,21.5
2258.0,20.946402108907918,21.170897145531136,8.49191712437967,21.0,0,-0.17089714553113566,21.170897145531136,20.5,21.5
2259.0,20.94391121191101,21.13521582935527,8.490903753615141,21.0,0,-0.1352158293552712,21.13521582935527,20.5,21.5
2260.0,20.941420610419353,21.202714628107742,8.489889718238087,21.0,0,-0.2027146281077421,21.202714628107742,20.5,21.5
2261.0,20.938930304240916,21.04519052462801,8.488875019621366,21.0,0,-0.04519052462800843,21.04519052462801,20.5,21.5
2262.0,20.936440293183992,21.02567442906048,8.487859659138733,21.0,0,-0.02567442906048001,21.02567442906048,20.5,21.5
2263.0,20.933950577057182,21.11279907322313,8.486843638164839,21.0,0,-0.11279907322312965,21.11279907322313,20.5,21.5
2264.0,20.931461155669403,21.075978397673303,8.485826958075227,21.0,0,-0.07597839767330328,21.075978397673303,20.5,21.5
2265.0,20.928972028829886,21.00646853590957,8.484809620246336,21.0,0,-0.006468535909569084,21.00646853590957,20.5,21.5
2266.0,20.92648319634817,21.02057464364638,8.483791626055496,21.0,0,-0.020574643646380508,21.02057464364638,20.5,21.5
2267.0,20.92399465803411,21.117101732342483,8.482772976880922,21.0,0,-0.11710173234248344,21.117101732342483,20.5,21.5
2268.0,20.92150641369788,21.006192337686542,8.481753674101714,21.0,0,-0.00619233768654226,21.006192337686542,20.5,21.5
2269.0,20.91901846314996,20.991027852739187,8.480733719097866,21.0,0,0.008972147260813301,20.991027852739187,20.5,21.5
2270.0,20.91653080620115,20.981243274583704,8.479713113250247,21.0,0,0.018756725416295694,20.981243274583704,20.5,21.5
2271.0,20.914043442662557,21.026944677319868,8.478691857940607,21.0,0,-0.02694467731986805,21.026944677319868,20.5,21.5
2272.0,20.91155637234561,21.06037144773692,8.47766995455158,21.0,0,-0.06037144773691949,21.06037144773692,20.5,21.5
2273.0,20.909069595062054,21.131355714217115,8.476647404466675,21.0,0,-0.1313557142171149,21.131355714217115,20.5,21.5
2274.0,20.906583110623934,21.213706927505477,8.475624209070276,21.0,0,-0.21370692750547704,21.213706927505477,20.5,21.5
2275.0,20.904096918843624,21.168491316118843,8.474600369747641,21.0,0,-0.1684913161188426,21.168491316118843,20.5,21.5
2276.0,20.901611019533807,21.186928752584397,8.4735758878849,21.0,0,-0.18692875258439656,21.186928752584397,20.5,21.5
2277.0,20.899125412507477,21.05369933034535,8.472550764869053,21.0,0,-0.05369933034534924,21.05369933034535,20.5,21.5
2278.0,20.89664009757795,21.127084883052024,8.47152500208797,21.0,0,-0.12708488305202437,21.127084883052024,20.5,21.5
2279.0,20.894155074558853,21.002956325329077,8.470498600930384,21.0,0,-0.0029563253290767477,21.002956325329077,20.5,21.5
2280.0,20.891670343264128,20.97943211894011,8.469471562785891,21.0,0,0.020567881059889714,20.97943211894011,20.5,21.5
2281.0,20.889185903508032,20.968996022629977,8.468443889044954,21.0,0,0.03100397737002325,20.968996022629977,20.5,21.5
2282.0,20.88670175510514,21.08897839352946,8.467415581098894,21.0,0,-0.0889783935294588,21.08897839352946,20.5,21.5
2283.0,20.88421789787034,21.003220194452034,8.466386640339891,21.0,0,-0.003220194452033809,21.003220194452034,20.5,21.5
2284.0,20.881734331618834,21.054621058187543,8.465357068160982,21.0,0,-0.054621058187542815,21.054621058187543,20.5,21.5
2285.0,20.87925105616614,21.095271255884903,8.464326865956057,21.0,0,-0.09527125588490293,21.095271255884903,20.5,21.5
2286.0,20.876768071328097,21.143417349631825,8.463296035119862,21.0,0,-0.14341734963182518,21.143417349631825,20.5,21.5
2287.0,20.874285376920856,21.038120738666542,8.462264577047991,21.0,0,-0.03812073866654231,21.038120738666542,20.5,21.5
2288.0,20.871802972760882,21.086441923503276,8.46123249313689,21.0,0,-0.08644192350327629,21.086441923503276,20.5,21.5
2289.0,20.869320858664956,20.986917475499467,8.460199784783851,21.0,0,0.0130825245005326,20.986917475499467,20.5,21.5
2290.0,20.86683903445018,21.00325025426736,8.459166453387011,21.0,0,-0.003250254267360475,21.00325025426736,20.5,21.5
2291.0,20.864357499933966,20.977401136359443,8.458132500345352,21.0,0,0.022598863640556743,20.977401136359443,20.5,21.5
2292.0,20.86187625493405,20.974891107348707,8.457097927058694,21.0,0,0.02510889265129279,20.974891107348707,20.5,21.5
2293.0,20.859395299268474,20.891565303107733,8.456062734927702,21.0,0,0.10843469689226737,20.891565303107733,20.5,21.5
2294.0,20.856914632755608,21.008718412419377,8.455026925353874,21.0,0,-0.008718412419376875,21.008718412419377,20.5,21.5
2295.0,20.854434255214127,21.047938097379028,8.453990499739547,21.0,0,-0.047938097379027766,21.047938097379028,20.5,21.5
2296.0,20.85195416646303,21.07597912434459,8.45295345948789,21.0,0,-0.07597912434459175,21.07597912434459,20.5,21.5
2297.0,20.849474366321637,21.13537252878851,8.451915806002908,21.0,0,-0.13537252878850836,21.13537252878851,20.5,21.5
2298.0,20.846994854609573,21.133014278904902,8.450877540689431,21.0,0,-0.13301427890490203,21.133014278904902,20.5,21.5
2299.0,20.844515631146788,21.110321046225376,8.44983866495312,21.0,0,-0.1103210462253763,21.110321046225376,20.5,21.5
2300.0,20.84203669575355,21.147182057046514,8.448799180200462,21.0,0,-0.1471820570465141,21.147182057046514,20.5,21.5
2301.0,20.83955804825044,21.078616742848347,8.44775908783877,21.0,0,-0.07861674284834663,21.078616742848347,20.5,21.5
2302.0,20.837079688458356,21.08432839808314,8.446718389276176,21.0,0,-0.08432839808314085,21.08432839808314,20.5,21.5
2303.0,20.83460161619852,21.027755857777628,8.445677085921638,21.0,0,-0.02775585777762757,21.027755857777628,20.5,21.5
2304.0,20.832123831292463,21.076295944597415,8.444635179184928,21.0,0,-0.0762959445974154,21.076295944597415,20.5,21.5
2305.0,20.829646333562042,20.99043207124334,8.443592670476635,21.0,0,0.009567928756659683,20.99043207124334,20.5,21.5
2306.0,20.827169122829424,20.962989047962626,8.44254956120817,21.0,0,0.03701095203737381,20.962989047962626,20.5,21.5
2307.0,20.8246921989171,20.920590607143772,8.441505852791746,21.0,0,0.07940939285622761,20.920590607143772,20.5,21.5
2308.0,20.822215561647873,20.975624100987815,8.440461546640394,21.0,0,0.024375899012184732,20.975624100987815,20.5,21.5
2309.0,20.819739210844872,20.969012821586983,8.439416644167958,21.0,0,0.030987178413017347,20.969012821586983,20.5,21.5
2310.0,20.817263146331538,21.053404297929426,8.438371146789077,21.0,0,-0.05340429792942558,21.053404297929426,20.5,21.5
2311.0,20.81478736793163,21.07628178539706,8.437325055919208,21.0,0,-0.07628178539706099,21.07628178539706,20.5,21.5
2312.0,20.812311875469227,21.131986484580214,8.436278372974607,21.0,0,-0.13198648458021367,21.131986484580214,20.5,21.5
2313.0,20.809836668768728,21.15469449374266,8.435231099372327,21.0,0,-0.1546944937426602,21.15469449374266,20.5,21.5
2314.0,20.80736174765485,21.164482096491085,8.43418323653023,21.0,0,-0.16448209649108492,21.164482096491085,20.5,21.5
2315.0,20.804887111952624,20.979705690931127,8.433134785866963,21.0,0,0.020294309068873417,20.979705690931127,20.5,21.5
2316.0,20.802412761487407,21.059907404496094,8.432085748801983,21.0,0,-0.05990740449609433,21.059907404496094,20.5,21.5
2317.0,20.79993869608487,21.006689179152133,8.431036126755531,21.0,0,-0.006689179152132851,21.006689179152133,20.5,21.5
2318.0,20.797464915571002,21.029603951815197,8.429985921148642,21.0,0,-0.02960395181519715,21.029603951815197,20.5,21.5
2319.0,20.794991419772117,20.929290044516264,8.428935133403145,21.0,0,0.0707099554837356,20.929290044516264,20.5,21.5
2320.0,20.792518208514842,21.015080718412296,8.427883764941654,21.0,0,-0.015080718412296079,21.015080718412296,20.5,21.5
2321.0,20.790045281626128,20.971954883321022,8.426831817187567,21.0,0,0.028045116678978133,20.971954883321022,20.5,21.5
2322.0,20.78757263893324,20.95960037709059,8.425779291565073,21.0,0,0.04039962290940835,20.95960037709059,20.5,21.5
2323.0,20.78510028026377,21.00418383313549,8.424726189499134,21.0,0,-0.004183833135488868,21.00418383313549,20.5,21.5
2324.0,20.782628205445615,21.023332838442332,8.423672512415502,21.0,0,-0.02333283844233236,21.023332838442332,20.5,21.5
2325.0,20.780156414307008,21.08711868501092,8.4226182617407,21.0,0,-0.08711868501092113,21.08711868501092,20.5,21.5
2326.0,20.777684906676495,21.058872977661775,8.42156343890203,21.0,0,-0.058872977661774684,21.058872977661775,20.5,21.5
2327.0,20.77521368238294,21.112486692986792,8.420508045327574,21.0,0,-0.11248669298679204,21.112486692986792,20.5,21.5
2328.0,20.77274274125553,20.981959546089893,8.419452082446178,21.0,0,0.01804045391010689,20.981959546089893,20.5,21.5
2329.0,20.770272083123768,20.98915423808806,8.418395551687462,21.0,0,0.01084576191194131,20.98915423808806,20.5,21.5
2330.0,20.76780170781748,20.93228203890164,8.417338454481818,21.0,0,0.06771796109836004,20.93228203890164,20.5,21.5
2331.0,20.76533161516681,20.867000702687488,8.416280792260402,21.0,0,0.13299929731251225,20.867000702687488,20.5,21.5
2332.0,20.76286180500223,20.87668706133665,8.415222566455133,21.0,0,0.12331293866335002,20.87668706133665,20.5,21.5
2333.0,20.760392277154523,20.959379039642823,8.414163778498699,21.0,0,0.04062096035717744,20.959379039642823,20.5,21.5
2334.0,20.75792303145479,20.99074612552723,8.413104429824543,21.0,0,0.009253874472769041,20.99074612552723,20.5,21.5
2335.0,20.755454067734465,20.995508605059335,8.412044521866868,21.0,0,0.004491394940664861,20.995508605059335,20.5,21.5
2336.0,20.75298538582529,20.96940578703697,8.41098405606064,21.0,0,0.030594212963030998,20.96940578703697,20.5,21.5
2337.0,20.750516985559337,20.883277524394025,8.409923033841572,21.0,0,0.11672247560597526,20.883277524394025,20.5,21.5
2338.0,20.748048866768993,20.892396491310773,8.408861456646138,21.0,0,0.10760350868922686,20.892396491310773,20.5,21.5
2339.0,20.745581029286967,20.945876408631612,8.407799325911556,21.0,0,0.054123591368387736,20.945876408631612,20.5,21.5
2340.0,20.74311347294629,20.948533028622343,8.406736643075801,21.0,0,0.05146697137765699,20.948533028622343,20.5,21.5
2341.0,20.74064619758032,20.98865220444202,8.405673409577588,21.0,0,0.011347795557981044,20.98865220444202,20.5,21.5
2342.0,20.738179203022717,21.024006594754276,8.40460962685638,21.0,0,-0.024006594754276023,21.024006594754276,20.5,21.5
2343.0,20.735712489107485,21.02432197623954,8.403545296352391,21.0,0,-0.024321976239541243,21.02432197623954,20.5,21.5
2344.0,20.733246055668932,20.908792495815966,8.402480419506563,21.0,0,0.0912075041840339,20.908792495815966,20.5,21.5
2345.0,20.7307799025417,20.95083766502688,8.40141499776059,21.0,0,0.049162334973118504,20.95083766502688,20.5,21.5
2346.0,20.728314029560742,20.904488788372838,8.400349032556894,21.0,0,0.09551121162716214,20.904488788372838,20.5,21.5
2347.0,20.725848436561343,20.94787076094889,8.399282525338643,21.0,0,0.052129239051108556,20.94787076094889,20.5,21.5
2348.0,20.723383123379097,20.911526504488133,8.398215477549728,21.0,0,0.08847349551186667,20.911526504488133,20.5,21.5
2349.0,20.72091808984993,20.981347196812187,8.39714789063478,21.0,0,0.018652803187812594,20.981347196812187,20.5,21.5
2350.0,20.71845333581009,20.890954921806287,8.396079766039158,21.0,0,0.1090450781937129,20.890954921806287,20.5,21.5
2351.0,20.715988861096136,21.002988030381616,8.395011105208942,21.0,0,-0.0029880303816156584,21.002988030381616,20.5,21.5
2352.0,20.71352466554496,20.923109867905715,8.393941909590952,21.0,0,0.07689013209428452,20.923109867905715,20.5,21.5
2353.0,20.71106074899377,20.933491048599116,8.392872180632716,21.0,0,0.06650895140088409,20.933491048599116,20.5,21.5
2354.0,20.7085971112801,20.913338657219718,8.391801919782498,21.0,0,0.08666134278028181,20.913338657219718,20.5,21.5
2355.0,20.7061337522418,20.948448900872354,8.390731128489275,21.0,0,0.05155109912764644,20.948448900872354,20.5,21.5
2356.0,20.70367067171705,20.86993840324313,8.389659808202738,21.0,0,0.130061596756871,20.86993840324313,20.5,21.5
2357.0,20.701207869544348,20.88438527781211,8.388587960373306,21.0,0,0.11561472218788893,20.88438527781211,20.5,21.5
2358.0,20.698745345562514,20.888491061031342,8.387515586452103,21.0,0,0.1115089389686581,20.888491061031342,20.5,21.5
2359.0,20.696283099610692,20.7935226955597,8.386442687890968,21.0,0,0.20647730444029833,20.7935226955597,20.5,21.5
2360.0,20.69382113152835,20.733051071872875,8.385369266142447,21.0,0,0.2669489281271247,20.733051071872875,20.5,21.5
2361.0,20.69135944115527,20.745620294955565,8.384295322659804,21.0,0,0.2543797050444354,20.745620294955565,20.5,21.5
2362.0,20.68889802833157,20.814862461253192,8.383220858896998,21.0,0,0.18513753874680816,20.814862461253192,20.5,21.5
2363.0,20.686436892897685,20.810679393748302,8.382145876308698,21.0,0,0.1893206062516981,20.810679393748302,20.5,21.5
2364.0,20.683976034694368,20.886992643547256,8.381070376350275,21.0,0,0.11300735645274429,20.886992643547256,20.5,21.5
2365.0,20.6815154535627,20.930962744839242,8.379994360477799,21.0,0,0.0690372551607581,20.930962744839242,20.5,21.5
2366.0,20.679055149344084,20.991281992961245,8.37891783014804,21.0,0,0.00871800703875536,20.991281992961245,20.5,21.5
2367.0,20.676595121880244,20.934818218073463,8.377840786818467,21.0,0,0.06518178192653679,20.934818218073463,20.5,21.5
2368.0,20.674135371013232,20.888397970343057,8.376763231947237,21.0,0,0.1116020296569431,20.888397970343057,20.5,21.5
2369.0,20.67167589658542,20.86188909326465,8.375685166993204,21.0,0,0.1381109067353492,20.86188909326465,20.5,21.5
2370.0,20.669216698439502,20.87133735973318,8.374606593415912,21.0,0,0.12866264026682117,20.87133735973318,20.5,21.5
2371.0,20.666757776418496,20.818868910056082,8.373527512675594,21.0,0,0.1811310899439178,20.818868910056082,20.5,21.5
2372.0,20.664299130365748,20.8172473925192,8.372447926233166,21.0,0,0.18275260748080058,20.8172473925192,20.5,21.5
2373.0,20.66184076012492,20.9065216305965,8.371367835550235,21.0,0,0.09347836940349907,20.9065216305965,20.5,21.5
2374.0,20.659382665540004,20.913513661247933,8.370287242089086,21.0,0,0.08648633875206713,20.913513661247933,20.5,21.5
2375.0,20.656924846455315,20.91313923865217,8.369206147312685,21.0,0,0.08686076134782894,20.91313923865217,20.5,21.5
2376.0,20.654467302715485,20.803458748211415,8.368124552684678,21.0,0,0.1965412517885845,20.803458748211415,20.5,21.5
2377.0,20.652010034165478,20.739515321137834,8.367042459669388,21.0,0,0.2604846788621664,20.739515321137834,20.5,21.5
2378.0,20.64955304065058,20.664476520147545,8.365959869731812,21.0,0,0.3355234798524549,20.664476520147545,20.5,21.5
2379.0,20.647096322016395,20.742047251526845,8.36487678433762,21.0,0,0.25795274847315497,20.742047251526845,20.5,21.5
2380.0,20.64463987810886,20.81321256051383,8.363793204953152,21.0,0,0.18678743948617083,20.81321256051383,20.5,21.5
2381.0,20.642183708774226,20.886884359393022,8.362709133045417,21.0,0,0.11311564060697776,20.886884359393022,20.5,21.5
2382.0,20.639727813859082,20.88037943476406,8.361624570082093,21.0,0,0.119620565235941,20.88037943476406,20.5,21.5
2383.0,20.637272193210325,20.774686104391748,8.36053951753152,21.0,0,0.22531389560825232,20.774686104391748,20.5,21.5
2384.0,20.63481684667519,20.681946909440136,8.3594539768627,21.0,0,0.3180530905598644,20.681946909440136,20.5,21.5
2385.0,20.632361774101227,20.522372002506394,8.3583679495453,21.0,0,0.47762799749360596,20.522372002506394,20.5,21.5
2386.0,20.629906975336315,20.562228083430746,8.357281437049645,21.0,0,0.43777191656925396,20.562228083430746,20.5,21.5
2387.0,20.627452450228656,20.63934721658655,8.35619444084671,21.0,0,0.36065278341344964,20.63934721658655,20.5,21.5
2388.0,20.62499819862678,20.765261198453754,8.355106962408136,21.0,0,0.23473880154624638,20.765261198453754,20.5,21.5
2389.0,20.622544220379538,20.805503466319443,8.35401900320621,21.0,0,0.19449653368055664,20.805503466319443,20.5,21.5
2390.0,20.620090515336102,20.86726095172609,8.35293056471387,21.0,0,0.13273904827390837,20.86726095172609,20.5,21.5
2391.0,20.61763708334598,20.860151651622157,8.351841648404703,21.0,0,0.13984834837784277,20.860151651622157,20.5,21.5
2392.0,20.61518392425899,20.763522870756976,8.350752255752944,21.0,0,0.2364771292430241,20.763522870756976,20.5,21.5
2393.0,20.61273103792529,20.743915097679693,8.349662388233474,21.0,0,0.2560849023203069,20.743915097679693,20.5,21.5
2394.0,20.61027842419535,20.624991066840067,8.348572047321815,21.0,0,0.37500893315993267,20.624991066840067,20.5,21.5
2395.0,20.607826082919974,20.662548241611773,8.347481234494131,21.0,0,0.3374517583882266,20.662548241611773,20.5,21.5
2396.0,20.60537401395029,20.641922736761458,8.346389951227225,21.0,0,0.35807726323854183,20.641922736761458,20.5,21.5
2397.0,20.602922217137746,20.692136896681212,8.345298198998535,21.0,0,0.3078631033187875,20.692136896681212,20.5,21.5
2398.0,20.600470692334117,20.649459962184153,8.344205979286135,21.0,0,0.35054003781584697,20.649459962184153,20.5,21.5
2399.0,20.598019439391507,20.74035236323674,8.343113293568734,21.0,0,0.2596476367632583,20.74035236323674,20.5,21.5
2400.0,20.595568458162344,20.80156004077842,8.34202014332567,21.0,0,0.19843995922158086,20.80156004077842,20.5,21.5
2401.0,20.593117748499377,20.83603748073636,8.340926530036906,21.0,0,0.16396251926364158,20.83603748073636,20.5,21.5
2402.0,20.590667310255686,20.904356974942722,8.339832455183041,21.0,0,0.09564302505727795,20.904356974942722,20.5,21.5
2403.0,20.58821714328467,20.963533627892822,8.338737920245292,21.0,0,0.03646637210717785,20.963533627892822,20.5,21.5
2404.0,20.58576724744006,20.94061593222753,8.337642926705499,21.0,0,0.05938406777246996,20.94061593222753,20.5,21.5
2405.0,20.583317622575912,20.827869570169337,8.336547476046126,21.0,0,0.17213042983066273,20.827869570169337,20.5,21.5
2406.0,20.580868268546606,20.655548424105287,8.335451569750255,21.0,0,0.34445157589471265,20.655548424105287,20.5,21.5
2407.0,20.578419185206847,20.59046380471535,8.334355209301583,21.0,0,0.4095361952846517,20.59046380471535,20.5,21.5
2408.0,20.575970372411668,20.588885254065,8.333258396184425,21.0,0,0.41111474593499864,20.588885254065,20.5,21.5
2409.0,20.57352183001642,20.62726905074153,8.332161131883703,21.0,0,0.3727309492584716,20.62726905074153,20.5,21.5
2410.0,20.571073557876794,20.687647777937016,8.331063417884959,21.0,0,0.31235222206298374,20.687647777937016,20.5,21.5
2411.0,20.568625555848797,20.875584783551506,8.329965255674335,21.0,0,0.12441521644849374,20.875584783551506,20.5,21.5
2412.0,20.566177823788763,20.87189153187152,8.328866646738584,21.0,0,0.12810846812848098,20.87189153187152,20.5,21.5
2413.0,20.563730361553354,20.764138737176996,8.327767592565063,21.0,0,0.23586126282300413,20.764138737176996,20.5,21.5
2414.0,20.561283168999555,20.742551241484005,8.326668094641734,21.0,0,0.257448758515995,20.742551241484005,20.5,21.5
2415.0,20.558836245984683,20.73560838937266,8.325568154457157,21.0,0,0.26439161062733874,20.73560838937266,20.5,21.5
2416.0,20.556389592366376,20.684884783204318,8.32446777350049,21.0,0,0.31511521679568233,20.684884783204318,20.5,21.5
2417.0,20.553943208002604,20.69528496059063,8.323366953261491,21.0,0,0.30471503940936984,20.69528496059063,20.5,21.5
2418.0,20.551497092751656,20.78967056502406,8.322265695230511,21.0,0,0.21032943497593948,20.78967056502406,20.5,21.5
2419.0,20.549051246472153,20.82570230361734,8.321164000898493,21.0,0,0.17429769638265924,20.82570230361734,20.5,21.5
2420.0,20.546605669023037,20.77676936662529,8.320061871756971,21.0,0,0.22323063337470828,20.77676936662529,20.5,21.5
2421.0,20.544160360263586,20.78995057302771,8.318959309298071,21.0,0,0.21004942697229012,20.78995057302771,20.5,21.5
2422.0,20.54171532005339,20.781254232522365,8.317856315014499,21.0,0,0.2187457674776354,20.781254232522365,20.5,21.5
2423.0,20.539270548252382,20.739890375971278,8.31675289039955,21.0,0,0.26010962402872195,20.739890375971278,20.5,21.5
2424.0,20.53682604472081,20.700550010584866,8.315649036947102,21.0,0,0.2994499894151339,20.700550010584866,20.5,21.5
2425.0,20.534381809319257,20.688828137019133,8.314544756151614,21.0,0,0.3111718629808671,20.688828137019133,20.5,21.5
2426.0,20.531937841908622,20.687689361569017,8.31344004950812,21.0,0,0.31231063843098283,20.687689361569017,20.5,21.5
2427.0,20.529494142350142,20.6143563159062,8.312334918512233,21.0,0,0.38564368409380023,20.6143563159062,20.5,21.5
2428.0,20.527050710505375,20.580300259462792,8.31122936466014,21.0,0,0.41969974053720804,20.580300259462792,20.5,21.5
2429.0,20.524607546236204,20.648182877753534,8.310123389448602,21.0,0,0.3518171222464659,20.648182877753534,20.5,21.5
2430.0,20.522164649404846,20.726140619067554,8.309016994374948,21.0,0,0.27385938093244633,20.726140619067554,20.5,21.5
2431.0,20.51972201987384,20.859225730438236,8.307910180937077,21.0,0,0.14077426956176353,20.859225730438236,20.5,21.5
2432.0,20.51727965750605,20.909391969575402,8.306802950633452,21.0,0,0.09060803042459753,20.909391969575402,20.5,21.5
2433.0,20.514837562164676,20.899993881030802,8.305695304963105,21.0,0,0.10000611896919764,20.899993881030802,20.5,21.5
2434.0,20.512395733713234,20.672409609149312,8.304587245425628,21.0,0,0.32759039085068764,20.672409609149312,20.5,21.5
2435.0,20.509954172015576,20.63758395269511,8.30347877352117,21.0,0,0.3624160473048903,20.63758395269511,20.5,21.5
2436.0,20.507512876935877,20.441380045335215,8.302369890750445,21.0,1,0.5586199546647848,20.441380045335215,20.5,21.5
2437.0,20.51007184833864,20.426752171092478,8.301260598614716,21.0,1,0.5732478289075225,20.426752171092478,20.5,21.5
2438.0,20.512630086088695,20.399954603603323,8.300150898615806,21.0,1,0.600045396396677,20.399954603603323,20.5,21.5
2439.0,20.5151875902512,20.643027741467126,8.299040792256086,21.0,1,0.35697225853287406,20.643027741467126,20.5,21.5
2440.0,20.5177443608916,20.637915528422077,8.297930281038482,21.0,1,0.3620844715779228,20.637915528422077,20.5,21.5
2441.0,20.52030039807563,20.574708813487188,8.296819366466464,21.0,1,0.42529118651281195,20.574708813487188,20.5,21.5
2442.0,20.522855701869307,20.62770419923554,8.295708050044047,21.0,1,0.37229580076445856,20.62770419923554,20.5,21.5
2443.0,20.52541027233894,20.689849493271943,8.294596333275795,21.0,1,0.310150506728057,20.689849493271943,20.5,21.5
2444.0,20.527964109551128,20.620465991840174,8.29348421766681,21.0,1,0.3795340081598262,20.620465991840174,20.5,21.5
2445.0,20.53051721357275,20.61792668290606,8.292371704722736,21.0,1,0.38207331709394055,20.61792668290606,20.5,21.5
2446.0,20.53306958447098,20.712331490742447,8.291258795949755,21.0,1,0.2876685092575535,20.712331490742447,20.5,21.5
2447.0,20.535621222313274,20.76306133287792,8.290145492854583,21.0,1,0.23693866712207878,20.76306133287792,20.5,21.5
2448.0,20.538172127167382,20.82790253853832,8.289031796944471,21.0,1,0.1720974614616786,20.82790253853832,20.5,21.5
2449.0,20.540722299101336,20.804154057734717,8.287917709727203,21.0,1,0.19584594226528296,20.804154057734717,20.5,21.5
2450.0,20.54327173818346,20.84039916825639,8.28680323271109,21.0,1,0.15960083174361017,20.84039916825639,20.5,21.5
2451.0,20.545820444482366,20.860141497986053,8.285688367404973,21.0,1,0.13985850201394712,20.860141497986053,20.5,21.5
2452.0,20.54836841806695,20.855228496864942,8.284573115318219,21.0,1,0.1447715031350576,20.855228496864942,20.5,21.5
2453.0,20.5509156590064,20.813530797553106,8.283457477960717,21.0,1,0.1864692024468937,20.813530797553106,20.5,21.5
2454.0,20.553462167370192,20.96148225945895,8.282341456842877,21.0,1,0.038517740541049506,20.96148225945895,20.5,21.5
2455.0,20.556007943228085,20.97982320033566,8.28122505347563,21.0,1,0.02017679966434116,20.97982320033566,20.5,21.5
2456.0,20.558552986650135,20.94011475455365,8.280108269370427,21.0,1,0.05988524544634899,20.94011475455365,20.5,21.5
2457.0,20.561097297706677,20.93905697219942,8.27899110603923,21.0,1,0.060943027800579586,20.93905697219942,20.5,21.5
2458.0,20.563640876468344,21.014825937841977,8.277873564994515,21.0,1,-0.01482593784197661,21.014825937841977,20.5,21.5
2459.0,20.56618372300605,20.845483300473816,8.276755647749273,21.0,1,0.15451669952618374,20.845483300473816,20.5,21.5
2460.0,20.568725837390996,20.751339831136406,8.275637355816999,21.0,1,0.24866016886359432,20.751339831136406,20.5,21.5
2461.0,20.571267219694683,20.833622641624892,8.274518690711702,21.0,1,0.16637735837510803,20.833622641624892,20.5,21.5
2462.0,20.573807869988887,20.804777770884577,8.273399653947887,21.0,1,0.19522222911542286,20.804777770884577,20.5,21.5
2463.0,20.57634778834568,20.76638636903963,8.272280247040575,21.0,1,0.23361363096037024,20.76638636903963,20.5,21.5
2464.0,20.578886974837417,20.79293191196848,8.271160471505274,21.0,1,0.20706808803151944,20.79293191196848,20.5,21.5
2465.0,20.58142542953675,20.775960332431815,8.270040328858,21.0,1,0.22403966756818505,20.775960332431815,20.5,21.5
2466.0,20.583963152516613,20.672084980635088,8.268919820615265,21.0,1,0.3279150193649123,20.672084980635088,20.5,21.5
2467.0,20.586500143850234,20.6327137285326,8.267798948294075,21.0,1,0.36728627146739967,20.6327137285326,20.5,21.5
2468.0,20.58903640361112,20.617895507164736,8.266677713411926,21.0,1,0.38210449283526415,20.617895507164736,20.5,21.5
2469.0,20.59157193187308,20.741970512058668,8.26555611748681,21.0,1,0.2580294879413323,20.741970512058668,20.5,21.5
2470.0,20.5941067287102,20.702945016846964,8.264434162037203,21.0,1,0.2970549831530356,20.702945016846964,20.5,21.5
2471.0,20.596640794196865,20.81583111846235,8.26331184858207,21.0,1,0.18416888153765143,20.81583111846235,20.5,21.5
2472.0,20.599174128407743,20.839798935785723,8.262189178640865,21.0,1,0.16020106421427727,20.839798935785723,20.5,21.5
2473.0,20.60170673141779,20.874137295768865,8.261066153733516,21.0,1,0.12586270423113533,20.874137295768865,20.5,21.5
2474.0,20.604238603302253,20.74770451297179,8.259942775380438,21.0,1,0.2522954870282099,20.74770451297179,20.5,21.5
2475.0,20.60676974413667,20.85762463436367,8.258819045102522,21.0,1,0.14237536563632958,20.85762463436367,20.5,21.5
2476.0,20.609300153996863,20.78521631218491,8.257694964421134,21.0,1,0.21478368781508905,20.78521631218491,20.5,21.5
2477.0,20.611829832958946,20.81446115776057,8.256570534858119,21.0,1,0.1855388422394313,20.81446115776057,20.5,21.5
2478.0,20.614358781099327,20.78279040019297,8.25544575793579,21.0,1,0.21720959980703114,20.78279040019297,20.5,21.5
2479.0,20.616886998494692,20.842608795294943,8.254320635176935,21.0,1,0.15739120470505696,20.842608795294943,20.5,21.5
2480.0,20.61941448522203,20.81603583981704,8.253195168104803,21.0,1,0.1839641601829598,20.81603583981704,20.5,21.5
2481.0,20.621941241358606,20.969641538120204,8.252069358243114,21.0,1,0.030358461879796295,20.969641538120204,20.5,21.5
2482.0,20.624467266981984,20.935279854566268,8.250943207116054,21.0,1,0.06472014543373206,20.935279854566268,20.5,21.5
2483.0,20.62699256217001,20.96219366015442,8.249816716248265,21.0,1,0.037806339845580794,20.96219366015442,20.5,21.5
2484.0,20.629517127000824,21.024193515780883,8.248689887164854,21.0,1,-0.024193515780883246,21.024193515780883,20.5,21.5
2485.0,20.632040961552857,20.979192037008538,8.247562721391386,21.0,1,0.020807962991462148,20.979192037008538,20.5,21.5
2486.0,20.634564065904826,20.7794297350517,8.246435220453877,21.0,1,0.22057026494830012,20.7794297350517,20.5,21.5
2487.0,20.637086440135736,20.808648837519282,8.245307385878803,21.0,1,0.19135116248071782,20.808648837519282,20.5,21.5
2488.0,20.639608084324884,20.744772204976144,8.244179219193086,21.0,1,0.2552277950238562,20.744772204976144,20.5,21.5
2489.0,20.642128998551858,20.632630563130927,8.2430507219241,21.0,1,0.36736943686907253,20.632630563130927,20.5,21.5
2490.0,20.644649182896533,20.67689809354265,8.241921895599669,21.0,1,0.3231019064573495,20.67689809354265,20.5,21.5
2491.0,20.647168637439073,20.780102821882227,8.240792741748056,21.0,1,0.21989717811777254,20.780102821882227,20.5,21.5
2492.0,20.649687362259936,20.724770450884865,8.239663261897977,21.0,1,0.2752295491151351,20.724770450884865,20.5,21.5
2493.0,20.652205357439865,20.811737912893765,8.238533457578582,21.0,1,0.18826208710623504,20.811737912893765,20.5,21.5
2494.0,20.654722623059893,20.888698436364,8.23740333031946,21.0,1,0.11130156363600108,20.888698436364,20.5,21.5
2495.0,20.657239159201346,20.93755413045226,8.236272881650642,21.0,1,0.062445869547740784,20.93755413045226,20.5,21.5
2496.0,20.659754965945837,20.909519927505823,8.23514211310259,21.0,1,0.09048007249417722,20.909519927505823,20.5,21.5
2497.0,20.66227004337527,20.90589572151429,8.234011026206202,21.0,1,0.0941042784857089,20.90589572151429,20.5,21.5
2498.0,20.664784391571835,20.88479513402484,8.232879622492806,21.0,1,0.11520486597515855,20.88479513402484,20.5,21.5
2499.0,20.66729801061802,20.79756340855868,8.231747903494158,21.0,1,0.20243659144131954,20.79756340855868,20.5,21.5
2500.0,20.669810900596595,20.87631931377874,8.23061587074244,21.0,1,0.1236806862212596,20.87631931377874,20.5,21.5
2501.0,20.672323061590625,20.836988472322492,8.229483525770263,21.0,1,0.16301152767750793,20.836988472322492,20.5,21.5
2502.0,20.67483449368346,20.862974264997057,8.228350870110656,21.0,1,0.13702573500294335,20.862974264997057,20.5,21.5
2503.0,20.677345196958743,20.7661867910847,8.22721790529707,21.0,1,0.23381320891530066,20.7661867910847,20.5,21.5
2504.0,20.67985517150041,20.793328164089786,8.22608463286338,21.0,1,0.20667183591021399,20.793328164089786,20.5,21.5
2505.0,20.682364417392684,20.71635639763543,8.224951054343865,21.0,1,0.2836436023645703,20.71635639763543,20.5,21.5
2506.0,20.684872934720072,20.77870641503865,8.22381717127323,21.0,1,0.22129358496135154,20.77870641503865,20.5,21.5
2507.0,20.687380723567383,20.81112899785012,8.22268298518659,21.0,1,0.18887100214988095,20.81112899785012,20.5,21.5
2508.0,20.689887784019707,20.840626124700915,8.221548497619468,21.0,1,0.1593738752990852,20.840626124700915,20.5,21.5
2509.0,20.692394116162426,20.77595889649872,8.220413710107792,21.0,1,0.22404110350127837,20.77595889649872,20.5,21.5
2510.0,20.694899720081214,20.847472256350976,8.219278624187904,21.0,1,0.15252774364902422,20.847472256350976,20.5,21.5
2511.0,20.697404595862036,20.905461577213003,8.218143241396543,21.0,1,0.09453842278699653,20.905461577213003,20.5,21.5
2512.0,20.69990874359114,20.80158967650828,8.217007563270855,21.0,1,0.19841032349172139,20.80158967650828,20.5,21.5
2513.0,20.702412163355078,20.738602747137417,8.21587159134838,21.0,1,0.261397252862583,20.738602747137417,20.5,21.5
2514.0,20.704914855240677,20.817790304854395,8.214735327167062,21.0,1,0.18220969514560537,20.817790304854395,20.5,21.5
2515.0,20.707416819335062,20.764257054661808,8.21359877226524,21.0,1,0.23574294533819184,20.764257054661808,20.5,21.5
2516.0,20.709918055725648,20.64121803263959,8.212461928181641,21.0,1,0.3587819673604109,20.64121803263959,20.5,21.5
2517.0,20.71241856450014,20.735159680784076,8.211324796455388,21.0,1,0.2648403192159243,20.735159680784076,20.5,21.5
2518.0,20.714918345746533,20.929387421519138,8.210187378625994,21.0,1,0.070612578480862,20.929387421519138,20.5,21.5
2519.0,20.71741739955311,20.947753617009205,8.209049676233356,21.0,1,0.05224638299079487,20.947753617009205,20.5,21.5
2520.0,20.719915726008445,20.957457863853875,8.20791169081776,21.0,1,0.042542136146124676,20.957457863853875,20.5,21.5
2521.0,20.722413325201405,21.112321985999188,8.206773423919872,21.0,1,-0.11232198599918775,21.112321985999188,20.5,21.5
2522.0,20.72491019722115,21.204658180785135,8.205634877080739,21.0,1,-0.20465818078513465,21.204658180785135,20.5,21.5
2523.0,20.72740634215712,21.15063153095524,8.20449605184179,21.0,1,-0.1506315309552413,21.15063153095524,20.5,21.5
2524.0,20.729901760099057,21.146018893883678,8.20335694974483,21.0,1,-0.14601889388367795,21.146018893883678,20.5,21.5
2525.0,20.732396451136985,21.154216874537248,8.202217572332039,21.0,1,-0.15421687453724786,21.154216874537248,20.5,21.5
2526.0,20.734890415361225,21.09450165120802,8.201077921145965,21.0,1,-0.09450165120802012,21.09450165120802,20.5,21.5
2527.0,20.73738365286238,20.979195910754502,8.199937997729533,21.0,1,0.020804089245498147,20.979195910754502,20.5,21.5
2528.0,20.739876163731353,20.937057789752664,8.198797803626034,21.0,1,0.0629422102473356,20.937057789752664,20.5,21.5
2529.0,20.742367948059332,20.941624298236,8.197657340379127,21.0,1,0.05837570176399964,20.941624298236,20.5,21.5
2530.0,20.744859005937798,20.945244297481132,8.19651660953283,21.0,1,0.05475570251886808,20.945244297481132,20.5,21.5
2531.0,20.747349337458516,20.926699645087467,8.19537561263153,21.0,1,0.07330035491253284,20.926699645087467,20.5,21.5
2532.0,20.749838942713552,20.90542539056205,8.194234351219972,21.0,1,0.09457460943794871,20.90542539056205,20.5,21.5
2533.0,20.752327821795255,20.92892980484416,8.193092826843257,21.0,1,0.07107019515584057,20.92892980484416,20.5,21.5
2534.0,20.754815974796266,20.908662320109187,8.191951041046844,21.0,1,0.0913376798908132,20.908662320109187,20.5,21.5
2535.0,20.757303401809516,20.941453730661998,8.190808995376544,21.0,1,0.05854626933800233,20.941453730661998,20.5,21.5
2536.0,20.75979010292823,20.964318299288976,8.189666691378525,21.0,1,0.03568170071102372,20.964318299288976,20.5,21.5
2537.0,20.762276078245918,21.11941853087827,8.188524130599298,21.0,1,-0.1194185308782707,21.11941853087827,20.5,21.5
2538.0,20.764761327856387,21.042815851186667,8.187381314585725,21.0,1,-0.042815851186666976,21.042815851186667,20.5,21.5
2539.0,20.767245851853733,21.154396459737335,8.186238244885013,21.0,1,-0.15439645973733462,21.154396459737335,20.5,21.5
2540.0,20.76972965033234,21.14257513179063,8.185094923044716,21.0,1,-0.14257513179062897,21.14257513179063,20.5,21.5
2541.0,20.772212723386883,21.14261178106806,8.18395135061272,21.0,1,-0.14261178106805872,21.14261178106806,20.5,21.5
2542.0,20.774695071112326,21.1077168516939,8.18280752913726,21.0,1,-0.1077168516939011,21.1077168516939,20.5,21.5
2543.0,20.77717669360393,21.363337558086748,8.181663460166908,21.0,1,-0.36333755808674795,21.363337558086748,20.5,21.5
2544.0,20.779657590957243,21.204446222755887,8.18051914525056,21.0,1,-0.20444622275588742,21.204446222755887,20.5,21.5
2545.0,20.7821377632681,21.058497945237047,8.179374585937458,21.0,1,-0.05849794523704688,21.058497945237047,20.5,21.5
2546.0,20.784617210632632,21.059824977205416,8.178229783777166,21.0,1,-0.05982497720541602,21.059824977205416,20.5,21.5
2547.0,20.78709593314726,21.02558578444341,8.177084740319584,21.0,1,-0.025585784443411086,21.02558578444341,20.5,21.5
2548.0,20.789573930908695,20.837476313090566,8.17593945711493,21.0,1,0.16252368690943442,20.837476313090566,20.5,21.5
2549.0,20.792051204013937,20.867644215611417,8.174793935713756,21.0,1,0.13235578438858298,20.867644215611417,20.5,21.5
2550.0,20.794527752560278,20.889830614387083,8.17364817766693,21.0,1,0.11016938561291667,20.889830614387083,20.5,21.5
2551.0,20.7970035766453,20.87291887133977,8.172502184525642,21.0,1,0.12708112866022958,20.87291887133977,20.5,21.5
2552.0,20.799478676366874,20.863920680918916,8.171355957841401,21.0,1,0.13607931908108384,20.863920680918916,20.5,21.5
2553.0,20.80195305182317,20.880447230183062,8.170209499166033,21.0,1,0.11955276981693785,20.880447230183062,20.5,21.5
2554.0,20.804426703112636,20.899871482628658,8.169062810051674,21.0,1,0.10012851737134199,20.899871482628658,20.5,21.5
2555.0,20.806899630334023,21.150507637258226,8.167915892050777,21.0,1,-0.1505076372582259,21.150507637258226,20.5,21.5
2556.0,20.809371833586365,21.16670143859422,8.166768746716103,21.0,1,-0.16670143859422026,21.16670143859422,20.5,21.5
2557.0,20.811843312968993,21.270443072855144,8.165621375600718,21.0,1,-0.27044307285514435,21.270443072855144,20.5,21.5
2558.0,20.81431406858152,21.303884665352925,8.164473780258,21.0,1,-0.3038846653529248,21.303884665352925,20.5,21.5
2559.0,20.816784100523854,21.281415507192996,8.163325962241622,21.0,1,-0.281415507192996,21.281415507192996,20.5,21.5
2560.0,20.8192534088962,21.07687045210861,8.162177923105567,21.0,1,-0.07687045210861143,21.07687045210861,20.5,21.5
2561.0,20.82172199379904,21.108353898161123,8.161029664404113,21.0,1,-0.1083538981611234,21.108353898161123,20.5,21.5
2562.0,20.824189855333163,20.973422046405275,8.159881187691836,21.0,1,0.02657795359472459,20.973422046405275,20.5,21.5
2563.0,20.826656993599634,20.917204822274364,8.158732494523605,21.0,1,0.08279517772563594,20.917204822274364,20.5,21.5
2564.0,20.829123408699818,21.013139369736727,8.157583586454583,21.0,1,-0.013139369736727247,21.013139369736727,20.5,21.5
2565.0,20.831589100735368,20.947086052900467,8.156434465040231,21.0,1,0.05291394709953323,20.947086052900467,20.5,21.5
2566.0,20.83405406980823,20.88672903108673,8.155285131836287,21.0,1,0.1132709689132696,20.88672903108673,20.5,21.5
2567.0,20.836518316020634,20.97167278830203,8.154135588398786,21.0,1,0.028327211697970256,20.97167278830203,20.5,21.5
2568.0,20.83898183947511,21.025777758737636,8.152985836284039,21.0,1,-0.025777758737635992,21.025777758737636,20.5,21.5
2569.0,20.84144464027447,20.90628208799323,8.151835877048645,21.0,1,0.09371791200677038,20.90628208799323,20.5,21.5
2570.0,20.843906718521826,21.090360341290342,8.150685712249484,21.0,1,-0.0903603412903422,21.090360341290342,20.5,21.5
2571.0,20.846368074320573,21.13105386847935,8.14953534344371,21.0,1,-0.13105386847934852,21.13105386847935,20.5,21.5
2572.0,20.8488287077744,21.025101820117253,8.148384772188757,21.0,1,-0.02510182011725348,21.025101820117253,20.5,21.5
2573.0,20.85128861898728,20.940134713322198,8.147234000042332,21.0,1,0.05986528667780178,20.940134713322198,20.5,21.5
2574.0,20.853747808063492,20.993465641808115,8.146083028562412,21.0,1,0.006534358191885303,20.993465641808115,20.5,21.5
2575.0,20.856206275107592,20.894856780798094,8.144931859307247,21.0,1,0.10514321920190639,20.894856780798094,20.5,21.5
2576.0,20.85866402022443,20.859175771980915,8.143780493835353,21.0,1,0.14082422801908479,20.859175771980915,20.5,21.5
2577.0,20.86112104351915,20.9931561492202,8.142628933705511,21.0,1,0.006843850779798544,20.9931561492202,20.5,21.5
2578.0,20.863577345097188,21.00930527408096,8.14147718047677,21.0,1,-0.00930527408095827,21.00930527408096,20.5,21.5
2579.0,20.866032925064264,20.999470272046228,8.140325235708431,21.0,1,0.0005297279537721522,20.999470272046228,20.5,21.5
2580.0,20.868487783526394,21.07711271007117,8.139173100960065,21.0,1,-0.07711271007116949,21.07711271007117,20.5,21.5
2581.0,20.870941920589882,21.053993564935375,8.138020777791494,21.0,1,-0.053993564935375105,21.053993564935375,20.5,21.5
2582.0,20.873395336361323,21.074817658142926,8.136868267762797,21.0,1,-0.07481765814292629,21.074817658142926,20.5,21.5
2583.0,20.875848030947605,21.140565641734952,8.135715572434304,21.0,1,-0.1405656417349519,21.140565641734952,20.5,21.5
2584.0,20.8783000044559,21.181608992385712,8.134562693366599,21.0,1,-0.18160899238571204,21.181608992385712,20.5,21.5
2585.0,20.880751256993683,21.222432058484845,8.133409632120513,21.0,1,-0.22243205848484493,21.222432058484845,20.5,21.5
2586.0,20.883201788668707,21.19756102079446,8.132256390257123,21.0,1,-0.1975610207944598,21.19756102079446,20.5,21.5
2587.0,20.885651599589025,21.02380587733415,8.131102969337752,21.0,1,-0.023805877334151404,21.02380587733415,20.5,21.5
2588.0,20.888100689862974,21.084717573345337,8.129949370923963,21.0,1,-0.08471757334533692,21.084717573345337,20.5,21.5
2589.0,20.890549059599184,21.016680347782295,8.128795596577563,21.0,1,-0.016680347782294547,21.016680347782295,20.5,21.5
2590.0,20.89299670890658,20.937465831631517,8.127641647860594,21.0,1,0.06253416836848302,20.937465831631517,20.5,21.5
2591.0,20.89544363789437,21.043563501230352,8.126487526335337,21.0,1,-0.04356350123035213,21.043563501230352,20.5,21.5
2592.0,20.897889846672058,21.156854806130898,8.125333233564305,21.0,1,-0.15685480613089808,21.156854806130898,20.5,21.5
2593.0,20.900335335349435,21.18577750816361,8.124178771110241,21.0,1,-0.1857775081636106,21.18577750816361,20.5,21.5
2594.0,20.902780104036587,21.247232448634122,8.12302414053612,21.0,1,-0.2472324486341222,21.247232448634122,20.5,21.5
2595.0,20.905224152843886,21.225559438193997,8.121869343405148,21.0,1,-0.22555943819399715,21.225559438193997,20.5,21.5
2596.0,20.907667481881997,21.26487766031994,8.120714381280749,21.0,1,-0.2648776603199394,21.26487766031994,20.5,21.5
2597.0,20.910110091261878,21.317712260527884,8.119559255726575,21.0,1,-0.3177122605278839,21.317712260527884,20.5,21.5
2598.0,20.912551981094772,21.208944118317874,8.1184039683065,21.0,1,-0.20894411831787352,21.208944118317874,20.5,21.5
2599.0,20.914993151492215,21.22976323193905,8.117248520584617,21.0,1,-0.22976323193904946,21.22976323193905,20.5,21.5
2600.0,20.917433602566035,21.198311686085354,8.11609291412523,21.0,1,-0.1983116860853542,21.198311686085354,20.5,21.5
2601.0,20.919873334428345,21.078855277924266,8.114937150492867,21.0,1,-0.07885527792426572,21.078855277924266,20.5,21.5
2602.0,20.922312347191557,21.012209565291755,8.113781231252261,21.0,1,-0.012209565291755098,21.012209565291755,20.5,21.5
2603.0,20.92475064096837,21.002900195577844,8.112625157968363,21.0,1,-0.0029001955778440447,21.002900195577844,20.5,21.5
2604.0,20.92718821587177,21.030753341686964,8.111468932206325,21.0,1,-0.030753341686963864,21.030753341686964,20.5,21.5
2605.0,20.929625072015035,21.07078872201383,8.110312555531513,21.0,1,-0.07078872201383035,21.07078872201383,20.5,21.5
2606.0,20.93206120951174,21.137609330985487,8.109156029509489,21.0,1,-0.13760933098548733,21.137609330985487,20.5,21.5
2607.0,20.93449662847574,21.162652532793732,8.107999355706022,21.0,1,-0.16265253279373226,21.162652532793732,20.5,21.5
2608.0,20.936931329021185,21.21186693961995,8.106842535687086,21.0,1,-0.21186693961994862,21.21186693961995,20.5,21.5
2609.0,20.939365311262517,21.208606897240607,8.105685571018842,21.0,1,-0.20860689724060677,21.208606897240607,20.5,21.5
2610.0,20.94179857531447,21.189880045833412,8.104528463267654,21.0,1,-0.18988004583341223,21.189880045833412,20.5,21.5
2611.0,20.94423112129206,21.20418210417186,8.103371214000077,21.0,1,-0.2041821041718599,21.20418210417186,20.5,21.5
2612.0,20.9466629493106,21.165195030571493,8.102213824782863,21.0,1,-0.16519503057149265,21.165195030571493,20.5,21.5
2613.0,20.949094059485695,21.100443973336418,8.101056297182947,21.0,1,-0.10044397333641797,21.100443973336418,20.5,21.5
2614.0,20.951524451933235,21.00747437516886,8.099898632767452,21.0,1,-0.007474375168861513,21.00747437516886,20.5,21.5
2615.0,20.953954126769403,21.045651094418343,8.098740833103689,21.0,1,-0.04565109441834281,21.045651094418343,20.5,21.5
2616.0,20.95638308411067,21.021423057261554,8.09758289975915,21.0,1,-0.021423057261554135,21.021423057261554,20.5,21.5
2617.0,20.9588113240738,21.083591695257258,8.096424834301509,21.0,1,-0.08359169525725818,21.083591695257258,20.5,21.5
2618.0,20.961238846775846,21.11968750602609,8.095266638298622,21.0,1,-0.11968750602608935,21.11968750602609,20.5,21.5
2619.0,20.96366565233415,21.118813315000736,8.094108313318515,21.0,1,-0.118813315000736,21.118813315000736,20.5,21.5
2620.0,20.966091740866347,21.062200569039256,8.092949860929393,21.0,1,-0.06220056903925553,21.062200569039256,20.5,21.5
2621.0,20.96851711249036,21.091210281618757,8.091791282699631,21.0,1,-0.091210281618757,21.091210281618757,20.5,21.5
2622.0,20.9709417673244,21.085360736155003,8.09063258019778,21.0,1,-0.08536073615500328,21.085360736155003,20.5,21.5
2623.0,20.973365705486977,21.14390616663725,8.089473754992552,21.0,1,-0.14390616663725098,21.14390616663725,20.5,21.5
2624.0,20.97578892709688,21.27698705364553,8.08831480865283,21.0,1,-0.2769870536455308,21.27698705364553,20.5,21.5
2625.0,20.97821143227319,21.327637509060693,8.087155742747658,21.0,1,-0.32763750906069333,21.327637509060693,20.5,21.5
2626.0,20.980633221135285,21.428667835025685,8.085996558846244,21.0,1,-0.42866783502568495,21.428667835025685,20.5,21.5
2627.0,20.983054293802827,21.335268611372477,8.084837258517956,21.0,1,-0.3352686113724772,21.335268611372477,20.5,21.5
2628.0,20.98547465039577,21.241869387719273,8.083677843332316,21.0,1,-0.24186938771927302,21.241869387719273,20.5,21.5
2629.0,20.987894291034358,21.219949242940103,8.082518314859007,21.0,1,-0.21994924294010332,21.219949242940103,20.5,21.5
2630.0,20.990313215839123,21.26623173000992,8.08135867466786,21.0,1,-0.2662317300099204,21.26623173000992,20.5,21.5
2631.0,20.992731424930888,21.241381854797375,8.080198924328858,21.0,1,-0.24138185479737473,21.241381854797375,20.5,21.5
2632.0,20.99514891843077,21.30196151417778,8.079039065412141,21.0,1,-0.30196151417777983,21.30196151417778,20.5,21.5
2633.0,20.997565696460164,21.28136345716143,8.077879099487985,21.0,1,-0.2813634571614294,21.28136345716143,20.5,21.5
2634.0,20.99998175914077,21.19149938496728,8.076719028126819,21.0,1,-0.1914993849672797,21.19149938496728,20.5,21.5
2635.0,21.002397106594568,21.222805647715386,8.075558852899208,21.0,1,-0.22280564771538636,21.222805647715386,20.5,21.5
2636.0,21.00481173894383,21.170568221224897,8.074398575375863,21.0,1,-0.17056822122489734,21.170568221224897,20.5,21.5
2637.0,21.007225656311114,21.05484050726478,8.073238197127631,21.0,1,-0.054840507264781735,21.05484050726478,20.5,21.5
2638.0,21.009638858819276,21.161182406963537,8.072077719725497,21.0,1,-0.1611824069635368,21.161182406963537,20.5,21.5
2639.0,21.012051346591456,21.31431145217561,8.070917144740578,21.0,1,-0.31431145217560896,21.31431145217561,20.5,21.5
2640.0,21.014463119751085,21.286289786829617,8.069756473744125,21.0,1,-0.2862897868296166,21.286289786829617,20.5,21.5
2641.0,21.016874178421883,21.269373573625984,8.068595708307518,21.0,1,-0.2693735736259839,21.269373573625984,20.5,21.5
2642.0,21.01928452272786,21.401126863530234,8.067434850002265,21.0,1,-0.40112686353023363,21.401126863530234,20.5,21.5
2643.0,21.021694152793316,21.42421519485228,8.0662739004,21.0,1,-0.4242151948522803,21.42421519485228,20.5,21.5
2644.0,21.024103068742836,21.324861726250653,8.06511286107248,21.0,1,-0.3248617262506528,21.324861726250653,20.5,21.5
2645.0,21.026511270701302,21.312072676097124,8.063951733591585,21.0,1,-0.31207267609712375,21.312072676097124,20.5,21.5
2646.0,21.028918758793882,21.296129361227468,8.062790519529313,21.0,1,-0.296129361227468,21.296129361227468,20.5,21.5
2647.0,21.031325533146028,21.28046710539691,8.06162922045778,21.0,1,-0.2804671053969088,21.28046710539691,20.5,21.5
2648.0,21.03373159388349,21.25215180694459,8.060467837949215,21.0,1,-0.25215180694458894,21.25215180694459,20.5,21.5
2649.0,21.036136941132305,21.22263469216522,8.059306373575962,21.0,1,-0.2226346921652187,21.22263469216522,20.5,21.5
2650.0,21.038541575018794,21.174252482929553,8.058144828910475,21.0,1,-0.1742524829295533,21.174252482929553,20.5,21.5
2651.0,21.040945495669572,21.142641622680163,8.05698320552532,21.0,1,-0.14264162268016278,21.142641622680163,20.5,21.5
2652.0,21.043348703211542,21.17126033230291,8.055821504993164,21.0,1,-0.1712603323029107,21.17126033230291,20.5,21.5
2653.0,21.0457511977719,21.214935054372283,8.054659728886781,21.0,1,-0.21493505437228322,21.214935054372283,20.5,21.5
2654.0,21.04815297947812,21.223374373388356,8.05349787877905,21.0,1,-0.22337437338835642,21.223374373388356,20.5,21.5
2655.0,21.050554048457983,21.363042945887457,8.052335956242944,21.0,1,-0.36304294588745734,21.363042945887457,20.5,21.5
2656.0,21.05295440483954,21.454680497110047,8.05117396285154,21.0,1,-0.4546804971100471,21.454680497110047,20.5,21.5
2657.0,21.05535404875114,21.42567947299853,8.050011900178008,21.0,1,-0.4256794729985316,21.42567947299853,20.5,21.5
2658.0,21.05775298032143,21.358788095190427,8.048849769795613,21.0,1,-0.35878809519042676,21.358788095190427,20.5,21.5
2659.0,21.06015119967932,21.43930172516187,8.047687573277711,21.0,1,-0.4393017251618687,21.43930172516187,20.5,21.5
2660.0,21.06254870695404,21.269987224173086,8.046525312197746,21.0,1,-0.26998722417308585,21.269987224173086,20.5,21.5
2661.0,21.064945502275087,21.27648232431509,8.045362988129254,21.0,1,-0.27648232431509,21.27648232431509,20.5,21.5
2662.0,21.067341585772258,21.307184413436385,8.044200602645851,21.0,1,-0.30718441343638503,21.307184413436385,20.5,21.5
2663.0,21.069736957575632,21.293662225127083,8.043038157321238,21.0,1,-0.2936622251270826,21.293662225127083,20.5,21.5
2664.0,21.072131617815582,21.266568198011875,8.0418756537292,21.0,1,-0.2665681980118748,21.266568198011875,20.5,21.5
2665.0,21.074525566622764,21.334684940391202,8.040713093443596,21.0,1,-0.33468494039120245,21.334684940391202,20.5,21.5
2666.0,21.076918804128127,21.309957106195206,8.039550478038365,21.0,1,-0.3099571061952062,21.309957106195206,20.5,21.5
2667.0,21.079311330462907,21.295499852536516,8.03838780908752,21.0,1,-0.29549985253651556,21.295499852536516,20.5,21.5
2668.0,21.08170314575863,21.320740691061996,8.037225088165146,21.0,1,-0.3207406910619959,21.320740691061996,20.5,21.5
2669.0,21.084094250147114,21.309822846106677,8.036062316845399,21.0,1,-0.30982284610667676,21.309822846106677,20.5,21.5
2670.0,21.086484643760453,21.265235276406408,8.0348994967025,21.0,1,-0.26523527640640765,21.265235276406408,20.5,21.5
2671.0,21.08887432673104,21.181113389070372,8.033736629310743,21.0,1,-0.18111338907037222,21.181113389070372,20.5,21.5
2672.0,21.091263299191557,21.243584022710913,8.032573716244482,21.0,1,-0.2435840227109125,21.243584022710913,20.5,21.5
2673.0,21.093651561274967,21.227221172001343,8.03141075907813,21.0,1,-0.22722117200134306,21.227221172001343,20.5,21.5
2674.0,21.09603911311453,21.24486821939317,8.03024775938616,21.0,1,-0.24486821939316883,21.24486821939317,20.5,21.5
2675.0,21.098425954843783,21.233320319023136,8.029084718743112,21.0,1,-0.23332031902313588,21.233320319023136,20.5,21.5
2676.0,21.100812086596562,21.252569096116833,8.02792163872357,21.0,1,-0.252569096116833,21.252569096116833,20.5,21.5
2677.0,21.103197508506987,21.168516784714473,8.026758520902176,21.0,1,-0.1685167847144733,21.168516784714473,20.5,21.5
2678.0,21.105582220709465,21.06416178385882,8.025595366853622,21.0,1,-0.06416178385882176,21.06416178385882,20.5,21.5
2679.0,21.107966223338693,21.080611296548305,8.024432178152654,21.0,1,-0.08061129654830523,21.080611296548305,20.5,21.5
2680.0,21.110349516529656,21.150190909273753,8.023268956374057,21.0,1,-0.15019090927375345,21.150190909273753,20.5,21.5
2681.0,21.112732100417624,21.19036461549687,8.022105703092667,21.0,1,-0.19036461549686834,21.19036461549687,20.5,21.5
2682.0,21.115113975138158,21.231704037591303,8.020942419883356,21.0,1,-0.2317040375913031,21.231704037591303,20.5,21.5
2683.0,21.117495140827106,21.389231127780988,8.019779108321048,21.0,1,-0.3892311277809881,21.389231127780988,20.5,21.5
2684.0,21.119875597620606,21.386870412028937,8.018615769980693,21.0,1,-0.38687041202893724,21.386870412028937,20.5,21.5
2685.0,21.122255345655077,21.351690138818263,8.017452406437284,21.0,1,-0.35169013881826316,21.351690138818263,20.5,21.5
2686.0,21.124634385067232,21.3727026099523,8.016289019265846,21.0,1,-0.37270260995229876,21.3727026099523,20.5,21.5
2687.0,21.12701271599407,21.332001935427478,8.015125610041437,21.0,1,-0.3320019354274777,21.332001935427478,20.5,21.5
2688.0,21.12939033857288,21.25680361856022,8.013962180339146,21.0,1,-0.2568036185602196,21.25680361856022,20.5,21.5
2689.0,21.13176725294123,21.199175614473027,8.012798731734085,21.0,1,-0.19917561447302745,21.199175614473027,20.5,21.5
2690.0,21.134143459236988,21.109649609519522,8.011635265801397,21.0,1,-0.10964960951952207,21.109649609519522,20.5,21.5
2691.0,21.1365189575983,21.062816160174936,8.010471784116246,21.0,1,-0.06281616017493619,21.062816160174936,20.5,21.5
2692.0,21.138893748163607,21.10907388260123,8.009308288253816,21.0,1,-0.10907388260122985,21.10907388260123,20.5,21.5
2693.0,21.141267831071627,21.192373975184353,8.008144779789315,21.0,1,-0.19237397518435273,21.192373975184353,20.5,21.5
2694.0,21.14364120646137,21.21148249190285,8.00698126029796,21.0,1,-0.2114824919028493,21.21148249190285,20.5,21.5
2695.0,21.14601387447214,21.34579113610105,8.005817731354995,21.0,1,-0.34579113610104883,21.34579113610105,20.5,21.5
2696.0,21.148385835243516,21.395156124620875,8.00465419453566,21.0,1,-0.39515612462087546,21.395156124620875,20.5,21.5
2697.0,21.150757088915373,21.402101058602074,8.003490651415223,21.0,1,-0.40210105860207435,21.402101058602074,20.5,21.5
2698.0,21.15312763562787,21.413831388153678,8.00232710356895,21.0,1,-0.41383138815367815,21.413831388153678,20.5,21.5
2699.0,21.15549747552146,21.45635186460401,8.001163552572116,21.0,1,-0.45635186460400945,21.45635186460401,20.5,21.5
2700.0,21.15786660873687,21.388973152094138,8.0,21.0,1,-0.3889731520941382,21.388973152094138,20.5,21.5
2701.0,21.160235035415123,21.462236194952307,7.998836447427885,21.0,1,-0.4622361949523075,21.462236194952307,20.5,21.5
2702.0,21.162602755697527,21.394111130125623,7.99767289643105,21.0,1,-0.3941111301256228,21.394111130125623,20.5,21.5
2703.0,21.164969769725673,21.42470067922076,7.996509348584777,21.0,1,-0.42470067922075927,21.42470067922076,20.5,21.5
2704.0,21.167336077641444,21.45320474960264,7.995345805464338,21.0,1,-0.4532047496026408,21.45320474960264,20.5,21.5
2705.0,21.169701679587007,21.523581549633043,7.994182268645006,21.0,0,-0.5235815496330432,21.523581549633043,20.5,21.5
2706.0,21.16706657570482,21.47959276020465,7.993018739702039,21.0,0,-0.4795927602046497,21.47959276020465,20.5,21.5
2707.0,21.164431766137618,21.477093699481962,7.991855220210685,21.0,0,-0.4770936994819621,21.477093699481962,20.5,21.5
2708.0,21.16179725082843,21.43245736743169,7.990691711746184,21.0,0,-0.4324573674316916,21.43245736743169,20.5,21.5
2709.0,21.159163029720617,21.316902629153766,7.989528215883754,21.0,0,-0.3169026291537662,21.316902629153766,20.5,21.5
2710.0,21.156529102757847,21.36512990306513,7.988364734198603,21.0,0,-0.3651299030651316,21.36512990306513,20.5,21.5
2711.0,21.153895469884137,21.349731508097708,7.987201268265915,21.0,0,-0.34973150809770814,21.349731508097708,20.5,21.5
2712.0,21.151262131043815,21.408923111995055,7.986037819660855,21.0,0,-0.4089231119950547,21.408923111995055,20.5,21.5
2713.0,21.14862908618154,21.437840764547747,7.984874389958563,21.0,0,-0.43784076454774734,21.437840764547747,20.5,21.5
2714.0,21.145996335242295,21.563842355833497,7.983710980734154,21.0,0,-0.5638423558334971,21.563842355833497,20.5,21.5
2715.0,21.143363878171392,21.542631809140506,7.982547593562717,21.0,0,-0.5426318091405058,21.542631809140506,20.5,21.5
2716.0,21.14073171491447,21.553380642934513,7.981384230019307,21.0,0,-0.5533806429345134,21.553380642934513,20.5,21.5
2717.0,21.13809984541749,21.44871672270725,7.980220891678953,21.0,0,-0.4487167227072497,21.44871672270725,20.5,21.5
2718.0,21.13546826962674,21.380121133685062,7.979057580116644,21.0,0,-0.38012113368506206,21.380121133685062,20.5,21.5
2719.0,21.13283698748884,21.365855009678608,7.977894296907334,21.0,0,-0.36585500967860796,21.365855009678608,20.5,21.5
2720.0,21.130205998950725,21.297716734446333,7.976731043625944,21.0,0,-0.2977167344463325,21.297716734446333,20.5,21.5
2721.0,21.12757530395966,21.25905438917578,7.9755678218473465,21.0,0,-0.2590543891757804,21.25905438917578,20.5,21.5
2722.0,21.124944902463238,21.376729591929845,7.974404633146378,21.0,0,-0.3767295919298448,21.376729591929845,20.5,21.5
2723.0,21.122314794409373,21.456953560958677,7.973241479097826,21.0,0,-0.45695356095867723,21.456953560958677,20.5,21.5
2724.0,21.11968497974631,21.442754505910617,7.972078361276431,21.0,0,-0.44275450591061727,21.442754505910617,20.5,21.5
2725.0,21.117055458422616,21.486337118857797,7.970915281256889,21.0,0,-0.4863371188577972,21.486337118857797,20.5,21.5
2726.0,21.11442623038718,21.46189951950316,7.969752240613839,21.0,0,-0.46189951950315944,21.46189951950316,20.5,21.5
2727.0,21.111797295589227,21.414599504958336,7.9685892409218715,21.0,0,-0.41459950495833553,21.414599504958336,20.5,21.5
2728.0,21.109168653978294,21.36336354709815,7.967426283755519,21.0,0,-0.36336354709814955,21.36336354709815,20.5,21.5
2729.0,21.10654030550425,21.372326641026483,7.966263370689256,21.0,0,-0.3723266410264827,21.372326641026483,20.5,21.5
2730.0,21.103912250117286,21.411476914585286,7.965100503297499,21.0,0,-0.4114769145852861,21.411476914585286,20.5,21.5
2731.0,21.101284487767924,21.395153348587534,7.963937683154602,21.0,0,-0.3951533485875345,21.395153348587534,20.5,21.5
2732.0,21.098657018407,21.374516718941855,7.962774911834854,21.0,0,-0.37451671894185523,21.374516718941855,20.5,21.5
2733.0,21.096029841985686,21.312584164397485,7.96161219091248,21.0,0,-0.31258416439748515,21.312584164397485,20.5,21.5
2734.0,21.09340295845547,21.31462806135857,7.960449521961635,21.0,0,-0.3146280613585688,21.31462806135857,20.5,21.5
2735.0,21.09077636776817,21.169463651381356,7.959286906556405,21.0,0,-0.16946365138135633,21.169463651381356,20.5,21.5
2736.0,21.08815006987593,21.206143592426727,7.9581243462708,21.0,0,-0.2061435924267272,21.206143592426727,20.5,21.5
2737.0,21.08552406473121,21.235299000428533,7.956961842678762,21.0,0,-0.23529900042853313,21.235299000428533,20.5,21.5
2738.0,21.0828983522868,21.262847392457438,7.955799397354149,21.0,0,-0.26284739245743793,21.262847392457438,20.5,21.5
2739.0,21.080272932495813,21.21699458041533,7.954637011870746,21.0,0,-0.21699458041533148,21.21699458041533,20.5,21.5
2740.0,21.07764780531169,21.25953635174752,7.953474687802253,21.0,0,-0.25953635174752065,21.25953635174752,20.5,21.5
2741.0,21.075022970688185,21.192968673761055,7.9523124267222896,21.0,0,-0.19296867376105453,21.192968673761055,20.5,21.5
2742.0,21.07239842857939,21.181701265751293,7.951150230204386,21.0,0,-0.1817012657512933,21.181701265751293,20.5,21.5
2743.0,21.069774178939717,21.263191909865576,7.949988099821992,21.0,0,-0.2631919098655757,21.263191909865576,20.5,21.5
2744.0,21.067150221723892,21.191627729900752,7.94882603714846,21.0,0,-0.19162772990075183,21.191627729900752,20.5,21.5
2745.0,21.064526556886978,21.29918276050412,7.947664043757056,21.0,0,-0.2991827605041202,21.29918276050412,20.5,21.5
2746.0,21.061903184384352,21.344328130579182,7.946502121220951,21.0,0,-0.3443281305791821,21.344328130579182,20.5,21.5
2747.0,21.05928010417172,21.36390177793127,7.945340271113219,21.0,0,-0.36390177793127165,21.36390177793127,20.5,21.5
2748.0,21.056657316205108,21.266076817693907,7.944178495006836,21.0,0,-0.26607681769390723,21.266076817693907,20.5,21.5
2749.0,21.05403482044087,21.250746873406836,7.94301679447468,21.0,0,-0.2507468734068361,21.250746873406836,20.5,21.5
2750.0,21.051412616835677,21.19250566382285,7.941855171089524,21.0,0,-0.19250566382284973,21.19250566382285,20.5,21.5
2751.0,21.048790705346526,21.211047844451667,7.940693626424038,21.0,0,-0.21104784445166658,21.211047844451667,20.5,21.5
2752.0,21.046169085930742,21.214054037200064,7.939532162050786,21.0,0,-0.21405403720006433,21.214054037200064,20.5,21.5
2753.0,21.043547758545966,21.250291961699325,7.938370779542221,21.0,0,-0.2502919616993253,21.250291961699325,20.5,21.5
2754.0,21.040926723150164,21.30783197614577,7.9372094804706865,21.0,0,-0.3078319761457706,21.30783197614577,20.5,21.5
2755.0,21.03830597970163,21.159665815701423,7.936048266408414,21.0,0,-0.15966581570142324,21.159665815701423,20.5,21.5
2756.0,21.03568552815897,21.046990727931878,7.93488713892752,21.0,0,-0.04699072793187753,21.046990727931878,20.5,21.5
2757.0,21.033065368481125,21.07990465120197,7.9337260996,21.0,0,-0.07990465120197143,21.07990465120197,20.5,21.5
2758.0,21.030445500627348,21.060159853237455,7.932565149997735,21.0,0,-0.06015985323745454,21.060159853237455,20.5,21.5
2759.0,21.027825924557224,21.050060480071735,7.931404291692482,21.0,0,-0.05006048007173547,21.050060480071735,20.5,21.5
2760.0,21.02520664023065,21.177667847720794,7.930243526255874,21.0,0,-0.17766784772079447,21.177667847720794,20.5,21.5
2761.0,21.022587647607853,21.276872361399583,7.929082855259422,21.0,0,-0.27687236139958316,21.276872361399583,20.5,21.5
2762.0,21.019968946649385,21.284702918777356,7.927922280274503,21.0,0,-0.28470291877735576,21.284702918777356,20.5,21.5
2763.0,21.01735053731611,21.319580893264316,7.9267618028723685,21.0,0,-0.31958089326431605,21.319580893264316,20.5,21.5
2764.0,21.01473241956922,21.348349857658114,7.925601424624137,21.0,0,-0.3483498576581141,21.348349857658114,20.5,21.5
2765.0,21.01211459337023,21.282196159524425,7.924441147100792,21.0,0,-0.2821961595244247,21.282196159524425,20.5,21.5
2766.0,21.009497058680978,21.29493322082277,7.923280971873181,21.0,0,-0.2949332208227702,21.29493322082277,20.5,21.5
2767.0,21.006879815463616,21.2691188011899,7.922120900512015,21.0,0,-0.26911880118990084,21.2691188011899,20.5,21.5
2768.0,21.004262863680626,21.350043228645937,7.9209609345878595,21.0,0,-0.3500432286459372,21.350043228645937,20.5,21.5
2769.0,21.001646203294808,21.25107728304717,7.919801075671141,21.0,0,-0.25107728304717014,21.25107728304717,20.5,21.5
2770.0,20.999029834269283,21.230104149235338,7.918641325332142,21.0,0,-0.23010414923533773,21.230104149235338,20.5,21.5
2771.0,20.996413756567495,21.244643108108185,7.917481685140995,21.0,0,-0.24464310810818546,21.244643108108185,20.5,21.5
2772.0,20.99379797015321,21.21152555760611,7.916322156667685,21.0,0,-0.2115255576061088,21.21152555760611,20.5,21.5
2773.0,20.991182474990513,21.11373336882111,7.915162741482045,21.0,0,-0.11373336882110863,21.11373336882111,20.5,21.5
2774.0,20.988567271043813,21.245405298388906,7.914003441153756,21.0,0,-0.24540529838890635,21.245405298388906,20.5,21.5
2775.0,20.985952358277835,21.288418558524214,7.912844257252342,21.0,0,-0.2884185585242136,21.288418558524214,20.5,21.5
2776.0,20.98333773665763,21.28910739361199,7.91168519134717,21.0,0,-0.2891073936119888,21.28910739361199,20.5,21.5
2777.0,20.98072340614857,21.226019468686793,7.910526245007447,21.0,0,-0.22601946868679335,21.226019468686793,20.5,21.5
2778.0,20.978109366716343,21.231045515405974,7.90936741980222,21.0,0,-0.23104551540597384,21.231045515405974,20.5,21.5
2779.0,20.97549561832696,21.22058599026184,7.908208717300369,21.0,0,-0.22058599026183856,21.22058599026184,20.5,21.5
2780.0,20.972882160946753,21.30647179528745,7.907050139070608,21.0,0,-0.3064717952874503,21.30647179528745,20.5,21.5
2781.0,20.970268994542376,21.185418823305127,7.9058916866814855,21.0,0,-0.1854188233051275,21.185418823305127,20.5,21.5
2782.0,20.967656119080804,21.310324041133057,7.904733361701378,21.0,0,-0.31032404113305745,21.310324041133057,20.5,21.5
2783.0,20.96504353452933,21.157629993628873,7.9035751656984905,21.0,0,-0.15762999362887342,21.157629993628873,20.5,21.5
2784.0,20.96243124085556,21.018356490370003,7.902417100240851,21.0,0,-0.018356490370003087,21.018356490370003,20.5,21.5
2785.0,20.95981923802744,21.017098825003472,7.901259166896312,21.0,0,-0.017098825003472484,21.017098825003472,20.5,21.5
2786.0,20.957207526013214,21.022505545491185,7.9001013672325495,21.0,0,-0.02250554549118533,21.022505545491185,20.5,21.5
2787.0,20.95459610478146,20.915724863298824,7.8989437028170535,21.0,0,0.08427513670117648,20.915724863298824,20.5,21.5
2788.0,20.951984974301066,21.030961887278732,7.897786175217136,21.0,0,-0.030961887278731837,21.030961887278732,20.5,21.5
2789.0,20.949374134541248,21.116071577602703,7.896628785999922,21.0,0,-0.11607157760270326,21.116071577602703,20.5,21.5
2790.0,20.94676358547154,21.128589519682173,7.895471536732347,21.0,0,-0.1285895196821727,21.128589519682173,20.5,21.5
2791.0,20.94415332706179,21.28447461090257,7.8943144289811595,21.0,0,-0.28447461090257065,21.28447461090257,20.5,21.5
2792.0,20.941543359282175,21.392753520529894,7.893157464312915,21.0,0,-0.39275352052989376,21.392753520529894,20.5,21.5
2793.0,20.93893368210318,21.378659065377917,7.892000644293977,21.0,0,-0.37865906537791716,21.378659065377917,20.5,21.5
2794.0,20.936324295495616,21.443047367004038,7.890843970490512,21.0,0,-0.4430473670040378,21.443047367004038,20.5,21.5
2795.0,20.933715199430615,21.276050584925184,7.889687444468489,21.0,0,-0.27605058492518353,21.276050584925184,20.5,21.5
2796.0,20.931106393879624,21.21699883727949,7.888531067793675,21.0,0,-0.21699883727949043,21.21699883727949,20.5,21.5
2797.0,20.928497878814408,21.12083806697164,7.887374842031637,21.0,0,-0.12083806697163979,21.12083806697164,20.5,21.5
2798.0,20.92588965420705,21.144393465557894,7.886218768747738,21.0,0,-0.14439346555789356,21.144393465557894,20.5,21.5
2799.0,20.92328172002996,21.124342856662587,7.8850628495071335,21.0,0,-0.1243428566625866,21.124342856662587,20.5,21.5
2800.0,20.920674076255853,21.16759707948872,7.88390708587477,21.0,0,-0.1675970794887185,21.16759707948872,20.5,21.5
2801.0,20.918066722857777,21.157727968992496,7.882751479415385,21.0,0,-0.15772796899249641,21.157727968992496,20.5,21.5
2802.0,20.915459659809088,21.20037947433991,7.881596031693499,21.0,0,-0.2003794743399112,21.20037947433991,20.5,21.5
2803.0,20.912852887083464,21.160725106567142,7.880440744273424,21.0,0,-0.160725106567142,21.160725106567142,20.5,21.5
2804.0,20.910246404654902,21.035611104688105,7.879285618719251,21.0,0,-0.03561110468810469,21.035611104688105,20.5,21.5
2805.0,20.907640212497714,21.100355778761433,7.878130656594853,21.0,0,-0.10035577876143265,21.100355778761433,20.5,21.5
2806.0,20.905034310586533,21.122580071014788,7.8769758594638795,21.0,0,-0.12258007101478796,21.122580071014788,20.5,21.5
2807.0,20.90242869889631,21.129533092746584,7.87582122888976,21.0,0,-0.1295330927465841,21.129533092746584,20.5,21.5
2808.0,20.899823377402306,21.20771619288261,7.874666766435696,21.0,0,-0.20771619288261078,21.20771619288261,20.5,21.5
2809.0,20.897218346080113,21.305489855201415,7.873512473664663,21.0,0,-0.30548985520141514,21.305489855201415,20.5,21.5
2810.0,20.89461360490563,21.31237447681719,7.872358352139405,21.0,0,-0.3123744768171903,21.31237447681719,20.5,21.5
2811.0,20.892009153855074,21.26656002273888,7.871204403422438,21.0,0,-0.26656002273887935,21.26656002273888,20.5,21.5
2812.0,20.88940499290499,21.204717049503824,7.8700506290760375,21.0,0,-0.20471704950382374,21.204717049503824,20.5,21.5
2813.0,20.886801122032224,21.152178652993655,7.868897030662249,21.0,0,-0.15217865299365485,21.152178652993655,20.5,21.5
2814.0,20.88419754121395,21.171609581319814,7.8677436097428775,21.0,0,-0.17160958131981374,21.171609581319814,20.5,21.5
2815.0,20.881594250427657,21.0621174499376,7.866590367879487,21.0,0,-0.062117449937598934,21.0621174499376,20.5,21.5
2816.0,20.878991249651147,21.013902439793068,7.865437306633401,21.0,0,-0.0139024397930676,21.013902439793068,20.5,21.5
2817.0,20.876388538862543,20.976764321210503,7.864284427565695,21.0,0,0.02323567878949717,20.976764321210503,20.5,21.5
2818.0,20.873786118040282,20.9625944836204,7.863131732237203,21.0,0,0.0374055163796001,20.9625944836204,20.5,21.5
2819.0,20.87118398716312,20.883728581614974,7.861979222208506,21.0,0,0.11627141838502553,20.883728581614974,20.5,21.5
2820.0,20.86858214621013,20.91466338515059,7.860826899039934,21.0,0,0.08533661484941035,20.91466338515059,20.5,21.5
2821.0,20.865980595160696,20.842439441644693,7.859674764291569,21.0,0,0.15756055835530702,20.842439441644693,20.5,21.5
2822.0,20.863379333994523,20.939882510306134,7.858522819523231,21.0,0,0.06011748969386588,20.939882510306134,20.5,21.5
2823.0,20.86077836269163,20.912403506845692,7.857371066294489,21.0,0,0.08759649315430806,20.912403506845692,20.5,21.5
2824.0,20.85817768123235,20.955371806355483,7.856219506164647,21.0,0,0.044628193644516756,20.955371806355483,20.5,21.5
2825.0,20.855577289597335,20.974207574274367,7.855068140692754,21.0,0,0.02579242572563345,20.974207574274367,20.5,21.5
2826.0,20.852977187767554,21.0320140447375,7.853916971437588,21.0,0,-0.032014044737501024,21.0320140447375,20.5,21.5
2827.0,20.85037737572429,21.050737630116792,7.852765999957668,21.0,0,-0.05073763011679233,21.050737630116792,20.5,21.5
2828.0,20.847777853449134,21.073963892999785,7.851615227811243,21.0,0,-0.07396389299978523,21.073963892999785,20.5,21.5
2829.0,20.845178620924006,21.064785577514375,7.850464656556291,21.0,0,-0.06478557751437464,21.064785577514375,20.5,21.5
2830.0,20.842579678131134,21.072755610362968,7.849314287750517,21.0,0,-0.07275561036296807,21.072755610362968,20.5,21.5
2831.0,20.839981025053056,21.1047540037553,7.8481641229513555,21.0,0,-0.10475400375529986,21.1047540037553,20.5,21.5
2832.0,20.837382661672635,21.019539440951554,7.847014163715961,21.0,0,-0.019539440951554354,21.019539440951554,20.5,21.5
2833.0,20.834784587973044,21.016321047802684,7.845864411601215,21.0,0,-0.016321047802684063,21.016321047802684,20.5,21.5
2834.0,20.83218680393777,21.004975199148458,7.844714868163712,21.0,0,-0.004975199148457676,21.004975199148458,20.5,21.5
2835.0,20.829589309550617,21.05638448118756,7.843565534959769,21.0,0,-0.05638448118756045,21.05638448118756,20.5,21.5
2836.0,20.8269921047957,21.136025329486635,7.842416413545416,21.0,0,-0.13602532948663537,21.136025329486635,20.5,21.5
2837.0,20.82439518965745,21.15836654676358,7.841267505476396,21.0,0,-0.15836654676358108,21.15836654676358,20.5,21.5
2838.0,20.821798564120616,21.1335031419995,7.840118812308165,21.0,0,-0.1335031419995012,21.1335031419995,20.5,21.5
2839.0,20.819202228170255,21.09188959056397,7.838970335595887,21.0,0,-0.09188959056396939,21.09188959056397,20.5,21.5
2840.0,20.81660618179174,21.139328190001414,7.837822076894433,21.0,0,-0.1393281900014145,21.139328190001414,20.5,21.5
2841.0,20.81401042497076,21.062478712423562,7.836674037758378,21.0,0,-0.0624787124235624,21.062478712423562,20.5,21.5
2842.0,20.81141495769332,21.061385806824404,7.835526219742001,21.0,0,-0.0613858068244042,21.061385806824404,20.5,21.5
2843.0,20.80881977994573,21.154106728836076,7.834378624399282,21.0,0,-0.15410672883607646,21.154106728836076,20.5,21.5
2844.0,20.80622489171462,21.2451067438111,7.833231253283898,21.0,0,-0.24510674381109965,21.2451067438111,20.5,21.5
2845.0,20.803630292986934,21.148411665388522,7.832084107949223,21.0,0,-0.14841166538852235,21.148411665388522,20.5,21.5
2846.0,20.801035983749927,21.151882231783954,7.830937189948326,21.0,0,-0.15188223178395432,21.151882231783954,20.5,21.5
2847.0,20.798441963991166,21.083758719805765,7.829790500833967,21.0,0,-0.08375871980576477,21.083758719805765,20.5,21.5
2848.0,20.795848233698536,20.978534743884918,7.828644042158598,21.0,0,0.0214652561150821,20.978534743884918,20.5,21.5
2849.0,20.79325479286023,20.91572849440499,7.8274978154743575,21.0,0,0.08427150559500873,20.91572849440499,20.5,21.5
2850.0,20.79066164146475,20.937374072283088,7.82635182233307,21.0,0,0.06262592771691189,20.937374072283088,20.5,21.5
2851.0,20.788068779500925,20.980839904138584,7.8252060642862435,21.0,0,0.019160095861415982,20.980839904138584,20.5,21.5
2852.0,20.78547620695788,20.980049266690173,7.82406054288507,21.0,0,0.019950733309826774,20.980049266690173,20.5,21.5
2853.0,20.782883923825068,20.999435533113093,7.822915259680417,21.0,0,0.0005644668869067004,20.999435533113093,20.5,21.5
2854.0,20.78029193009224,21.033347830106038,7.821770216222833,21.0,0,-0.033347830106038145,21.033347830106038,20.5,21.5
2855.0,20.777700225749467,21.14429530218946,7.820625414062543,21.0,0,-0.14429530218945885,21.14429530218946,20.5,21.5
2856.0,20.775108810787128,21.073466981558116,7.8194808547494405,21.0,0,-0.07346698155811637,21.073466981558116,20.5,21.5
2857.0,20.77251768519592,21.213270814999017,7.818336539833093,21.0,0,-0.21327081499901723,21.213270814999017,20.5,21.5
2858.0,20.769926848966847,21.110803573652298,7.8171924708627385,21.0,0,-0.11080357365229787,21.110803573652298,20.5,21.5
2859.0,20.767336302091227,20.995253626004715,7.81604864938728,21.0,0,0.0047463739952853246,20.995253626004715,20.5,21.5
2860.0,20.764746044560685,20.847127660867315,7.814905076955285,21.0,0,0.15287233913268494,20.847127660867315,20.5,21.5
2861.0,20.762156076367162,20.900728693923465,7.813761755114987,21.0,0,0.09927130607653467,20.900728693923465,20.5,21.5
2862.0,20.759566397502912,20.857763520186733,7.812618685414276,21.0,0,0.14223647981326693,20.857763520186733,20.5,21.5
2863.0,20.756977007960494,20.95698385653713,7.811475869400703,21.0,0,0.043016143462871526,20.95698385653713,20.5,21.5
2864.0,20.75438790773278,21.01957104146964,7.810333308621475,21.0,0,-0.019571041469639283,21.01957104146964,20.5,21.5
2865.0,20.75179909681296,20.94736187671566,7.809191004623456,21.0,0,0.052638123284339144,20.94736187671566,20.5,21.5
2866.0,20.74921057519452,20.833381252505504,7.808048958953157,21.0,0,0.16661874749449623,20.833381252505504,20.5,21.5
2867.0,20.746622342871273,20.837049269433646,7.806907173156744,21.0,0,0.16295073056635445,20.837049269433646,20.5,21.5
2868.0,20.74403439983733,20.759540711982297,7.805765648780028,21.0,0,0.24045928801770344,20.759540711982297,20.5,21.5
2869.0,20.741446746087117,20.708508950280176,7.804624387368469,21.0,0,0.29149104971982354,20.708508950280176,20.5,21.5
2870.0,20.738859381615374,20.754501971786397,7.80348339046717,21.0,0,0.24549802821360345,20.754501971786397,20.5,21.5
2871.0,20.736272306417145,20.80049499329262,7.802342659620874,21.0,0,0.1995050067073798,20.80049499329262,20.5,21.5
2872.0,20.733685520487786,20.74265272856261,7.801202196373966,21.0,0,0.2573472714373892,20.74265272856261,20.5,21.5
2873.0,20.731099023822964,20.784862917708956,7.800062002270467,21.0,0,0.21513708229104367,20.784862917708956,20.5,21.5
2874.0,20.728512816418654,20.787847154322982,7.798922078854035,21.0,0,0.21215284567701787,20.787847154322982,20.5,21.5
2875.0,20.72592689827114,20.80423132582196,7.797782427667962,21.0,0,0.19576867417804067,20.80423132582196,20.5,21.5
2876.0,20.72334126937702,20.845414942791837,7.796643050255169,21.0,0,0.15458505720816262,20.845414942791837,20.5,21.5
2877.0,20.720755929733194,20.858006180842143,7.79550394815821,21.0,0,0.14199381915785736,20.858006180842143,20.5,21.5
2878.0,20.718170879336878,20.861324704483813,7.794365122919262,21.0,0,0.13867529551618674,20.861324704483813,20.5,21.5
2879.0,20.715586118185595,20.891824017864398,7.79322657608013,21.0,0,0.10817598213560231,20.891824017864398,20.5,21.5
2880.0,20.713001646277174,20.859498508266523,7.79208830918224,21.0,0,0.14050149173347748,20.859498508266523,20.5,21.5
2881.0,20.710417463609755,20.899104512665353,7.790950323766643,21.0,0,0.10089548733464682,20.899104512665353,20.5,21.5
2882.0,20.707833570181787,20.86221696391703,7.789812621374006,21.0,0,0.13778303608296838,20.86221696391703,20.5,21.5
2883.0,20.705249965992024,20.873756441898177,7.788675203544612,21.0,0,0.12624355810182308,20.873756441898177,20.5,21.5
2884.0,20.702666651039536,20.921915206611253,7.787538071818359,21.0,0,0.07808479338874719,20.921915206611253,20.5,21.5
2885.0,20.700083625323693,20.901230682090993,7.78640122773476,21.0,0,0.09876931790900656,20.901230682090993,20.5,21.5
2886.0,20.697500888844175,20.80051949954838,7.785264672832937,21.0,0,0.1994805004516209,20.80051949954838,20.5,21.5
2887.0,20.694918441600972,20.80281017056854,7.78412840865162,21.0,0,0.19718982943145846,20.80281017056854,20.5,21.5
2888.0,20.692336283594383,20.82885846063622,7.782992436729147,21.0,0,0.17114153936378074,20.82885846063622,20.5,21.5
2889.0,20.68975441482501,20.780340430396222,7.781856758603458,21.0,0,0.21965956960377753,20.780340430396222,20.5,21.5
2890.0,20.687172835293765,20.804922682574894,7.780721375812097,21.0,0,0.19507731742510614,20.804922682574894,20.5,21.5
2891.0,20.68459154500187,20.820886908639608,7.779586289892208,21.0,0,0.17911309136039222,20.820886908639608,20.5,21.5
2892.0,20.682010543950845,20.718712549405954,7.778451502380532,21.0,0,0.28128745059404636,20.718712549405954,20.5,21.5
2893.0,20.67942983214253,20.710321128930975,7.777317014813409,21.0,0,0.28967887106902523,20.710321128930975,20.5,21.5
2894.0,20.676849409579066,20.64234611192576,7.776182828726769,21.0,0,0.35765388807423903,20.64234611192576,20.5,21.5
2895.0,20.674269276262898,20.615217783891023,7.775048945656135,21.0,0,0.38478221610897734,20.615217783891023,20.5,21.5
2896.0,20.671689432196775,20.625994835993474,7.773915367136621,21.0,0,0.37400516400652606,20.625994835993474,20.5,21.5
2897.0,20.669109877383764,20.70650672537072,7.7727820947029285,21.0,0,0.2934932746292809,20.70650672537072,20.5,21.5
2898.0,20.666530611827227,20.675145485206357,7.771649129889344,21.0,0,0.3248545147936426,20.675145485206357,20.5,21.5
2899.0,20.66395163553084,20.864203679857905,7.770516474229738,21.0,0,0.13579632014209508,20.864203679857905,20.5,21.5
2900.0,20.661372948498578,21.005271072780555,7.76938412925756,21.0,0,-0.005271072780555386,21.005271072780555,20.5,21.5
2901.0,20.65879455073473,20.999878683450927,7.768252096505843,21.0,0,0.00012131654907321376,20.999878683450927,20.5,21.5
2902.0,20.656216442243885,21.055087051921976,7.767120377507194,21.0,0,-0.05508705192197638,21.055087051921976,20.5,21.5
2903.0,20.653638623030936,21.11140350506153,7.765988973793798,21.0,0,-0.1114035050615314,21.11140350506153,20.5,21.5
2904.0,20.651061093101088,21.0224811268832,7.76485788689741,21.0,0,-0.02248112688319992,21.0224811268832,20.5,21.5
2905.0,20.648483852459847,20.98815837375054,7.763727118349359,21.0,0,0.011841626249459836,20.98815837375054,20.5,21.5
2906.0,20.645906901113026,20.987754857437928,7.762596669680541,21.0,0,0.01224514256207243,20.987754857437928,20.5,21.5
2907.0,20.64333023906674,20.90190523310725,7.761466542421419,21.0,0,0.09809476689274987,20.90190523310725,20.5,21.5
2908.0,20.640753866327408,20.806055965494252,7.760336738102023,21.0,0,0.1939440345057477,20.806055965494252,20.5,21.5
2909.0,20.638177782901764,20.768111340688666,7.759207258251943,21.0,0,0.23188865931133407,20.768111340688666,20.5,21.5
2910.0,20.635601988796832,20.748944959832862,7.758078104400332,21.0,0,0.2510550401671381,20.748944959832862,20.5,21.5
2911.0,20.633026484019954,20.770964651118767,7.756949278075901,21.0,0,0.2290353488812329,20.770964651118767,20.5,21.5
2912.0,20.630451268578764,20.81218554383934,7.755820780806915,21.0,0,0.18781445616065895,20.81218554383934,20.5,21.5
2913.0,20.62787634248121,20.86369933011993,7.754692614121198,21.0,0,0.13630066988007172,20.86369933011993,20.5,21.5
2914.0,20.625301705735538,20.794936579234154,7.753564779546122,21.0,0,0.20506342076584616,20.794936579234154,20.5,21.5
2915.0,20.6227273583503,20.88780960476855,7.752437278608614,21.0,0,0.11219039523145113,20.88780960476855,20.5,21.5
2916.0,20.62015330033435,20.874996840155077,7.751310112835146,21.0,0,0.1250031598449226,20.874996840155077,20.5,21.5
2917.0,20.61757953169685,20.86756299035615,7.750183283751736,21.0,0,0.1324370096438514,20.86756299035615,20.5,21.5
2918.0,20.615006052447264,20.91072412605711,7.749056792883947,21.0,0,0.0892758739428885,20.91072412605711,20.5,21.5
2919.0,20.61243286259535,21.038191826502814,7.747930641756886,21.0,0,-0.03819182650281405,21.038191826502814,20.5,21.5
2920.0,20.609859962151184,20.900601064800053,7.746804831895198,21.0,0,0.09939893519994669,20.900601064800053,20.5,21.5
2921.0,20.607287351125134,20.984881640364748,7.745679364823067,21.0,0,0.015118359635252432,20.984881640364748,20.5,21.5
2922.0,20.604715029527874,21.058591314607067,7.7445542420642095,21.0,0,-0.058591314607067346,21.058591314607067,20.5,21.5
2923.0,20.602142997370382,21.04986206779614,7.743429465141881,21.0,0,-0.04986206779614122,21.04986206779614,20.5,21.5
2924.0,20.599571254663935,20.92929732865566,7.742305035578866,21.0,0,0.07070267134433905,20.92929732865566,20.5,21.5
2925.0,20.596999801420118,20.912572282397726,7.741180954897479,21.0,0,0.08742771760227441,20.912572282397726,20.5,21.5
2926.0,20.594428637650815,20.79958088058502,7.740057224619562,21.0,0,0.20041911941498114,20.79958088058502,20.5,21.5
2927.0,20.591857763368207,20.77933524235696,7.738933846266485,21.0,0,0.22066475764303917,20.77933524235696,20.5,21.5
2928.0,20.589287178584787,20.78386477647147,7.737810821359135,21.0,0,0.21613522352852854,20.78386477647147,20.5,21.5
2929.0,20.58671688331334,20.867261720572266,7.736688151417929,21.0,0,0.13273827942773408,20.867261720572266,20.5,21.5
2930.0,20.584146877566962,20.88600930232179,7.735565837962798,21.0,0,0.11399069767821146,20.88600930232179,20.5,21.5
2931.0,20.58157716135904,20.84371961428378,7.734443882513191,21.0,0,0.15628038571621872,20.84371961428378,20.5,21.5
2932.0,20.57900773470327,20.712454344140948,7.733322286588074,21.0,0,0.2875456558590521,20.712454344140948,20.5,21.5
2933.0,20.57643859761365,20.715866161686012,7.732201051705926,21.0,0,0.28413383831398775,20.715866161686012,20.5,21.5
2934.0,20.573869750104468,20.749922552688354,7.731080179384734,21.0,0,0.2500774473116465,20.749922552688354,20.5,21.5
2935.0,20.571301192190322,20.70123056764752,7.729959671142,21.0,0,0.2987694323524792,20.70123056764752,20.5,21.5
2936.0,20.568732923886113,20.7473244825635,7.728839528494726,21.0,0,0.25267551743650074,20.7473244825635,20.5,21.5
2937.0,20.566164945207035,20.944284787953656,7.727719752959426,21.0,0,0.05571521204634422,20.944284787953656,20.5,21.5
2938.0,20.563597256168585,20.850499818660857,7.726600346052112,21.0,0,0.14950018133914256,20.850499818660857,20.5,21.5
2939.0,20.56102985678656,20.781719087370696,7.725481309288299,21.0,0,0.2182809126293037,20.781719087370696,20.5,21.5
2940.0,20.558462747077062,20.847824996796923,7.724362644183001,21.0,0,0.15217500320307664,20.847824996796923,20.5,21.5
2941.0,20.555895927056483,20.933742993495482,7.723244352250728,21.0,0,0.06625700650451805,20.933742993495482,20.5,21.5
2942.0,20.55332939674152,20.764631311498754,7.722126435005485,21.0,0,0.23536868850124648,20.764631311498754,20.5,21.5
2943.0,20.550763156149173,20.838111141526248,7.7210088939607715,21.0,0,0.1618888584737519,20.838111141526248,20.5,21.5
2944.0,20.548197205296734,20.903421718743935,7.719891730629573,21.0,0,0.09657828125606471,20.903421718743935,20.5,21.5
2945.0,20.5456315442018,20.852880284107577,7.71877494652437,21.0,0,0.14711971589242268,20.852880284107577,20.5,21.5
2946.0,20.543066172882266,20.78550649461804,7.717658543157124,21.0,0,0.21449350538195944,20.78550649461804,20.5,21.5
2947.0,20.540501091356322,20.820106511500434,7.716542522039284,21.0,0,0.179893488499566,20.820106511500434,20.5,21.5
2948.0,20.53793629964246,20.74893066910017,7.715426884681781,21.0,0,0.2510693308998313,20.74893066910017,20.5,21.5
2949.0,20.535371797759467,20.7050176001857,7.7143116325950265,21.0,0,0.29498239981430174,20.7050176001857,20.5,21.5
2950.0,20.532807585726434,20.79333155604445,7.71319676728891,21.0,0,0.20666844395555017,20.79333155604445,20.5,21.5
2951.0,20.530243663562747,20.807227481049257,7.7120822902727975,21.0,0,0.19277251895074343,20.807227481049257,20.5,21.5
2952.0,20.52768003128809,20.775428823853037,7.710968203055528,21.0,0,0.22457117614696287,20.775428823853037,20.5,21.5
2953.0,20.52511668892244,20.751839502219195,7.709854507145417,21.0,0,0.2481604977808054,20.751839502219195,20.5,21.5
2954.0,20.522553636486087,20.681610154304046,7.708741204050245,21.0,0,0.31838984569595397,20.681610154304046,20.5,21.5
2955.0,20.5199908739996,20.622104760993114,7.707628295277264,21.0,0,0.37789523900688593,20.622104760993114,20.5,21.5
2956.0,20.517428401483855,20.563804812575363,7.70651578233319,21.0,0,0.43619518742463725,20.563804812575363,20.5,21.5
2957.0,20.514866218960023,20.585288347820715,7.705403666724205,21.0,0,0.4147116521792853,20.585288347820715,20.5,21.5
2958.0,20.512304326449577,20.63413825914554,7.7042919499559535,21.0,0,0.3658617408544593,20.63413825914554,20.5,21.5
2959.0,20.509742723974277,20.773367380384318,7.703180633533536,21.0,0,0.22663261961568182,20.773367380384318,20.5,21.5
2960.0,20.50718141155619,20.823312267036293,7.702069718961519,21.0,0,0.17668773296370688,20.823312267036293,20.5,21.5
2961.0,20.50462038921767,20.852276720950925,7.700959207743914,21.0,0,0.14772327904907456,20.852276720950925,20.5,21.5
2962.0,20.502059656981377,20.88845571056185,7.699849101384195,21.0,0,0.1115442894381502,20.88845571056185,20.5,21.5
2963.0,20.49949921487026,20.920563713786493,7.698739401385284,21.0,0,0.0794362862135074,20.920563713786493,20.5,21.5
2964.0,20.49693906290756,20.83364215950728,7.697630109249555,21.0,0,0.16635784049271862,20.83364215950728,20.5,21.5
2965.0,20.49437920111683,20.759653674768632,7.69652122647883,21.0,0,0.24034632523136779,20.759653674768632,20.5,21.5
2966.0,20.4918196295219,20.806513740687997,7.695412754574373,21.0,0,0.19348625931200303,20.806513740687997,20.5,21.5
2967.0,20.48926034814691,20.786950806719656,7.6943046950368945,21.0,0,0.21304919328034444,20.786950806719656,20.5,21.5
2968.0,20.486701357016287,20.76672616668146,7.693197049366548,21.0,0,0.23327383331853824,20.76672616668146,20.5,21.5
2969.0,20.484142656154756,20.755791552924066,7.692089819062923,21.0,0,0.24420844707593403,20.755791552924066,20.5,21.5
2970.0,20.48158424558734,20.762908107264376,7.6909830056250525,21.0,0,0.2370918927356236,20.762908107264376,20.5,21.5
2971.0,20.479026125339345,20.79263158031779,7.689876610551399,21.0,0,0.20736841968221142,20.79263158031779,20.5,21.5
2972.0,20.476468295436387,20.778604789502523,7.688770635339861,21.0,0,0.22139521049747657,20.778604789502523,20.5,21.5
2973.0,20.473910755904367,20.814822511141834,7.687665081487768,21.0,0,0.18517748885816587,20.814822511141834,20.5,21.5
2974.0,20.471353506769482,20.850675943616437,7.686559950491881,21.0,0,0.14932405638356272,20.850675943616437,20.5,21.5
2975.0,20.468796548058226,20.84385493020533,7.685455243848386,21.0,0,0.15614506979466825,20.84385493020533,20.5,21.5
2976.0,20.466239879797385,20.679773251999876,7.684350963052898,21.0,0,0.32022674800012396,20.679773251999876,20.5,21.5
2977.0,20.463683502014035,20.720842793272162,7.683247109600451,21.0,0,0.27915720672783806,20.720842793272162,20.5,21.5
2978.0,20.461127414735554,20.627786632620314,7.682143684985502,21.0,0,0.37221336737968613,20.627786632620314,20.5,21.5
2979.0,20.458571617989605,20.493598353100495,7.68104069070193,21.0,1,0.506401646899505,20.493598353100495,20.5,21.5
2980.0,20.46101611180415,20.539190886456353,7.679938128243029,21.0,1,0.46080911354364673,20.539190886456353,20.5,21.5
2981.0,20.463459896207436,20.562016305661288,7.678835999101507,21.0,1,0.43798369433871187,20.562016305661288,20.5,21.5
2982.0,20.465902971428015,20.475120193991096,7.67773430476949,21.0,1,0.5248798060089044,20.475120193991096,20.5,21.5
2983.0,20.468345337694682,20.39518296880362,7.676633046738509,21.0,1,0.6048170311963794,20.39518296880362,20.5,21.5
2984.0,20.47078699523649,20.519048322871765,7.675532226499509,21.0,1,0.4809516771282354,20.519048322871765,20.5,21.5
2985.0,20.473227944282744,20.533335319430712,7.674431845542843,21.0,1,0.4666646805692878,20.533335319430712,20.5,21.5
2986.0,20.475668185062997,20.603295767324788,7.673331905358266,21.0,1,0.39670423267521215,20.603295767324788,20.5,21.5
2987.0,20.478107717807056,20.678485581903622,7.6722324074349375,21.0,1,0.3215144180963776,20.678485581903622,20.5,21.5
2988.0,20.48054654274498,20.77186201736535,7.671133353261417,21.0,1,0.22813798263464946,20.77186201736535,20.5,21.5
2989.0,20.482984660107086,20.75973101456591,7.670034744325666,21.0,1,0.24026898543408848,20.75973101456591,20.5,21.5
2990.0,20.485422070123928,20.681491165283017,7.668936582115042,21.0,1,0.3185088347169831,20.681491165283017,20.5,21.5
2991.0,20.487858773026325,20.609989614148482,7.667838868116297,21.0,1,0.39001038585151804,20.609989614148482,20.5,21.5
2992.0,20.49029476904534,20.61591022195489,7.666741603815576,21.0,1,0.3840897780451087,20.61591022195489,20.5,21.5
2993.0,20.492730058412295,20.636066632727847,7.665644790698417,21.0,1,0.3639333672721534,20.636066632727847,20.5,21.5
2994.0,20.495164641358752,20.663262724350528,7.664548430249745,21.0,1,0.3367372756494724,20.663262724350528,20.5,21.5
2995.0,20.49759851811653,20.666884578070377,7.6634525239538736,21.0,1,0.33311542192962307,20.666884578070377,20.5,21.5
2996.0,20.500031688917698,20.728066750960004,7.662357073294501,21.0,1,0.2719332490399964,20.728066750960004,20.5,21.5
2997.0,20.502464153994573,20.676925687203,7.661262079754708,21.0,1,0.32307431279700083,20.676925687203,20.5,21.5
2998.0,20.504895913579727,20.757687032750272,7.660167544816959,21.0,1,0.2423129672497275,20.757687032750272,20.5,21.5
2999.0,20.507326967905975,20.754578037498092,7.659073469963094,21.0,1,0.24542196250190784,20.754578037498092,20.5,21.5
